{
<<<<<<< Updated upstream
    "offsetX": -181521.96498054476,
    "offsetY": -41432.74853801169
}
=======
    "offsetX": -39756.6265060241,
    "offsetY": -45151.675485008825
}
>>>>>>> Stashed changes
