{
    "offsetX": -61254.216867469884,
    "offsetY": -52858.9065255732
}