{
    "offsetX": -29035.01945525292,
    "offsetY": -22150.584795321636
}