{
    "offsetX": -181521.96498054476,
    "offsetY": -41432.74853801169
}
