{
    "offsetX": -119968.87159533074,
    "offsetY": -99757.30994152046
}