{
    "offsetX": -8457.414092166335,
    "offsetY": 124.61709830130712
}