{
    "offsetX": -19185.185185185186,
    "offsetY": -10117.64705882353
}