{
    "offsetX": 99996.43253012048,
    "offsetY": 59991.20282186949
}