{
    "offsetX": -34556.9564688716,
    "offsetY": -22239.022295321636
}