{
    "offsetX": -2201.2048192771085,
    "offsetY": -2881.8342151675483
}