timestamp;datetime;focus_value;focus_metric;is_locked;lock_position;current_position;pi_output;crop_size;crop_center;error;integral_term;derivative_term;step_size_um;travel_used_um
1788432840.416058;2026-09-03 12:54:00.416;211.43470889099186;peak;False;;0.0;;640;[320, 100];;;;;0.0
1788432840.485211;2026-09-03 12:54:00.485;211.26854146679457;peak;False;;0.0;;640;[320, 100];;;;;0.0
1788432840.556095;2026-09-03 12:54:00.556;211.49827006984665;peak;False;;0.0;;640;[320, 100];;;;;0.0
1788432840.627213;2026-09-03 12:54:00.627;211.26373296578709;peak;False;;0.0;;640;[320, 100];;;;;0.0
1788432840.695934;2026-09-03 12:54:00.695;211.34852378321023;peak;False;;0.0;;640;[320, 100];;;;;0.0
1788432840.766098;2026-09-03 12:54:00.766;211.34115033211083;peak;False;;0.0;;640;[320, 100];;;;;0.0
1788432840.835447;2026-09-03 12:54:00.835;211.2969645392928;peak;False;;0.0;;640;[320, 100];;;;;0.0
1788432840.9072099;2026-09-03 12:54:00.907;211.32675722229837;peak;False;;0.0;;640;[320, 100];;;;;0.0
1788432840.976789;2026-09-03 12:54:00.976;211.54230005161978;peak;False;;0.0;;640;[320, 100];;;;;0.0
1788432841.0571241;2026-09-03 12:54:01.057;211.30485843565094;peak;False;;0.0;;640;[320, 100];;;;;0.0
1788432841.117076;2026-09-03 12:54:01.117;211.55584591352277;peak;False;;0.0;;640;[320, 100];;;;;0.0
1788432841.190204;2026-09-03 12:54:01.190;211.50995328113905;peak;False;;0.0;;640;[320, 100];;;;;0.0
1788432841.38901;2026-09-03 12:54:01.389;211.49578689694195;peak;False;;0.0;;640;[320, 100];;;;;0.0
1788432841.459011;2026-09-03 12:54:01.459;211.5801821446099;peak;False;;0.0;;640;[320, 100];;;;;0.0
1788432841.528136;2026-09-03 12:54:01.528;211.40836170971272;peak;False;;0.0;;640;[320, 100];;;;;0.0
1788432841.598012;2026-09-03 12:54:01.598;211.42715373147072;peak;False;;0.0;;640;[320, 100];;;;;0.0
1788432841.669508;2026-09-03 12:54:01.669;211.53272071348616;peak;False;;0.0;;640;[320, 100];;;;;0.0
1788432841.739826;2026-09-03 12:54:01.739;211.42553408527877;peak;False;;0.0;;640;[320, 100];;;;;0.0
1788432841.819584;2026-09-03 12:54:01.819;211.4125782131575;peak;False;;0.0;;640;[320, 100];;;;;0.0
1788432841.888154;2026-09-03 12:54:01.888;211.32948925641017;peak;False;;0.0;;640;[320, 100];;;;;0.0
1788432841.9585931;2026-09-03 12:54:01.958;211.54303583190412;peak;False;;0.0;;640;[320, 100];;;;;0.0
1788432842.034996;2026-09-03 12:54:02.034;211.50844561014242;peak;False;;0.0;;640;[320, 100];;;;;0.0
1788432842.1080031;2026-09-03 12:54:02.108;211.6225609317483;peak;False;;0.0;;640;[320, 100];;;;;0.0
1788432842.178354;2026-09-03 12:54:02.178;211.340364285571;peak;False;;0.0;;640;[320, 100];;;;;0.0
1788432842.2490509;2026-09-03 12:54:02.249;211.4934048520037;peak;False;;0.0;;640;[320, 100];;;;;0.0
1788432842.318196;2026-09-03 12:54:02.318;211.41427945627356;peak;False;;0.0;;640;[320, 100];;;;;0.0
1788432842.3889558;2026-09-03 12:54:02.388;211.41145959320207;peak;False;;0.0;;640;[320, 100];;;;;0.0
1788432842.458652;2026-09-03 12:54:02.458;211.22776590266167;peak;False;;0.0;;640;[320, 100];;;;;0.0
1788432842.5290098;2026-09-03 12:54:02.529;211.36379425046675;peak;False;;0.0;;640;[320, 100];;;;;0.0
1788432842.599207;2026-09-03 12:54:02.599;211.32468539318873;peak;False;;0.0;;640;[320, 100];;;;;0.0
1788432842.667781;2026-09-03 12:54:02.667;211.68173981484952;peak;False;;0.0;;640;[320, 100];;;;;0.0
1788432842.738251;2026-09-03 12:54:02.738;211.60376693241201;peak;False;;0.0;;640;[320, 100];;;;;0.0
1788432842.8090482;2026-09-03 12:54:02.809;211.67004830597762;peak;False;;0.0;;640;[320, 100];;;;;0.0
1788432842.878877;2026-09-03 12:54:02.878;211.55021048779764;peak;False;;0.0;;640;[320, 100];;;;;0.0
1788432842.94833;2026-09-03 12:54:02.948;211.47482412078165;peak;False;;0.0;;640;[320, 100];;;;;0.0
1788432843.019052;2026-09-03 12:54:03.019;211.53873498331052;peak;False;;0.0;;640;[320, 100];;;;;0.0
1788432843.0891771;2026-09-03 12:54:03.089;211.70381974142526;peak;False;;0.0;;640;[320, 100];;;;;0.0
1788432843.157822;2026-09-03 12:54:03.157;211.47984363814828;peak;False;;0.0;;640;[320, 100];;;;;0.0
1788432843.2292109;2026-09-03 12:54:03.229;211.267198457223;peak;False;;0.0;;640;[320, 100];;;;;0.0
1788432843.2981398;2026-09-03 12:54:03.298;211.62042063271645;peak;False;;0.0;;640;[320, 100];;;;;0.0
1788432843.3714821;2026-09-03 12:54:03.371;211.3286645827031;peak;False;;0.0;;640;[320, 100];;;;;0.0
1788432843.457828;2026-09-03 12:54:03.457;211.4945247079609;peak;False;;0.0;;640;[320, 100];;;;;0.0
1788432843.528815;2026-09-03 12:54:03.528;211.47344738953;peak;False;;0.0;;640;[320, 100];;;;;0.0
1788432843.5999732;2026-09-03 12:54:03.599;211.59022345488356;peak;False;;0.0;;640;[320, 100];;;;;0.0
1788432843.667764;2026-09-03 12:54:03.667;211.42631327854176;peak;False;;0.0;;640;[320, 100];;;;;0.0
1788432843.74881;2026-09-03 12:54:03.748;211.43573566101117;peak;False;;0.0;;640;[320, 100];;;;;0.0
1788432843.818254;2026-09-03 12:54:03.818;211.42492989287229;peak;False;;0.0;;640;[320, 100];;;;;0.0
1788432843.8879309;2026-09-03 12:54:03.887;211.6257839322835;peak;False;;0.0;;640;[320, 100];;;;;0.0
1788432843.957441;2026-09-03 12:54:03.957;211.5100706548597;peak;False;;0.0;;640;[320, 100];;;;;0.0
1788432844.0288682;2026-09-03 12:54:04.028;211.56802121870535;peak;False;;0.0;;640;[320, 100];;;;;0.0
1788432844.098722;2026-09-03 12:54:04.098;211.71109041607983;peak;False;;0.0;;640;[320, 100];;;;;0.0
1788432844.168726;2026-09-03 12:54:04.168;193.63473039718482;peak;False;;-6.0;;640;[320, 100];;;;;0.0
1788432844.238941;2026-09-03 12:54:04.238;193.8095715977889;peak;False;;-6.0;;640;[320, 100];;;;;0.0
1788432844.308162;2026-09-03 12:54:04.308;193.89206024945693;peak;False;;-6.0;;640;[320, 100];;;;;0.0
1788432844.377423;2026-09-03 12:54:04.377;193.8412637249441;peak;False;;-6.0;;640;[320, 100];;;;;0.0
1788432844.448425;2026-09-03 12:54:04.448;193.780806386608;peak;False;;-6.0;;640;[320, 100];;;;;0.0
1788432844.5193348;2026-09-03 12:54:04.519;193.55470562015066;peak;False;;-6.0;;640;[320, 100];;;;;0.0
1788432844.590571;2026-09-03 12:54:04.590;193.93763955581113;peak;False;;-6.0;;640;[320, 100];;;;;0.0
1788432844.662213;2026-09-03 12:54:04.662;193.9468059890175;peak;False;;-6.0;;640;[320, 100];;;;;0.0
1788432844.728086;2026-09-03 12:54:04.728;202.8364060725268;peak;False;;-3.0;;640;[320, 100];;;;;0.0
1788432844.7993972;2026-09-03 12:54:04.799;202.68879329287876;peak;False;;-3.0;;640;[320, 100];;;;;0.0
1788432844.878677;2026-09-03 12:54:04.878;202.49911649581966;peak;False;;-3.0;;640;[320, 100];;;;;0.0
1788432844.940483;2026-09-03 12:54:04.940;202.67545611164374;peak;False;;-3.0;;640;[320, 100];;;;;0.0
1788432845.009166;2026-09-03 12:54:05.009;202.58949766367905;peak;False;;-3.0;;640;[320, 100];;;;;0.0
1788432845.077634;2026-09-03 12:54:05.077;202.6787345542017;peak;False;;-3.0;;640;[320, 100];;;;;0.0
1788432845.148221;2026-09-03 12:54:05.148;202.5317470152588;peak;False;;-3.0;;640;[320, 100];;;;;0.0
1788432845.218805;2026-09-03 12:54:05.218;202.6190982313645;peak;False;;0.0;;640;[320, 100];;;;;0.0
1788432845.287601;2026-09-03 12:54:05.287;211.794610559991;peak;False;;0.0;;640;[320, 100];;;;;0.0
1788432845.37301;2026-09-03 12:54:05.373;211.62454096368222;peak;False;;0.0;;640;[320, 100];;;;;0.0
1788432845.4493399;2026-09-03 12:54:05.449;211.72195730455837;peak;False;;0.0;;640;[320, 100];;;;;0.0
1788432845.5196722;2026-09-03 12:54:05.519;211.75525253331205;peak;False;;0.0;;640;[320, 100];;;;;0.0
1788432845.5919092;2026-09-03 12:54:05.591;211.65494224549514;peak;False;;0.0;;640;[320, 100];;;;;0.0
1788432845.6695309;2026-09-03 12:54:05.669;211.83745846962165;peak;False;;0.0;;640;[320, 100];;;;;0.0
1788432845.778599;2026-09-03 12:54:05.778;211.73808857852325;peak;False;;0.0;;640;[320, 100];;;;;0.0
1788432845.8591769;2026-09-03 12:54:05.859;220.73104958524203;peak;False;;3.0;;640;[320, 100];;;;;0.0
1788432845.929348;2026-09-03 12:54:05.929;220.65549636628782;peak;False;;3.0;;640;[320, 100];;;;;0.0
1788432845.998132;2026-09-03 12:54:05.998;220.62644504829595;peak;False;;3.0;;640;[320, 100];;;;;0.0
1788432846.069482;2026-09-03 12:54:06.069;220.46504228670065;peak;False;;3.0;;640;[320, 100];;;;;0.0
1788432846.138886;2026-09-03 12:54:06.138;220.65346509592925;peak;False;;3.0;;640;[320, 100];;;;;0.0
1788432846.209623;2026-09-03 12:54:06.209;220.61936354473357;peak;False;;3.0;;640;[320, 100];;;;;0.0
1788432846.2797089;2026-09-03 12:54:06.279;220.73020909257346;peak;False;;3.0;;640;[320, 100];;;;;0.0
1788432846.348655;2026-09-03 12:54:06.348;220.68373438466702;peak;False;;3.0;;640;[320, 100];;;;;0.0
1788432846.419061;2026-09-03 12:54:06.419;229.30949125554912;peak;False;;6.0;;640;[320, 100];;;;;0.0
1788432846.488222;2026-09-03 12:54:06.488;229.1040249400032;peak;False;;6.0;;640;[320, 100];;;;;0.0
1788432846.559354;2026-09-03 12:54:06.559;229.31792751240175;peak;False;;6.0;;640;[320, 100];;;;;0.0
1788432846.6286101;2026-09-03 12:54:06.628;229.094936409253;peak;False;;6.0;;640;[320, 100];;;;;0.0
1788432846.6991382;2026-09-03 12:54:06.699;229.3329163090734;peak;False;;6.0;;640;[320, 100];;;;;0.0
1788432846.769658;2026-09-03 12:54:06.769;229.46356841017936;peak;False;;6.0;;640;[320, 100];;;;;0.0
1788432846.839937;2026-09-03 12:54:06.839;229.17828485153498;peak;False;;6.0;;640;[320, 100];;;;;0.0
1788432846.9193332;2026-09-03 12:54:06.919;229.0510342426173;peak;False;;0.0;;640;[320, 100];;;;;0.0
1788432846.990987;2026-09-03 12:54:06.990;211.77574648132227;peak;False;;0.0;;640;[320, 100];;;;;0.0
1788432847.059453;2026-09-03 12:54:07.059;211.76454246180248;peak;False;;0.0;;640;[320, 100];;;;;0.0
1788432847.1296582;2026-09-03 12:54:07.129;211.8068474051123;peak;False;;0.0;;640;[320, 100];;;;;0.0
1788432847.1993651;2026-09-03 12:54:07.199;211.8325887955092;peak;False;;0.0;;640;[320, 100];;;;;0.0
1788432847.268676;2026-09-03 12:54:07.268;211.57570867769996;peak;False;;0.0;;640;[320, 100];;;;;0.0
1788432847.339348;2026-09-03 12:54:07.339;211.87609298424601;peak;False;;0.0;;640;[320, 100];;;;;0.0
1788432847.410062;2026-09-03 12:54:07.410;211.64424967507583;peak;False;;0.0;;640;[320, 100];;;;;0.0
1788432847.4899268;2026-09-03 12:54:07.489;196.78327540097715;peak;False;;-5.0;;640;[320, 100];;;;;0.0
1788432847.560162;2026-09-03 12:54:07.560;196.7296033883749;peak;False;;-5.0;;640;[320, 100];;;;;0.0
1788432847.630364;2026-09-03 12:54:07.630;196.93832088407567;peak;False;;-5.0;;640;[320, 100];;;;;0.0
1788432847.6986492;2026-09-03 12:54:07.698;196.86615693740194;peak;False;;-5.0;;640;[320, 100];;;;;0.0
1788432847.76861;2026-09-03 12:54:07.768;196.91722893228845;peak;False;;-5.0;;640;[320, 100];;;;;0.0
1788432847.860449;2026-09-03 12:54:07.860;199.95216854428722;peak;False;;-4.0;;640;[320, 100];;;;;0.0
1788432847.9730282;2026-09-03 12:54:07.973;199.83149455907116;peak;False;;-4.0;;640;[320, 100];;;;;0.0
1788432848.04113;2026-09-03 12:54:08.041;200.00253211899442;peak;False;;-4.0;;640;[320, 100];;;;;0.0
1788432848.112129;2026-09-03 12:54:08.112;199.6643812408727;peak;False;;-4.0;;640;[320, 100];;;;;0.0
1788432848.2113438;2026-09-03 12:54:08.211;202.7967086275071;peak;False;;-3.0;;640;[320, 100];;;;;0.0
1788432848.2814028;2026-09-03 12:54:08.281;202.8103515780773;peak;False;;-3.0;;640;[320, 100];;;;;0.0
1788432848.3522391;2026-09-03 12:54:08.352;202.9153169144294;peak;False;;-3.0;;640;[320, 100];;;;;0.0
1788432848.4214551;2026-09-03 12:54:08.421;202.88171084674397;peak;False;;-3.0;;640;[320, 100];;;;;0.0
1788432848.492998;2026-09-03 12:54:08.492;202.94725729285875;peak;False;;-3.0;;640;[320, 100];;;;;0.0
1788432848.570545;2026-09-03 12:54:08.570;206.00202900509632;peak;False;;-2.0;;640;[320, 100];;;;;0.0
1788432848.643308;2026-09-03 12:54:08.643;205.83363272591185;peak;False;;-2.0;;640;[320, 100];;;;;0.0
1788432848.712658;2026-09-03 12:54:08.712;205.8153287158288;peak;False;;-2.0;;640;[320, 100];;;;;0.0
1788432848.782772;2026-09-03 12:54:08.782;205.9709928113464;peak;False;;-2.0;;640;[320, 100];;;;;0.0
1788432848.851072;2026-09-03 12:54:08.851;205.71030244989862;peak;False;;-2.0;;640;[320, 100];;;;;0.0
1788432848.931964;2026-09-03 12:54:08.931;208.9311391139828;peak;False;;-1.0;;640;[320, 100];;;;;0.0
1788432849.0015512;2026-09-03 12:54:09.001;208.8988482829658;peak;False;;-1.0;;640;[320, 100];;;;;0.0
1788432849.07107;2026-09-03 12:54:09.071;208.72084922706284;peak;False;;-1.0;;640;[320, 100];;;;;0.0
1788432849.1419551;2026-09-03 12:54:09.141;208.85419661500688;peak;False;;-1.0;;640;[320, 100];;;;;0.0
1788432849.2132502;2026-09-03 12:54:09.213;208.76667047614464;peak;False;;-1.0;;640;[320, 100];;;;;0.0
1788432849.293031;2026-09-03 12:54:09.293;211.79573541900504;peak;False;;0.0;;640;[320, 100];;;;;0.0
1788432849.3724658;2026-09-03 12:54:09.372;211.83913662377844;peak;False;;0.0;;640;[320, 100];;;;;0.0
1788432849.441982;2026-09-03 12:54:09.441;211.8720697458067;peak;False;;0.0;;640;[320, 100];;;;;0.0
1788432849.522012;2026-09-03 12:54:09.522;211.92365766736484;peak;False;;0.0;;640;[320, 100];;;;;0.0
1788432849.662292;2026-09-03 12:54:09.662;214.61456179403547;peak;False;;1.0;;640;[320, 100];;;;;0.0
1788432849.735242;2026-09-03 12:54:09.735;214.8115282775477;peak;False;;1.0;;640;[320, 100];;;;;0.0
1788432849.823605;2026-09-03 12:54:09.823;214.87920883820385;peak;False;;1.0;;640;[320, 100];;;;;0.0
1788432849.902147;2026-09-03 12:54:09.902;214.81686446704813;peak;False;;1.0;;640;[320, 100];;;;;0.0
1788432849.9876218;2026-09-03 12:54:09.987;214.79955104098954;peak;False;;1.0;;640;[320, 100];;;;;0.0
1788432850.229755;2026-09-03 12:54:10.229;217.95791586412975;peak;False;;2.0;;640;[320, 100];;;;;0.0
1788432850.300155;2026-09-03 12:54:10.300;217.89989608709416;peak;False;;2.0;;640;[320, 100];;;;;0.0
1788432850.378921;2026-09-03 12:54:10.378;218.04178821518929;peak;False;;2.0;;640;[320, 100];;;;;0.0
1788432850.469725;2026-09-03 12:54:10.469;218.12760616062323;peak;False;;2.0;;640;[320, 100];;;;;0.0
1788432850.540589;2026-09-03 12:54:10.540;218.0679638120005;peak;False;;2.0;;640;[320, 100];;;;;0.0
1788432850.620542;2026-09-03 12:54:10.620;221.05193639043114;peak;False;;3.0;;640;[320, 100];;;;;0.0
1788432850.690478;2026-09-03 12:54:10.690;220.92673722365393;peak;False;;3.0;;640;[320, 100];;;;;0.0
1788432850.759399;2026-09-03 12:54:10.759;220.85908748128367;peak;False;;3.0;;640;[320, 100];;;;;0.0
1788432850.82958;2026-09-03 12:54:10.829;220.70709352315174;peak;False;;3.0;;640;[320, 100];;;;;0.0
1788432850.9008708;2026-09-03 12:54:10.900;221.05953326825724;peak;False;;3.0;;640;[320, 100];;;;;0.0
1788432850.970507;2026-09-03 12:54:10.970;223.76205236619197;peak;False;;4.0;;640;[320, 100];;;;;0.0
1788432851.040336;2026-09-03 12:54:11.040;223.9204762068478;peak;False;;4.0;;640;[320, 100];;;;;0.0
1788432851.11022;2026-09-03 12:54:11.110;223.34240041275999;peak;False;;4.0;;640;[320, 100];;;;;0.0
1788432851.1802292;2026-09-03 12:54:11.180;223.7112186788155;peak;False;;4.0;;640;[320, 100];;;;;0.0
1788432851.249124;2026-09-03 12:54:11.249;224.08150437800197;peak;False;;4.0;;640;[320, 100];;;;;0.0
1788432851.329204;2026-09-03 12:54:11.329;226.52583053885985;peak;False;;5.0;;640;[320, 100];;;;;0.0
1788432851.4002712;2026-09-03 12:54:11.400;226.82323504446987;peak;False;;5.0;;640;[320, 100];;;;;0.0
1788432851.468812;2026-09-03 12:54:11.468;226.6600076939987;peak;False;;5.0;;640;[320, 100];;;;;0.0
1788432851.542201;2026-09-03 12:54:11.542;226.60671657009874;peak;False;;5.0;;640;[320, 100];;;;;0.0
1788432851.619694;2026-09-03 12:54:11.619;226.63157659802405;peak;False;;5.0;;640;[320, 100];;;;;0.0
1788432851.709023;2026-09-03 12:54:11.709;226.82496200775824;peak;False;;0.0;;640;[320, 100];;;;;0.0
1788432851.780257;2026-09-03 12:54:11.780;211.85284155279646;peak;False;;0.0;;640;[320, 100];;;;;0.0
1788432851.849514;2026-09-03 12:54:11.849;212.15572474424047;peak;False;;0.0;;640;[320, 100];;;;;0.0
1788432851.920426;2026-09-03 12:54:11.920;212.06874304749377;peak;False;;0.0;;640;[320, 100];;;;;0.0
1788432851.99949;2026-09-03 12:54:11.999;212.04649254174652;peak;False;;0.0;;640;[320, 100];;;;;0.0
1788432852.070498;2026-09-03 12:54:12.070;212.18360688023017;peak;False;;0.0;;640;[320, 100];;;;;0.0
1788432852.140435;2026-09-03 12:54:12.140;212.15676955211592;peak;False;;0.0;;640;[320, 100];;;;;0.0
1788432852.211806;2026-09-03 12:54:12.211;211.970192599633;peak;False;;0.0;;640;[320, 100];;;;;0.0
1788432852.340374;2026-09-03 12:54:12.340;212.26923545322856;peak;False;;0.0;;640;[320, 100];;;;;0.0
1788432852.410333;2026-09-03 12:54:12.410;211.88220484419494;peak;False;;0.0;;640;[320, 100];;;;;0.0
1788432852.488781;2026-09-03 12:54:12.488;211.80053827129706;peak;False;;0.0;;640;[320, 100];;;;;0.0
1788432852.56093;2026-09-03 12:54:12.560;212.0951008081612;peak;False;;0.0;;640;[320, 100];;;;;0.0
1788432852.629319;2026-09-03 12:54:12.629;211.94825412751396;peak;False;;0.0;;640;[320, 100];;;;;0.0
1788432852.699996;2026-09-03 12:54:12.699;212.13678981918616;peak;False;;0.0;;640;[320, 100];;;;;0.0
1788432852.770161;2026-09-03 12:54:12.770;212.18865506708377;peak;True;;0.0;-0.010502712699265901;640;[320, 100];;;;0.0;0.0
1788432852.83973;2026-09-03 12:54:12.839;211.88961768876058;peak;True;;0.0;0.019645158736213232;640;[320, 100];;;;0.0;0.0
1788432852.908637;2026-09-03 12:54:12.908;212.0710696349422;peak;True;;0.0;0.016656050066092408;640;[320, 100];;;;0.0;0.0
1788432852.9793122;2026-09-03 12:54:12.979;211.99628975440996;peak;True;;0.0;0.022815108865226964;640;[320, 100];;;;0.0;0.0
1788432853.04986;2026-09-03 12:54:13.049;212.09429828955365;peak;True;;0.0;0.0161468991624686;640;[320, 100];;;;0.0;0.0
1788432853.120058;2026-09-03 12:54:13.120;211.9735542213232;peak;True;;0.0;0.02509124563145889;640;[320, 100];;;;0.0;0.0
1788432853.1889868;2026-09-03 12:54:13.188;212.27671634186729;peak;True;;0.0;-0.0009277013418046919;640;[320, 100];;;;0.0;0.0
1788432853.260042;2026-09-03 12:54:13.260;212.06922617027305;peak;True;;0.0;0.006896296892130778;640;[320, 100];;;;0.0;0.0
1788432853.3305018;2026-09-03 12:54:13.330;212.17021673419512;peak;True;;0.0;0.0006674559731334286;640;[320, 100];;;;0.0;0.0
1788432853.400373;2026-09-03 12:54:13.400;212.09574869237318;peak;True;;0.0;0.005051141104345476;640;[320, 100];;;;0.0;0.0
1788432853.470193;2026-09-03 12:54:13.470;212.06455146370448;peak;True;;0.0;0.010453004481173879;640;[320, 100];;;;0.0;0.0
1788432853.539922;2026-09-03 12:54:13.539;212.2142593680414;peak;True;;0.0;-0.0019136912001802388;640;[320, 100];;;;0.0;0.0
1788432853.6101089;2026-09-03 12:54:13.610;212.21059571326003;peak;True;;0.0;-0.007822930930309084;640;[320, 100];;;;0.0;0.0
1788432853.680011;2026-09-03 12:54:13.680;212.05295629905436;peak;True;;0.0;0.005091182525355933;640;[320, 100];;;;0.0;0.0
1788432853.750481;2026-09-03 12:54:13.750;211.96479254038215;peak;True;;0.0;0.02057961171892011;640;[320, 100];;;;0.0;0.0
1788432853.819252;2026-09-03 12:54:13.819;212.07883100033328;peak;True;;0.0;0.01699242884414936;640;[320, 100];;;;0.0;0.0
1788432853.889177;2026-09-03 12:54:13.889;212.13526129065673;peak;True;;0.0;0.00955771903508385;640;[320, 100];;;;0.0;0.0
1788432853.95892;2026-09-03 12:54:13.958;212.04949524339642;peak;True;;0.0;0.014526087076321872;640;[320, 100];;;;0.0;0.0
1788432854.029268;2026-09-03 12:54:14.029;212.12721601615294;peak;True;;0.0;0.009250161075077444;640;[320, 100];;;;0.0;0.0
1788432854.1002722;2026-09-03 12:54:14.100;212.05697948523718;peak;True;;0.0;0.01373561408346788;640;[320, 100];;;;0.0;0.0
1788432854.170054;2026-09-03 12:54:14.170;212.46010311490224;peak;True;;0.0;-0.024738163998485163;640;[320, 100];;;;0.0;0.0
1788432854.240104;2026-09-03 12:54:14.240;212.2943659399016;peak;True;;0.0;-0.027598305690293045;640;[320, 100];;;;0.0;0.0
1788432854.310008;2026-09-03 12:54:14.310;212.14126077902912;peak;True;;0.0;-0.01372344914875214;640;[320, 100];;;;0.0;0.0
1788432854.3910668;2026-09-03 12:54:14.391;212.01962902616415;peak;True;;0.0;0.005523605399787215;640;[320, 100];;;;0.0;0.0
1788432854.45998;2026-09-03 12:54:14.459;211.9563330699506;peak;True;;0.0;0.021702299231962173;640;[320, 100];;;;0.0;0.0
1788432854.529865;2026-09-03 12:54:14.529;212.10288665125827;peak;True;;0.0;0.015178666977192421;640;[320, 100];;;;0.0;0.0
1788432854.600215;2026-09-03 12:54:14.600;212.19561069899964;peak;True;;0.0;0.0025709199759008077;640;[320, 100];;;;0.0;0.0
1788432854.668865;2026-09-03 12:54:14.668;212.2184702644305;peak;True;;0.0;-0.006121010624385335;640;[320, 100];;;;0.0;0.0
1788432854.740093;2026-09-03 12:54:14.740;212.01734572500425;peak;True;;0.0;0.009794783135820708;640;[320, 100];;;;0.0;0.0
1788432854.80983;2026-09-03 12:54:14.809;216.72778891345232;peak;True;;1.3463836436025438;-0.4590303876967158;640;[320, 100];;;;-0.15361635639745616;0.15361635639745616
1788432854.910089;2026-09-03 12:54:14.910;216.1299309003086;peak;True;;1.1326573341997606;-0.6386485981500106;640;[320, 100];;;;-0.21372630940278317;0.36734266580023933
1788432855.010135;2026-09-03 12:54:15.010;215.60683398278715;peak;True;;0.9049301157865064;-0.6804855668290135;640;[320, 100];;;;-0.2277272184132541;0.5950698842134934
1788432855.109254;2026-09-03 12:54:15.109;215.3205346314233;peak;True;;0.6784517490661381;-0.6767537970474291;640;[320, 100];;;;-0.2264783667203682;0.8215482509338616
1788432855.210447;2026-09-03 12:54:15.210;214.3579340573165;peak;True;;0.48388247815050933;-0.5814042850436169;640;[320, 100];;;;-0.19456927091562884;1.0161175218494904
1788432855.310391;2026-09-03 12:54:15.310;213.40407684883027;peak;True;;0.33665884003123153;-0.439927916980149;640;[320, 100];;;;-0.1472236381192778;1.1633411599687682
1788432855.420064;2026-09-03 12:54:15.420;213.31506548442204;peak;True;;0.21559392591072613;-0.36176144108913044;640;[320, 100];;;;-0.12106491412050542;1.2844060740892735
1788432855.519058;2026-09-03 12:54:15.519;212.75249688520725;peak;True;;0.1261773960740714;-0.26719097705466904;640;[320, 100];;;;-0.08941652983665471;1.3738226039259283
1788432855.620136;2026-09-03 12:54:15.620;212.84914764217902;peak;True;;0.04905261036960051;-0.23046126801335626;640;[320, 100];;;;-0.0771247857044709;1.4509473896303993
1788432855.720014;2026-09-03 12:54:15.720;212.55483950439245;peak;True;;-0.012252041148621343;-0.18318816182055622;640;[320, 100];;;;-0.061304651518221856;1.512252041148621
1788432855.81932;2026-09-03 12:54:15.819;212.21038609244275;peak;True;;-0.012252041148621343;-0.12519826287075114;640;[320, 100];;;;0.0;1.512252041148621
1788432855.8887749;2026-09-03 12:54:15.888;212.31843489308434;peak;True;;-0.012252041148621343;-0.10723524980238106;640;[320, 100];;;;0.0;1.512252041148621
1788432855.959821;2026-09-03 12:54:15.959;212.11784008362332;peak;True;;-0.012252041148621343;-0.07817057515264297;640;[320, 100];;;;0.0;1.512252041148621
1788432856.029902;2026-09-03 12:54:16.029;212.1740641506995;peak;True;;-0.012252041148621343;-0.06930723744978139;640;[320, 100];;;;0.0;1.512252041148621
1788432856.10001;2026-09-03 12:54:16.100;212.070390654679;peak;True;;-0.012252041148621343;-0.054425220040667535;640;[320, 100];;;;0.0;1.512252041148621
1788432856.169266;2026-09-03 12:54:16.169;212.22812459856473;peak;True;;-0.012252041148621343;-0.06287177419890833;640;[320, 100];;;;0.0;1.512252041148621
1788432856.239202;2026-09-03 12:54:16.239;212.16233745306886;peak;True;;-0.012252041148621343;-0.06054827127079457;640;[320, 100];;;;0.0;1.512252041148621
1788432856.3089259;2026-09-03 12:54:16.308;212.25710965625143;peak;True;;-0.012252041148621343;-0.06901413992132648;640;[320, 100];;;;0.0;1.512252041148621
1788432856.3789299;2026-09-03 12:54:16.378;212.20306640795326;peak;True;;-0.012252041148621343;-0.06792559515273126;640;[320, 100];;;;0.0;1.512252041148621
1788432856.449774;2026-09-03 12:54:16.449;212.16516486290448;peak;True;;-0.012252041148621343;-0.06362663706820612;640;[320, 100];;;;0.0;1.512252041148621
1788432856.529068;2026-09-03 12:54:16.529;212.2905047070466;peak;True;;-0.012252041148621343;-0.07420328604997949;640;[320, 100];;;;0.0;1.512252041148621
1788432856.600245;2026-09-03 12:54:16.600;212.58512029458836;peak;True;;-0.012252041148621343;-0.10951358238929737;640;[320, 100];;;;0.0;1.512252041148621
1788432856.6701162;2026-09-03 12:54:16.670;212.11988630165214;peak;True;;-0.012252041148621343;-0.08062420186841679;640;[320, 100];;;;0.0;1.512252041148621
1788432856.7400372;2026-09-03 12:54:16.740;212.32678829178926;peak;True;;-0.012252041148621343;-0.08710720871244157;640;[320, 100];;;;0.0;1.512252041148621
1788432856.8098948;2026-09-03 12:54:16.809;212.10859163854082;peak;True;;-0.012252041148621343;-0.06849379908380605;640;[320, 100];;;;0.0;1.512252041148621
1788432856.879483;2026-09-03 12:54:16.879;212.1171396250707;peak;True;;-0.012252041148621343;-0.060017330179830214;640;[320, 100];;;;0.0;1.512252041148621
1788432856.9496288;2026-09-03 12:54:16.949;212.27654317759942;peak;True;;-0.012252041148621343;-0.0718941426787304;640;[320, 100];;;;0.0;1.512252041148621
1788432857.0187368;2026-09-03 12:54:17.018;212.39032780000989;peak;True;;-0.012252041148621343;-0.08952793364525938;640;[320, 100];;;;0.0;1.512252041148621
1788432857.088994;2026-09-03 12:54:17.088;212.12445716996922;peak;True;;-0.012252041148621343;-0.0717423503129332;640;[320, 100];;;;0.0;1.512252041148621
1788432857.160052;2026-09-03 12:54:17.160;212.190497329493;peak;True;;-0.012252041148621343;-0.06952070898703311;640;[320, 100];;;;0.0;1.512252041148621
1788432857.230269;2026-09-03 12:54:17.230;212.3070522048482;peak;True;;-0.012252041148621343;-0.08027820384168123;640;[320, 100];;;;0.0;1.512252041148621
1788432857.298929;2026-09-03 12:54:17.298;212.2541904376087;peak;True;;-0.012252041148621343;-0.0805175253180829;640;[320, 100];;;;0.0;1.512252041148621
1788432857.370423;2026-09-03 12:54:17.370;212.34270543118424;peak;True;;-0.012252041148621343;-0.08974607992883427;640;[320, 100];;;;0.0;1.512252041148621
1788432857.439061;2026-09-03 12:54:17.439;212.5549086299125;peak;True;;-0.012252041148621343;-0.11610332562044257;640;[320, 100];;;;0.0;1.512252041148621
1788432857.512078;2026-09-03 12:54:17.512;212.2789560722319;peak;True;;-0.012252041148621343;-0.10186440051449416;640;[320, 100];;;;0.0;1.512252041148621
1788432857.5801091;2026-09-03 12:54:17.580;212.110061475285;peak;True;;-0.012252041148621343;-0.07782206783695648;640;[320, 100];;;;0.0;1.512252041148621
1788432857.648984;2026-09-03 12:54:17.648;212.16796668035653;peak;True;;-0.012252041148621343;-0.07163039308180125;640;[320, 100];;;;0.0;1.512252041148621
1788432857.719989;2026-09-03 12:54:17.719;212.2529783343492;peak;True;;-0.012252041148621343;-0.07718095674744113;640;[320, 100];;;;0.0;1.512252041148621
1788432857.791342;2026-09-03 12:54:17.791;212.33285133115626;peak;True;;-0.012252041148621343;-0.08818861515093054;640;[320, 100];;;;0.0;1.512252041148621
1788432857.8622348;2026-09-03 12:54:17.862;212.37861283085405;peak;True;;-0.012252041148621343;-0.09857087308703903;640;[320, 100];;;;0.0;1.512252041148621
1788432857.9292748;2026-09-03 12:54:17.929;212.2645432856169;peak;True;;-0.012252041148621343;-0.09251473936441593;640;[320, 100];;;;0.0;1.512252041148621
1788432858.000003;2026-09-03 12:54:18.000;212.25173194756846;peak;True;;-0.012252041148621343;-0.08834921635874429;640;[320, 100];;;;0.0;1.512252041148621
1788432858.069071;2026-09-03 12:54:18.069;212.17873801067347;peak;True;;-0.012252041148621343;-0.0790194964057688;640;[320, 100];;;;0.0;1.512252041148621
1788432858.1402571;2026-09-03 12:54:18.140;212.43055168146302;peak;True;;-0.012252041148621343;-0.09990320583607593;640;[320, 100];;;;0.0;1.512252041148621
1788432858.208865;2026-09-03 12:54:18.208;212.24649440115337;peak;True;;-0.012252041148621343;-0.09207646324772682;640;[320, 100];;;;0.0;1.512252041148621
1788432858.280483;2026-09-03 12:54:18.280;212.15110983954415;peak;True;;-0.012252041148621343;-0.07864253581807752;640;[320, 100];;;;0.0;1.512252041148621
1788432858.348532;2026-09-03 12:54:18.348;212.33932551319648;peak;True;;-0.012252041148621343;-0.09100030908599949;640;[320, 100];;;;0.0;1.512252041148621
1788432858.420256;2026-09-03 12:54:18.420;212.56071033288873;peak;True;;-0.012252041148621343;-0.11984757833131625;640;[320, 100];;;;0.0;1.512252041148621
1788432858.490169;2026-09-03 12:54:18.490;212.37176100310944;peak;True;;-0.012252041148621343;-0.11566999395594679;640;[320, 100];;;;0.0;1.512252041148621
1788432858.559875;2026-09-03 12:54:18.559;212.3279785375207;peak;True;;-0.012252041148621343;-0.10944194110730252;640;[320, 100];;;;0.0;1.512252041148621
1788432858.638797;2026-09-03 12:54:18.638;212.3790731451472;peak;True;;-0.012252041148621343;-0.11174022960308264;640;[320, 100];;;;0.0;1.512252041148621
1788432858.7092962;2026-09-03 12:54:18.709;212.47924956305084;peak;True;;-0.012252041148621343;-0.12333509032116752;640;[320, 100];;;;0.0;1.512252041148621
1788432858.778568;2026-09-03 12:54:18.778;212.49361315033514;peak;True;;-0.012252041148621343;-0.13101490857257836;640;[320, 100];;;;0.0;1.512252041148621
1788432858.850467;2026-09-03 12:54:18.850;212.52063838097877;peak;True;;-0.012252041148621343;-0.13803715146489048;640;[320, 100];;;;0.0;1.512252041148621
1788432858.919889;2026-09-03 12:54:18.919;212.3226409683471;peak;True;;-0.012252041148621343;-0.12198084558432407;640;[320, 100];;;;0.0;1.512252041148621
1788432858.988506;2026-09-03 12:54:18.988;212.57186066487563;peak;True;;-0.012252041148621343;-0.1394185008540068;640;[320, 100];;;;0.0;1.512252041148621
1788432859.059056;2026-09-03 12:54:19.059;212.34859328600632;peak;True;;-0.012252041148621343;-0.12607534493544245;640;[320, 100];;;;0.0;1.512252041148621
1788432859.133609;2026-09-03 12:54:19.133;212.34821302698575;peak;True;;-0.012252041148621343;-0.11963002008385809;640;[320, 100];;;;0.0;1.512252041148621
1788432859.199892;2026-09-03 12:54:19.199;212.34435379577025;peak;True;;-0.012252041148621343;-0.11628088950724313;640;[320, 100];;;;0.0;1.512252041148621
1788432859.268899;2026-09-03 12:54:19.268;212.27590166107223;peak;True;;-0.012252041148621343;-0.10793500055149118;640;[320, 100];;;;0.0;1.512252041148621
1788432859.340288;2026-09-03 12:54:19.340;212.35205738674955;peak;True;;-0.012252041148621343;-0.1116467131008019;640;[320, 100];;;;0.0;1.512252041148621
1788432859.4101608;2026-09-03 12:54:19.410;212.51623669202743;peak;True;;-0.012252041148621343;-0.13039480849429433;640;[320, 100];;;;0.0;1.512252041148621
1788432859.4787688;2026-09-03 12:54:19.478;212.3223076543636;peak;True;;-0.012252041148621343;-0.12060784971863307;640;[320, 100];;;;0.0;1.512252041148621
1788432859.550098;2026-09-03 12:54:19.550;212.59331895463282;peak;True;;-0.012252041148621343;-0.14338616177703162;640;[320, 100];;;;0.0;1.512252041148621
1788432859.6203241;2026-09-03 12:54:19.620;212.3964448452346;peak;True;;-0.012252041148621343;-0.13541247564896766;640;[320, 100];;;;0.0;1.512252041148621
1788432859.690954;2026-09-03 12:54:19.690;212.34983975509618;peak;True;;-0.012252041148621343;-0.12703143599098327;640;[320, 100];;;;0.0;1.512252041148621
1788432859.75997;2026-09-03 12:54:19.759;212.51085724683716;peak;True;;-0.012252041148621343;-0.13941024962064974;640;[320, 100];;;;0.0;1.512252041148621
1788432859.834971;2026-09-03 12:54:19.834;212.5543297825868;peak;True;;-0.06260703898357672;-0.15046883496469662;640;[320, 100];;;;-0.050354997834955374;1.5626070389835764
1788432859.9642859;2026-09-03 12:54:19.964;212.42171427062289;peak;True;;-0.06260703898357672;-0.14309273200462827;640;[320, 100];;;;0.0;1.5626070389835764
1788432860.0767958;2026-09-03 12:54:20.076;212.14516705197246;peak;True;;-0.06260703898357672;-0.11176043020053485;640;[320, 100];;;;0.0;1.5626070389835764
1788432860.146963;2026-09-03 12:54:20.146;212.32921625759298;peak;True;;-0.06260703898357672;-0.11473973290854772;640;[320, 100];;;;0.0;1.5626070389835764
1788432860.217091;2026-09-03 12:54:20.217;212.34489186179115;peak;True;;-0.06260703898357672;-0.11805707223562835;640;[320, 100];;;;0.0;1.5626070389835764
1788432860.286947;2026-09-03 12:54:20.286;212.51819601103742;peak;True;;-0.06260703898357672;-0.13752291456361193;640;[320, 100];;;;0.0;1.5626070389835764
1788432860.355527;2026-09-03 12:54:20.355;212.45854390245472;peak;True;;-0.06260703898357672;-0.14169281747341694;640;[320, 100];;;;0.0;1.5626070389835764
1788432860.4261398;2026-09-03 12:54:20.426;212.26954380797727;peak;True;;-0.06260703898357672;-0.12504370196656334;640;[320, 100];;;;0.0;1.5626070389835764
1788432860.4951239;2026-09-03 12:54:20.495;212.37935425301504;peak;True;;-0.06260703898357672;-0.1280033942591992;640;[320, 100];;;;0.0;1.5626070389835764
1788432860.566748;2026-09-03 12:54:20.566;212.27318077884118;peak;True;;-0.06260703898357672;-0.11903638168770307;640;[320, 100];;;;0.0;1.5626070389835764
1788432860.629758;2026-09-03 12:54:20.629;212.08828974560842;peak;True;;-0.06260703898357672;-0.09600314698670694;640;[320, 100];;;;0.0;1.5626070389835764
1788432860.696299;2026-09-03 12:54:20.696;212.25601105114524;peak;True;;-0.06260703898357672;-0.10140768672983931;640;[320, 100];;;;0.0;1.5626070389835764
1788432860.767058;2026-09-03 12:54:20.767;212.33926108686026;peak;True;;-0.06260703898357672;-0.11268804925750069;640;[320, 100];;;;0.0;1.5626070389835764
1788432860.836551;2026-09-03 12:54:20.836;212.20405334719842;peak;True;;-0.06260703898357672;-0.10489153596515728;640;[320, 100];;;;0.0;1.5626070389835764
1788432860.905658;2026-09-03 12:54:20.905;212.3301976078713;peak;True;;-0.06260703898357672;-0.11384946512213219;640;[320, 100];;;;0.0;1.5626070389835764
1788432860.9763992;2026-09-03 12:54:20.976;212.50858445796132;peak;True;;-0.06260703898357672;-0.13663185800809358;640;[320, 100];;;;0.0;1.5626070389835764
1788432861.0470788;2026-09-03 12:54:21.047;212.30025839943664;peak;True;;-0.06260703898357672;-0.12739478432391693;640;[320, 100];;;;0.0;1.5626070389835764
1788432861.115394;2026-09-03 12:54:21.115;212.16901616992925;peak;True;;-0.06260703898357672;-0.10969230746951816;640;[320, 100];;;;0.0;1.5626070389835764
1788432861.186645;2026-09-03 12:54:21.186;212.4237578082476;peak;True;;-0.06260703898357672;-0.12667394286047917;640;[320, 100];;;;0.0;1.5626070389835764
1788432861.257188;2026-09-03 12:54:21.257;212.52969584199036;peak;True;;-0.06260703898357672;-0.1462496964587423;640;[320, 100];;;;0.0;1.5626070389835764
1788432861.326147;2026-09-03 12:54:21.326;212.27283113790853;peak;True;;-0.06260703898357672;-0.13052115449809334;640;[320, 100];;;;0.0;1.5626070389835764
1788432861.396918;2026-09-03 12:54:21.396;212.41450333575352;peak;True;;-0.06260703898357672;-0.13717124519797777;640;[320, 100];;;;0.0;1.5626070389835764
1788432861.467147;2026-09-03 12:54:21.467;212.30056221889055;peak;True;;-0.06260703898357672;-0.12930689436125298;640;[320, 100];;;;0.0;1.5626070389835764
1788432861.53625;2026-09-03 12:54:21.536;212.40418538259058;peak;True;;-0.06260703898357672;-0.13607127976715253;640;[320, 100];;;;0.0;1.5626070389835764
1788432861.6071901;2026-09-03 12:54:21.607;212.36122497133746;peak;True;;-0.06260703898357672;-0.13543797528497953;640;[320, 100];;;;0.0;1.5626070389835764
1788432861.677567;2026-09-03 12:54:21.677;212.5304963011755;peak;True;;-0.11365535764169121;-0.15254058913018084;640;[320, 100];;;;-0.051048318658114496;1.613655357641691
1788432861.786894;2026-09-03 12:54:21.786;212.2985551613275;peak;True;;-0.11365535764169121;-0.13809998874566062;640;[320, 100];;;;0.0;1.613655357641691
1788432861.85568;2026-09-03 12:54:21.855;212.5046213061986;peak;True;;-0.16450472558948248;-0.1519460923992734;640;[320, 100];;;;-0.05084936794779128;1.6645047255894823
1788432861.976028;2026-09-03 12:54:21.976;212.22574600251585;peak;True;;-0.16450472558948248;-0.1310928090869637;640;[320, 100];;;;0.0;1.6645047255894823
1788432862.046703;2026-09-03 12:54:22.046;212.17941426117642;peak;True;;-0.16450472558948248;-0.11608627384935659;640;[320, 100];;;;0.0;1.6645047255894823
1788432862.1170402;2026-09-03 12:54:22.117;211.9930354346434;peak;True;;-0.16450472558948248;-0.08976543059657445;640;[320, 100];;;;0.0;1.6645047255894823
1788432862.186518;2026-09-03 12:54:22.186;212.15088279366734;peak;True;;-0.16450472558948248;-0.09240736109067668;640;[320, 100];;;;0.0;1.6645047255894823
1788432862.2555258;2026-09-03 12:54:22.255;212.19839623899708;peak;True;;-0.16450472558948248;-0.09855667889546559;640;[320, 100];;;;0.0;1.6645047255894823
1788432862.3259861;2026-09-03 12:54:22.325;211.96612029808824;peak;True;;-0.16450472558948248;-0.07819040680560128;640;[320, 100];;;;0.0;1.6645047255894823
1788432862.3969321;2026-09-03 12:54:22.396;212.16168070582137;peak;True;;-0.16450472558948248;-0.08759442514227857;640;[320, 100];;;;0.0;1.6645047255894823
1788432862.467411;2026-09-03 12:54:22.467;212.0331825912183;peak;True;;-0.16450472558948248;-0.07931711381535264;640;[320, 100];;;;0.0;1.6645047255894823
1788432862.5366342;2026-09-03 12:54:22.536;212.2937813521802;peak;True;;-0.16450472558948248;-0.10143457366431917;640;[320, 100];;;;0.0;1.6645047255894823
1788432862.605598;2026-09-03 12:54:22.605;212.22241524384376;peak;True;;-0.16450472558948248;-0.1054637245359781;640;[320, 100];;;;0.0;1.6645047255894823
1788432862.676457;2026-09-03 12:54:22.676;212.21416094863326;peak;True;;-0.16450472558948248;-0.10674958436257014;640;[320, 100];;;;0.0;1.6645047255894823
1788432862.76835;2026-09-03 12:54:22.768;211.97449439229152;peak;True;;-0.16450472558948248;-0.08322298935807039;640;[320, 100];;;;0.0;1.6645047255894823
1788432862.835975;2026-09-03 12:54:22.835;212.02170188372796;peak;True;;-0.16450472558948248;-0.07603658108014158;640;[320, 100];;;;0.0;1.6645047255894823
1788432862.9057019;2026-09-03 12:54:22.905;211.83228587713398;peak;True;;-0.16450472558948248;-0.053121146354217476;640;[320, 100];;;;0.0;1.6645047255894823
1788432862.976365;2026-09-03 12:54:22.976;212.2085073925553;peak;True;;-0.16450472558948248;-0.07937522750009895;640;[320, 100];;;;0.0;1.6645047255894823
1788432863.046963;2026-09-03 12:54:23.046;212.09113520967463;peak;True;;-0.16450472558948248;-0.0807079815230802;640;[320, 100];;;;0.0;1.6645047255894823
1788432863.1171682;2026-09-03 12:54:23.117;212.18503837265345;peak;True;;-0.16450472558948248;-0.09082498552428679;640;[320, 100];;;;0.0;1.6645047255894823
1788432863.1872609;2026-09-03 12:54:23.187;212.2330359751966;peak;True;;-0.16450472558948248;-0.10080355547421795;640;[320, 100];;;;0.0;1.6645047255894823
1788432863.2575612;2026-09-03 12:54:23.257;212.24681640268705;peak;True;;-0.16450472558948248;-0.107308416427607;640;[320, 100];;;;0.0;1.6645047255894823
1788432863.326887;2026-09-03 12:54:23.326;211.97742889922105;peak;True;;-0.16450472558948248;-0.08342289540774876;640;[320, 100];;;;0.0;1.6645047255894823
1788432863.396548;2026-09-03 12:54:23.396;212.357598765311;peak;True;;-0.16450472558948248;-0.10977313268947005;640;[320, 100];;;;0.0;1.6645047255894823
1788432863.467448;2026-09-03 12:54:23.467;212.10095460950566;peak;True;;-0.16450472558948248;-0.09723904173769396;640;[320, 100];;;;0.0;1.6645047255894823
1788432863.536727;2026-09-03 12:54:23.536;212.23301362524447;peak;True;;-0.16450472558948248;-0.10429817759325918;640;[320, 100];;;;0.0;1.6645047255894823
1788432863.606426;2026-09-03 12:54:23.606;212.22205889440454;peak;True;;-0.16450472558948248;-0.10683885878107495;640;[320, 100];;;;0.0;1.6645047255894823
1788432863.675691;2026-09-03 12:54:23.675;212.42744044206137;peak;True;;-0.16450472558948248;-0.12901066741925674;640;[320, 100];;;;0.0;1.6645047255894823
1788432863.747403;2026-09-03 12:54:23.747;212.20525745425272;peak;True;;-0.16450472558948248;-0.1179638575013186;640;[320, 100];;;;0.0;1.6645047255894823
1788432863.8163671;2026-09-03 12:54:23.816;212.14681759300896;peak;True;;-0.16450472558948248;-0.10660900113524965;640;[320, 100];;;;0.0;1.6645047255894823
1788432863.885964;2026-09-03 12:54:23.885;212.27307291648995;peak;True;;-0.16450472558948248;-0.11372745917194392;640;[320, 100];;;;0.0;1.6645047255894823
1788432863.957341;2026-09-03 12:54:23.957;212.31927028682028;peak;True;;-0.16450472558948248;-0.12213452580786699;640;[320, 100];;;;0.0;1.6645047255894823
1788432864.025666;2026-09-03 12:54:24.025;212.20838140395807;peak;True;;-0.16450472558948248;-0.11533866032056926;640;[320, 100];;;;0.0;1.6645047255894823
1788432864.097177;2026-09-03 12:54:24.097;212.32104068222733;peak;True;;-0.16450472558948248;-0.12343696898265384;640;[320, 100];;;;0.0;1.6645047255894823
1788432864.167212;2026-09-03 12:54:24.167;212.36091247452717;peak;True;;-0.16450472558948248;-0.1317534558628501;640;[320, 100];;;;0.0;1.6645047255894823
1788432864.23573;2026-09-03 12:54:24.235;212.26608339626603;peak;True;;-0.16450472558948248;-0.12659040844818667;640;[320, 100];;;;0.0;1.6645047255894823
1788432864.306697;2026-09-03 12:54:24.306;212.2533445831927;peak;True;;-0.16450472558948248;-0.12288069688853047;640;[320, 100];;;;0.0;1.6645047255894823
1788432864.375749;2026-09-03 12:54:24.375;212.31714183335933;peak;True;;-0.16450472558948248;-0.12763100614307893;640;[320, 100];;;;0.0;1.6645047255894823
1788432864.4459069;2026-09-03 12:54:24.445;212.24731253433984;peak;True;;-0.16450472558948248;-0.12316138426234635;640;[320, 100];;;;0.0;1.6645047255894823
1788432864.517374;2026-09-03 12:54:24.517;212.2263727890274;peak;True;;-0.16450472558948248;-0.11894457750303833;640;[320, 100];;;;0.0;1.6645047255894823
1788432864.586795;2026-09-03 12:54:24.586;212.20627212867876;peak;True;;-0.16450472558948248;-0.11491296097538542;640;[320, 100];;;;0.0;1.6645047255894823
1788432864.657514;2026-09-03 12:54:24.657;212.27544784106394;peak;True;;-0.16450472558948248;-0.11998804647742933;640;[320, 100];;;;0.0;1.6645047255894823
1788432864.7272708;2026-09-03 12:54:24.727;212.42126218348284;peak;True;;-0.16450472558948248;-0.1374626139257095;640;[320, 100];;;;0.0;1.6645047255894823
1788432864.7960892;2026-09-03 12:54:24.796;212.32608132828707;peak;True;;-0.16450472558948248;-0.13691842651665215;640;[320, 100];;;;0.0;1.6645047255894823
1788432864.873055;2026-09-03 12:54:24.873;212.04398567346774;peak;True;;-0.16450472558948248;-0.10832076214803682;640;[320, 100];;;;0.0;1.6645047255894823
1788433002.947814;2026-09-03 12:56:42.947;221.1099624354359;peak;False;;0.0;;640;[320, 100];;;;;0.0
1788433003.017504;2026-09-03 12:56:43.017;220.96274752852483;peak;False;;0.0;;640;[320, 100];;;;;0.0
1788433003.087641;2026-09-03 12:56:43.087;221.1325846304653;peak;False;;0.0;;640;[320, 100];;;;;0.0
1788433003.157076;2026-09-03 12:56:43.157;220.89289075534387;peak;False;;0.0;;640;[320, 100];;;;;0.0
1788433003.2261992;2026-09-03 12:56:43.226;220.86544528826332;peak;False;;0.0;;640;[320, 100];;;;;0.0
1788433003.297083;2026-09-03 12:56:43.297;220.97576211142282;peak;False;;0.0;;640;[320, 100];;;;;0.0
1788433003.3678982;2026-09-03 12:56:43.367;221.02372718607938;peak;False;;0.0;;640;[320, 100];;;;;0.0
1788433003.436634;2026-09-03 12:56:43.436;220.9243473868413;peak;False;;0.0;;640;[320, 100];;;;;0.0
1788433003.507591;2026-09-03 12:56:43.507;221.1342924142929;peak;False;;0.0;;640;[320, 100];;;;;0.0
1788433003.5779042;2026-09-03 12:56:43.577;220.74695665489068;peak;False;;0.0;;640;[320, 100];;;;;0.0
1788433003.647684;2026-09-03 12:56:43.647;221.1295897992664;peak;False;;0.0;;640;[320, 100];;;;;0.0
1788433003.7183769;2026-09-03 12:56:43.718;221.0998182275117;peak;False;;0.0;;640;[320, 100];;;;;0.0
1788433003.8249369;2026-09-03 12:56:43.824;221.21964594240595;peak;False;;0.0;;640;[320, 100];;;;;0.0
1788433003.895809;2026-09-03 12:56:43.895;221.1931461682399;peak;False;;0.0;;640;[320, 100];;;;;0.0
1788433003.964333;2026-09-03 12:56:43.964;221.1872252962178;peak;False;;0.0;;640;[320, 100];;;;;0.0
1788433004.0343978;2026-09-03 12:56:44.034;221.2353634472009;peak;False;;0.0;;640;[320, 100];;;;;0.0
1788433004.114107;2026-09-03 12:56:44.114;220.8185310315268;peak;False;;0.0;;640;[320, 100];;;;;0.0
1788433004.185689;2026-09-03 12:56:44.185;221.01713507086563;peak;False;;0.0;;640;[320, 100];;;;;0.0
1788433004.254242;2026-09-03 12:56:44.254;221.33872600778164;peak;False;;0.0;;640;[320, 100];;;;;0.0
1788433004.324636;2026-09-03 12:56:44.324;221.07079397841744;peak;False;;0.0;;640;[320, 100];;;;;0.0
1788433004.3952699;2026-09-03 12:56:44.395;220.92339115111812;peak;False;;0.0;;640;[320, 100];;;;;0.0
1788433004.4653199;2026-09-03 12:56:44.465;221.11211735139776;peak;False;;0.0;;640;[320, 100];;;;;0.0
1788433004.534643;2026-09-03 12:56:44.534;221.0182251412208;peak;False;;0.0;;640;[320, 100];;;;;0.0
1788433004.605572;2026-09-03 12:56:44.605;221.09736566167282;peak;False;;0.0;;640;[320, 100];;;;;0.0
1788433004.675206;2026-09-03 12:56:44.675;221.04767405717362;peak;False;;0.0;;640;[320, 100];;;;;0.0
1788433004.7455392;2026-09-03 12:56:44.745;221.1491137098645;peak;False;;0.0;;640;[320, 100];;;;;0.0
1788433004.814076;2026-09-03 12:56:44.814;221.05258633938178;peak;False;;0.0;;640;[320, 100];;;;;0.0
1788433004.884248;2026-09-03 12:56:44.884;221.30305492362692;peak;False;;0.0;;640;[320, 100];;;;;0.0
1788433004.954726;2026-09-03 12:56:44.954;221.13649057561807;peak;False;;0.0;;640;[320, 100];;;;;0.0
1788433005.025347;2026-09-03 12:56:45.025;221.06628662335942;peak;False;;0.0;;640;[320, 100];;;;;0.0
1788433005.0949702;2026-09-03 12:56:45.094;221.24549228353166;peak;False;;0.0;;640;[320, 100];;;;;0.0
1788433005.16475;2026-09-03 12:56:45.164;221.10664698886677;peak;False;;0.0;;640;[320, 100];;;;;0.0
1788433005.2353659;2026-09-03 12:56:45.235;221.06281215353408;peak;False;;0.0;;640;[320, 100];;;;;0.0
1788433005.3038342;2026-09-03 12:56:45.303;221.36079449367517;peak;False;;0.0;;640;[320, 100];;;;;0.0
1788433005.385553;2026-09-03 12:56:45.385;221.00297520544763;peak;False;;0.0;;640;[320, 100];;;;;0.0
1788433005.455539;2026-09-03 12:56:45.455;221.1846154976777;peak;False;;0.0;;640;[320, 100];;;;;0.0
1788433005.525095;2026-09-03 12:56:45.525;220.91271755675274;peak;False;;0.0;;640;[320, 100];;;;;0.0
1788433005.59714;2026-09-03 12:56:45.597;221.21285945782637;peak;False;;0.0;;640;[320, 100];;;;;0.0
1788433005.6641128;2026-09-03 12:56:45.664;221.1794592971742;peak;False;;0.0;;640;[320, 100];;;;;0.0
1788433005.73572;2026-09-03 12:56:45.735;221.4390144254042;peak;False;;0.0;;640;[320, 100];;;;;0.0
1788433005.8050508;2026-09-03 12:56:45.805;221.4871118275586;peak;False;;0.0;;640;[320, 100];;;;;0.0
1788433005.8792;2026-09-03 12:56:45.879;221.17441663340878;peak;False;;0.0;;640;[320, 100];;;;;0.0
1788433006.053254;2026-09-03 12:56:46.053;221.37774063585672;peak;False;;0.0;;640;[320, 100];;;;;0.0
1788433006.121417;2026-09-03 12:56:46.121;221.2505742534705;peak;False;;0.0;;640;[320, 100];;;;;0.0
1788433006.192471;2026-09-03 12:56:46.192;221.1871637768196;peak;False;;0.0;;640;[320, 100];;;;;0.0
1788433006.262419;2026-09-03 12:56:46.262;220.94055209063222;peak;False;;0.0;;640;[320, 100];;;;;0.0
1788433006.332054;2026-09-03 12:56:46.332;221.24867819444182;peak;False;;0.0;;640;[320, 100];;;;;0.0
1788433006.4070652;2026-09-03 12:56:46.407;221.39230115437863;peak;False;;0.0;;640;[320, 100];;;;;0.0
1788433006.4829571;2026-09-03 12:56:46.482;221.10766263197883;peak;False;;0.0;;640;[320, 100];;;;;0.0
1788433006.5523891;2026-09-03 12:56:46.552;221.46983992811235;peak;False;;0.0;;640;[320, 100];;;;;0.0
1788433006.6228638;2026-09-03 12:56:46.622;221.37407850730506;peak;False;;0.0;;640;[320, 100];;;;;0.0
1788433006.692754;2026-09-03 12:56:46.692;203.40806513161812;peak;False;;-6.0;;640;[320, 100];;;;;0.0
1788433006.762597;2026-09-03 12:56:46.762;203.33975820685464;peak;False;;-6.0;;640;[320, 100];;;;;0.0
1788433006.8427992;2026-09-03 12:56:46.842;203.4916323133862;peak;False;;-6.0;;640;[320, 100];;;;;0.0
1788433006.912011;2026-09-03 12:56:46.912;203.42791590131583;peak;False;;-6.0;;640;[320, 100];;;;;0.0
1788433006.983628;2026-09-03 12:56:46.983;203.3033111238257;peak;False;;-6.0;;640;[320, 100];;;;;0.0
1788433007.054985;2026-09-03 12:56:47.054;203.48334483536155;peak;False;;-6.0;;640;[320, 100];;;;;0.0
1788433007.116572;2026-09-03 12:56:47.116;203.47505977123242;peak;False;;-6.0;;640;[320, 100];;;;;0.0
1788433007.188385;2026-09-03 12:56:47.188;203.37879176553582;peak;False;;-6.0;;640;[320, 100];;;;;0.0
1788433007.275135;2026-09-03 12:56:47.275;212.58407755792246;peak;False;;-3.0;;640;[320, 100];;;;;0.0
1788433007.3460228;2026-09-03 12:56:47.346;211.96978352985772;peak;False;;-3.0;;640;[320, 100];;;;;0.0
1788433007.424862;2026-09-03 12:56:47.424;212.30409731939616;peak;False;;-3.0;;640;[320, 100];;;;;0.0
1788433007.4966872;2026-09-03 12:56:47.496;212.062365376571;peak;False;;-3.0;;640;[320, 100];;;;;0.0
1788433007.574663;2026-09-03 12:56:47.574;212.39974407876505;peak;False;;-3.0;;640;[320, 100];;;;;0.0
1788433007.646127;2026-09-03 12:56:47.646;212.42891048525718;peak;False;;-3.0;;640;[320, 100];;;;;0.0
1788433007.7143428;2026-09-03 12:56:47.714;212.45342875592604;peak;False;;-3.0;;640;[320, 100];;;;;0.0
1788433007.786478;2026-09-03 12:56:47.786;221.2171914713839;peak;False;;0.0;;640;[320, 100];;;;;0.0
1788433007.854579;2026-09-03 12:56:47.854;221.23425239565177;peak;False;;0.0;;640;[320, 100];;;;;0.0
1788433007.9257631;2026-09-03 12:56:47.925;221.39817536395162;peak;False;;0.0;;640;[320, 100];;;;;0.0
1788433008.006407;2026-09-03 12:56:48.006;221.79031433764226;peak;False;;0.0;;640;[320, 100];;;;;0.0
1788433008.201171;2026-09-03 12:56:48.201;221.15732790700207;peak;False;;0.0;;640;[320, 100];;;;;0.0
1788433008.271562;2026-09-03 12:56:48.271;221.36593329489327;peak;False;;0.0;;640;[320, 100];;;;;0.0
1788433008.424591;2026-09-03 12:56:48.424;229.80048315310955;peak;False;;3.0;;640;[320, 100];;;;;0.0
1788433008.5038772;2026-09-03 12:56:48.503;230.1122580805446;peak;False;;3.0;;640;[320, 100];;;;;0.0
1788433008.5824409;2026-09-03 12:56:48.582;230.04738960157889;peak;False;;3.0;;640;[320, 100];;;;;0.0
1788433008.651857;2026-09-03 12:56:48.651;230.01089052287583;peak;False;;3.0;;640;[320, 100];;;;;0.0
1788433008.72073;2026-09-03 12:56:48.720;230.14530521027046;peak;False;;3.0;;640;[320, 100];;;;;0.0
1788433008.7904289;2026-09-03 12:56:48.790;229.78215990361298;peak;False;;3.0;;640;[320, 100];;;;;0.0
1788433008.860353;2026-09-03 12:56:48.860;229.86109995353198;peak;False;;3.0;;640;[320, 100];;;;;0.0
1788433008.9617522;2026-09-03 12:56:48.961;238.11756937309562;peak;False;;6.0;;640;[320, 100];;;;;0.0
1788433009.025959;2026-09-03 12:56:49.025;238.32176114728858;peak;False;;6.0;;640;[320, 100];;;;;0.0
1788433009.092088;2026-09-03 12:56:49.092;237.98212210804888;peak;False;;6.0;;640;[320, 100];;;;;0.0
1788433009.1620789;2026-09-03 12:56:49.162;238.04946802902577;peak;False;;6.0;;640;[320, 100];;;;;0.0
1788433009.230866;2026-09-03 12:56:49.230;238.27101438355018;peak;False;;6.0;;640;[320, 100];;;;;0.0
1788433009.300836;2026-09-03 12:56:49.300;238.00886258172957;peak;False;;6.0;;640;[320, 100];;;;;0.0
1788433009.371976;2026-09-03 12:56:49.371;237.91733706291154;peak;False;;6.0;;640;[320, 100];;;;;0.0
1788433009.447205;2026-09-03 12:56:49.447;238.1546227804665;peak;False;;6.0;;640;[320, 100];;;;;0.0
1788433009.521879;2026-09-03 12:56:49.521;221.2909384119183;peak;False;;0.0;;640;[320, 100];;;;;0.0
1788433009.6022599;2026-09-03 12:56:49.602;221.6423857308461;peak;False;;0.0;;640;[320, 100];;;;;0.0
1788433009.6750011;2026-09-03 12:56:49.675;221.3269386241424;peak;False;;0.0;;640;[320, 100];;;;;0.0
1788433009.751177;2026-09-03 12:56:49.751;221.18609047250646;peak;False;;0.0;;640;[320, 100];;;;;0.0
1788433009.837165;2026-09-03 12:56:49.837;221.52301885515047;peak;False;;0.0;;640;[320, 100];;;;;0.0
1788433009.912132;2026-09-03 12:56:49.912;221.37352848861175;peak;False;;0.0;;640;[320, 100];;;;;0.0
1788433010.004113;2026-09-03 12:56:50.004;221.53632615314885;peak;False;;0.0;;640;[320, 100];;;;;0.0
1788433010.071507;2026-09-03 12:56:50.071;206.50718647220114;peak;False;;-5.0;;640;[320, 100];;;;;0.0
1788433010.2170088;2026-09-03 12:56:50.217;206.56681866188327;peak;False;;-5.0;;640;[320, 100];;;;;0.0
1788433010.365372;2026-09-03 12:56:50.365;206.45232163910185;peak;False;;-5.0;;640;[320, 100];;;;;0.0
1788433010.434446;2026-09-03 12:56:50.434;209.69628273725712;peak;False;;-4.0;;640;[320, 100];;;;;0.0
1788433010.512347;2026-09-03 12:56:50.512;209.41144607644242;peak;False;;-4.0;;640;[320, 100];;;;;0.0
1788433010.581631;2026-09-03 12:56:50.581;209.57301925123343;peak;False;;-4.0;;640;[320, 100];;;;;0.0
1788433010.6530151;2026-09-03 12:56:50.653;209.46611980018895;peak;False;;-4.0;;640;[320, 100];;;;;0.0
1788433010.7228532;2026-09-03 12:56:50.722;209.73796138325264;peak;False;;-4.0;;640;[320, 100];;;;;0.0
1788433010.802777;2026-09-03 12:56:50.802;212.48659149405563;peak;False;;-3.0;;640;[320, 100];;;;;0.0
1788433010.873052;2026-09-03 12:56:50.873;212.7245223795008;peak;False;;-3.0;;640;[320, 100];;;;;0.0
1788433010.94172;2026-09-03 12:56:50.941;212.6579767771804;peak;False;;-3.0;;640;[320, 100];;;;;0.0
1788433011.011411;2026-09-03 12:56:51.011;212.54984673123414;peak;False;;-3.0;;640;[320, 100];;;;;0.0
1788433011.081921;2026-09-03 12:56:51.081;212.49056561875457;peak;False;;-3.0;;640;[320, 100];;;;;0.0
1788433011.1523142;2026-09-03 12:56:51.152;215.60257567939456;peak;False;;-2.0;;640;[320, 100];;;;;0.0
1788433011.222363;2026-09-03 12:56:51.222;215.4766502874674;peak;False;;-2.0;;640;[320, 100];;;;;0.0
1788433011.292171;2026-09-03 12:56:51.292;215.67546417164743;peak;False;;-2.0;;640;[320, 100];;;;;0.0
1788433011.361918;2026-09-03 12:56:51.361;215.77746515691427;peak;False;;-2.0;;640;[320, 100];;;;;0.0
1788433011.432885;2026-09-03 12:56:51.432;215.63324532252926;peak;False;;-2.0;;640;[320, 100];;;;;0.0
1788433011.502592;2026-09-03 12:56:51.502;218.32865680003735;peak;False;;-1.0;;640;[320, 100];;;;;0.0
1788433011.572099;2026-09-03 12:56:51.572;218.71261750831178;peak;False;;-1.0;;640;[320, 100];;;;;0.0
1788433011.642472;2026-09-03 12:56:51.642;218.71138195911274;peak;False;;-1.0;;640;[320, 100];;;;;0.0
1788433011.712794;2026-09-03 12:56:51.712;218.35263924689005;peak;False;;-1.0;;640;[320, 100];;;;;0.0
1788433011.782735;2026-09-03 12:56:51.782;218.55849392598338;peak;False;;-1.0;;640;[320, 100];;;;;0.0
1788433011.851566;2026-09-03 12:56:51.851;221.5542129020124;peak;False;;0.0;;640;[320, 100];;;;;0.0
1788433011.9226491;2026-09-03 12:56:51.922;221.4827796675262;peak;False;;0.0;;640;[320, 100];;;;;0.0
1788433011.992862;2026-09-03 12:56:51.992;221.3522417861681;peak;False;;0.0;;640;[320, 100];;;;;0.0
1788433012.061794;2026-09-03 12:56:52.061;221.52430269663176;peak;False;;0.0;;640;[320, 100];;;;;0.0
1788433012.1824288;2026-09-03 12:56:52.182;224.30348331521284;peak;False;;1.0;;640;[320, 100];;;;;0.0
1788433012.251341;2026-09-03 12:56:52.251;224.54988346430707;peak;False;;1.0;;640;[320, 100];;;;;0.0
1788433012.322926;2026-09-03 12:56:52.322;224.61201044684634;peak;False;;1.0;;640;[320, 100];;;;;0.0
1788433012.391965;2026-09-03 12:56:52.391;224.4889985242848;peak;False;;1.0;;640;[320, 100];;;;;0.0
1788433012.482869;2026-09-03 12:56:52.482;224.73944683189754;peak;False;;1.0;;640;[320, 100];;;;;0.0
1788433012.552831;2026-09-03 12:56:52.552;227.5492968921196;peak;False;;2.0;;640;[320, 100];;;;;0.0
1788433012.622946;2026-09-03 12:56:52.622;227.43288590604027;peak;False;;2.0;;640;[320, 100];;;;;0.0
1788433012.6924071;2026-09-03 12:56:52.692;227.13002731539473;peak;False;;2.0;;640;[320, 100];;;;;0.0
1788433012.762909;2026-09-03 12:56:52.762;227.41685467451714;peak;False;;2.0;;640;[320, 100];;;;;0.0
1788433012.831876;2026-09-03 12:56:52.831;227.35964842633467;peak;False;;2.0;;640;[320, 100];;;;;0.0
1788433012.902588;2026-09-03 12:56:52.902;230.10021288692627;peak;False;;3.0;;640;[320, 100];;;;;0.0
1788433012.972519;2026-09-03 12:56:52.972;230.32314301655197;peak;False;;3.0;;640;[320, 100];;;;;0.0
1788433013.0417778;2026-09-03 12:56:53.041;230.25242087439923;peak;False;;3.0;;640;[320, 100];;;;;0.0
1788433013.112617;2026-09-03 12:56:53.112;230.22582881134392;peak;False;;3.0;;640;[320, 100];;;;;0.0
1788433013.181481;2026-09-03 12:56:53.181;230.3241711046212;peak;False;;3.0;;640;[320, 100];;;;;0.0
1788433013.25171;2026-09-03 12:56:53.251;232.97945889183026;peak;False;;4.0;;640;[320, 100];;;;;0.0
1788433013.321759;2026-09-03 12:56:53.321;232.9113876335125;peak;False;;4.0;;640;[320, 100];;;;;0.0
1788433013.3913128;2026-09-03 12:56:53.391;232.94053748159746;peak;False;;4.0;;640;[320, 100];;;;;0.0
1788433013.462986;2026-09-03 12:56:53.462;233.2132090683002;peak;False;;4.0;;640;[320, 100];;;;;0.0
1788433013.533343;2026-09-03 12:56:53.533;232.74048539726755;peak;False;;4.0;;640;[320, 100];;;;;0.0
1788433013.612413;2026-09-03 12:56:53.612;235.6756141115887;peak;False;;5.0;;640;[320, 100];;;;;0.0
1788433013.683;2026-09-03 12:56:53.683;235.54406757855756;peak;False;;5.0;;640;[320, 100];;;;;0.0
1788433013.7529721;2026-09-03 12:56:53.752;235.84080178012556;peak;False;;5.0;;640;[320, 100];;;;;0.0
1788433013.8216908;2026-09-03 12:56:53.821;235.63408666461785;peak;False;;5.0;;640;[320, 100];;;;;0.0
1788433013.892258;2026-09-03 12:56:53.892;235.67053538745563;peak;False;;5.0;;640;[320, 100];;;;;0.0
1788433013.9619799;2026-09-03 12:56:53.961;221.64878241966832;peak;False;;0.0;;640;[320, 100];;;;;0.0
1788433014.032541;2026-09-03 12:56:54.032;221.65092718257893;peak;False;;0.0;;640;[320, 100];;;;;0.0
1788433014.10288;2026-09-03 12:56:54.102;221.53886958145804;peak;False;;0.0;;640;[320, 100];;;;;0.0
1788433014.1728919;2026-09-03 12:56:54.172;221.56584590655024;peak;False;;0.0;;640;[320, 100];;;;;0.0
1788433014.2425978;2026-09-03 12:56:54.242;221.61003674149848;peak;False;;0.0;;640;[320, 100];;;;;0.0
1788433014.3125298;2026-09-03 12:56:54.312;221.70157292559978;peak;False;;0.0;;640;[320, 100];;;;;0.0
1788433014.387328;2026-09-03 12:56:54.387;221.81876160905833;peak;False;;0.0;;640;[320, 100];;;;;0.0
1788433014.4937742;2026-09-03 12:56:54.493;221.7845005409304;peak;False;;0.0;;640;[320, 100];;;;;0.0
1788433014.572578;2026-09-03 12:56:54.572;221.84204978678156;peak;False;;0.0;;640;[320, 100];;;;;0.0
1788433014.642236;2026-09-03 12:56:54.642;221.80064629697654;peak;False;;0.0;;640;[320, 100];;;;;0.0
1788433014.712692;2026-09-03 12:56:54.712;221.79841344998403;peak;False;;0.0;;640;[320, 100];;;;;0.0
1788433014.781745;2026-09-03 12:56:54.781;221.87383106652985;peak;False;;0.0;;640;[320, 100];;;;;0.0
1788433014.85299;2026-09-03 12:56:54.852;221.50615474906536;peak;False;;0.0;;640;[320, 100];;;;;0.0
1788433014.922312;2026-09-03 12:56:54.922;221.83225998513282;peak;False;;0.0;;640;[320, 100];;;;;0.0
1788433014.9921432;2026-09-03 12:56:54.992;221.53199715992406;peak;False;;0.0;;640;[320, 100];;;;;0.0
1788433015.062291;2026-09-03 12:56:55.062;221.9415081618539;peak;False;;0.0;;640;[320, 100];;;;;0.0
1788433015.133059;2026-09-03 12:56:55.133;221.57636522563632;peak;True;;0.0;0.07394144458406005;640;[320, 100];;;;0.0;0.0
1788433015.2031622;2026-09-03 12:56:55.203;221.7482559445271;peak;True;;0.0;0.057450366636912595;640;[320, 100];;;;0.0;0.0
1788433015.282028;2026-09-03 12:56:55.282;221.55811658560654;peak;True;;0.0;0.06869800302570418;640;[320, 100];;;;0.0;0.0
1788433015.3441129;2026-09-03 12:56:55.344;221.86139522117247;peak;True;;0.0;0.04409409883935865;640;[320, 100];;;;0.0;0.0
1788433015.41275;2026-09-03 12:56:55.412;221.7523849640678;peak;True;;0.0;0.042929576453888535;640;[320, 100];;;;0.0;0.0
1788433015.4828448;2026-09-03 12:56:55.482;221.70697000681662;peak;True;;0.0;0.04718198368006547;640;[320, 100];;;;0.0;0.0
1788433015.553078;2026-09-03 12:56:55.553;221.7764598301275;peak;True;;0.0;0.04256551537672451;640;[320, 100];;;;0.0;0.0
1788433015.622669;2026-09-03 12:56:55.622;221.79067520880153;peak;True;;0.0;0.03902428454896281;640;[320, 100];;;;0.0;0.0
1788433015.692827;2026-09-03 12:56:55.692;221.60246025934063;peak;True;;0.0;0.05649897395931348;640;[320, 100];;;;0.0;0.0
1788433015.762666;2026-09-03 12:56:55.762;221.7427448151488;peak;True;;0.0;0.051456317267056524;640;[320, 100];;;;0.0;0.0
1788433015.832928;2026-09-03 12:56:55.832;221.59222433208828;peak;True;;0.0;0.06442364201418976;640;[320, 100];;;;0.0;0.0
1788433015.902508;2026-09-03 12:56:55.902;221.75928197958498;peak;True;;0.0;0.05442932236592206;640;[320, 100];;;;0.0;0.0
1788433015.973131;2026-09-03 12:56:55.973;221.74076155085052;peak;True;;0.0;0.051535138678982906;640;[320, 100];;;;0.0;0.0
1788433016.041682;2026-09-03 12:56:56.041;221.75894006227736;peak;True;;0.0;0.048498405817302914;640;[320, 100];;;;0.0;0.0
1788433016.104927;2026-09-03 12:56:56.104;221.6588279650975;peak;True;;0.0;0.05734459935039297;640;[320, 100];;;;0.0;0.0
1788433016.176485;2026-09-03 12:56:56.176;221.66905099470597;peak;True;;0.0;0.061085964615027494;640;[320, 100];;;;0.0;0.0
1788433016.246745;2026-09-03 12:56:56.246;221.77800337837837;peak;True;;0.0;0.0522657898594489;640;[320, 100];;;;0.0;0.0
1788433016.318312;2026-09-03 12:56:56.318;221.59589676092128;peak;True;;0.0;0.06649837847853483;640;[320, 100];;;;0.0;0.0
1788433016.400647;2026-09-03 12:56:56.400;221.8033778454107;peak;True;;0.0;0.05303922723469022;640;[320, 100];;;;0.0;0.0
1788433016.4771771;2026-09-03 12:56:56.477;221.7999072770356;peak;True;;0.0;0.0468337095562972;640;[320, 100];;;;0.0;0.0
1788433016.5482519;2026-09-03 12:56:56.548;221.7232664065509;peak;True;;0.0;0.05166783995970611;640;[320, 100];;;;0.0;0.0
1788433016.6204429;2026-09-03 12:56:56.620;221.86908832796195;peak;True;;0.0;0.03959323781266712;640;[320, 100];;;;0.0;0.0
1788433016.719739;2026-09-03 12:56:56.719;221.77855084686203;peak;True;;0.0;0.042813381492881816;640;[320, 100];;;;0.0;0.0
1788433016.790564;2026-09-03 12:56:56.790;221.85423376695806;peak;True;;0.0;0.03696425431700043;640;[320, 100];;;;0.0;0.0
1788433016.85996;2026-09-03 12:56:56.859;221.72775254969105;peak;True;;0.0;0.046955006970967474;640;[320, 100];;;;0.0;0.0
1788433016.930728;2026-09-03 12:56:56.930;221.646987194046;peak;True;;0.0;0.060395070072212176;640;[320, 100];;;;0.0;0.0
1788433017.0004249;2026-09-03 12:56:57.000;221.8693002555015;peak;True;;0.0;0.04497405536022697;640;[320, 100];;;;0.0;0.0
1788433017.070988;2026-09-03 12:56:57.070;221.71471826037825;peak;True;;0.0;0.05300523489340265;640;[320, 100];;;;0.0;0.0
1788433017.160754;2026-09-03 12:56:57.160;226.13559656073167;peak;True;;1.3662271670001676;-0.39030961587394897;640;[320, 100];;;;-0.13377283299983245;0.13377283299983245
1788433017.27297;2026-09-03 12:56:57.272;225.8230298066308;peak;True;;1.1655343828886007;-0.5855622679035074;640;[320, 100];;;;-0.2006927841115669;0.3344656171113993
1788433017.371891;2026-09-03 12:56:57.371;224.99363708791802;peak;True;;0.9585002388490795;-0.6040644832045872;640;[320, 100];;;;-0.20703414403952117;0.5414997611509205
1788433017.479464;2026-09-03 12:56:57.479;224.7225763108937;peak;True;;0.7563941586911856;-0.5896858483389965;640;[320, 100];;;;-0.20210608015789389;0.7436058413088144
1788433017.590432;2026-09-03 12:56:57.590;224.04236998387108;peak;True;;0.5791651246201812;-0.5171019754814595;640;[320, 100];;;;-0.1772290340710044;0.9208348753798188
1788433017.716172;2026-09-03 12:56:57.716;223.38092703137025;peak;True;;0.43642791560529787;-0.41646501738950586;640;[320, 100];;;;-0.14273720901488335;1.063572084394702
1788433017.83059;2026-09-03 12:56:57.830;223.16316363070217;peak;True;;0.31787675638813395;-0.3458972676127789;640;[320, 100];;;;-0.11855115921716394;1.182123243611866
1788433017.9396951;2026-09-03 12:56:57.939;222.78117698572555;peak;True;;0.22415091783673244;-0.27346431425659573;640;[320, 100];;;;-0.09372583855140151;1.2758490821632675
1788433018.051018;2026-09-03 12:56:58.051;222.6525320367889;peak;True;;0.14694223836557205;-0.22527212252850476;640;[320, 100];;;;-0.07720867947116039;1.353057761634428
1788433018.159318;2026-09-03 12:56:58.159;222.19845784498423;peak;True;;0.09344477590200351;-0.15608979458790856;640;[320, 100];;;;-0.05349746246356855;1.4065552240979964
1788433018.2595048;2026-09-03 12:56:58.259;221.98183608089167;peak;True;;0.09344477590200351;-0.0998868641071512;640;[320, 100];;;;0.0;1.4065552240979964
1788433018.330518;2026-09-03 12:56:58.330;221.9633228676476;peak;True;;0.09344477590200351;-0.06996134592460551;640;[320, 100];;;;0.0;1.4065552240979964
1788433018.400034;2026-09-03 12:56:58.400;222.11217525707713;peak;True;;0.09344477590200351;-0.07009715964531382;640;[320, 100];;;;0.0;1.4065552240979964
1788433018.4703581;2026-09-03 12:56:58.470;222.0306428671908;peak;True;;0.09344477590200351;-0.062123245898707116;640;[320, 100];;;;0.0;1.4065552240979964
1788433018.5393221;2026-09-03 12:56:58.539;222.32640867531362;peak;True;;0.09344477590200351;-0.0881939954795093;640;[320, 100];;;;0.0;1.4065552240979964
1788433018.6106722;2026-09-03 12:56:58.610;221.9981371030803;peak;True;;0.09344477590200351;-0.06847299922311145;640;[320, 100];;;;0.0;1.4065552240979964
1788433018.685024;2026-09-03 12:56:58.685;222.2771788773772;peak;True;;0.09344477590200351;-0.08693626691900662;640;[320, 100];;;;0.0;1.4065552240979964
1788433018.845066;2026-09-03 12:56:58.845;221.89047141571092;peak;True;;0.09344477590200351;-0.05743335866764497;640;[320, 100];;;;0.0;1.4065552240979964
1788433018.916312;2026-09-03 12:56:58.916;222.3657371938315;peak;True;;0.09344477590200351;-0.09073876864399481;640;[320, 100];;;;0.0;1.4065552240979964
1788433018.986305;2026-09-03 12:56:58.986;222.345181527583;peak;True;;0.09344477590200351;-0.10584049871448414;640;[320, 100];;;;0.0;1.4065552240979964
1788433019.0566568;2026-09-03 12:56:59.056;222.04258732563457;peak;True;;0.09344477590200351;-0.08325829250961378;640;[320, 100];;;;0.0;1.4065552240979964
1788433019.1249542;2026-09-03 12:56:59.124;222.17303847285157;peak;True;;0.09344477590200351;-0.08530171701762015;640;[320, 100];;;;0.0;1.4065552240979964
1788433019.195338;2026-09-03 12:56:59.195;222.09257684964987;peak;True;;0.09344477590200351;-0.07846610281120406;640;[320, 100];;;;0.0;1.4065552240979964
1788433019.266384;2026-09-03 12:56:59.266;222.06474119319677;peak;True;;0.09344477590200351;-0.07241877135186109;640;[320, 100];;;;0.0;1.4065552240979964
1788433019.335493;2026-09-03 12:56:59.335;222.07104563897568;peak;True;;0.09344477590200351;-0.07018747204648272;640;[320, 100];;;;0.0;1.4065552240979964
1788433019.406537;2026-09-03 12:56:59.406;222.14163991654593;peak;True;;0.09344477590200351;-0.07638141484418079;640;[320, 100];;;;0.0;1.4065552240979964
1788433019.4766169;2026-09-03 12:56:59.476;222.56508067867156;peak;True;;0.09344477590200351;-0.12260192810161841;640;[320, 100];;;;0.0;1.4065552240979964
1788433019.5395892;2026-09-03 12:56:59.539;222.29609224337176;peak;True;;0.09344477590200351;-0.11925657130225419;640;[320, 100];;;;0.0;1.4065552240979964
1788433019.609011;2026-09-03 12:56:59.609;222.3281772545054;peak;True;;0.09344477590200351;-0.12127573038175243;640;[320, 100];;;;0.0;1.4065552240979964
1788433019.680446;2026-09-03 12:56:59.680;222.15654726910844;peak;True;;0.09344477590200351;-0.10539111026587214;640;[320, 100];;;;0.0;1.4065552240979964
1788433019.749547;2026-09-03 12:56:59.749;222.1379698163323;peak;True;;0.09344477590200351;-0.09583663199841433;640;[320, 100];;;;0.0;1.4065552240979964
1788433019.8221362;2026-09-03 12:56:59.822;222.18337664383023;peak;True;;0.09344477590200351;-0.09590241121695002;640;[320, 100];;;;0.0;1.4065552240979964
1788433019.890841;2026-09-03 12:56:59.890;222.4896058834622;peak;True;;0.09344477590200351;-0.12724334694142428;640;[320, 100];;;;0.0;1.4065552240979964
1788433019.96048;2026-09-03 12:56:59.960;222.15227753147389;peak;True;;0.09344477590200351;-0.10944444131685593;640;[320, 100];;;;0.0;1.4065552240979964
1788433020.039623;2026-09-03 12:57:00.039;222.1840894629444;peak;True;;0.09344477590200351;-0.10402940827798632;640;[320, 100];;;;0.0;1.4065552240979964
1788433020.110652;2026-09-03 12:57:00.110;222.4346282396102;peak;True;;0.09344477590200351;-0.12699216952232606;640;[320, 100];;;;0.0;1.4065552240979964
1788433020.185209;2026-09-03 12:57:00.185;222.53374043699728;peak;True;;0.04233437286162124;-0.14912506022713373;640;[320, 100];;;;-0.051110403040382266;1.4576656271383786
1788433020.3407722;2026-09-03 12:57:00.340;222.11278936946408;peak;True;;0.04233437286162124;-0.11831050033573362;640;[320, 100];;;;0.0;1.4576656271383786
1788433020.4207628;2026-09-03 12:57:00.420;222.16036518576547;peak;True;;0.04233437286162124;-0.107934373300062;640;[320, 100];;;;0.0;1.4576656271383786
1788433020.4897;2026-09-03 12:57:00.489;222.1938553224972;peak;True;;0.04233437286162124;-0.10641075740620032;640;[320, 100];;;;0.0;1.4576656271383786
1788433020.560552;2026-09-03 12:57:00.560;222.0724639163309;peak;True;;0.04233437286162124;-0.0936735035357318;640;[320, 100];;;;0.0;1.4576656271383786
1788433020.6371021;2026-09-03 12:57:00.637;222.33972908366533;peak;True;;0.04233437286162124;-0.11452916948621186;640;[320, 100];;;;0.0;1.4576656271383786
1788433020.710203;2026-09-03 12:57:00.710;222.34093215560983;peak;True;;0.04233437286162124;-0.1255765896480942;640;[320, 100];;;;0.0;1.4576656271383786
1788433020.780452;2026-09-03 12:57:00.780;222.11442756843695;peak;True;;0.04233437286162124;-0.10866599026997875;640;[320, 100];;;;0.0;1.4576656271383786
1788433020.9909508;2026-09-03 12:57:00.990;222.1218433971044;peak;True;;0.04233437286162124;-0.10117769249173036;640;[320, 100];;;;0.0;1.4576656271383786
1788433021.0854452;2026-09-03 12:57:01.085;222.06377310016245;peak;True;;0.04233437286162124;-0.09177934508129268;640;[320, 100];;;;0.0;1.4576656271383786
1788433021.1564128;2026-09-03 12:57:01.156;222.135606242497;peak;True;;0.04233437286162124;-0.09450610821033606;640;[320, 100];;;;0.0;1.4576656271383786
1788433021.226609;2026-09-03 12:57:01.226;222.27228277531688;peak;True;;0.04233437286162124;-0.10995061132366843;640;[320, 100];;;;0.0;1.4576656271383786
1788433021.295671;2026-09-03 12:57:01.295;222.2608873491919;peak;True;;0.04233437286162124;-0.11693254425200933;640;[320, 100];;;;0.0;1.4576656271383786
1788433021.366194;2026-09-03 12:57:01.366;222.29651228546385;peak;True;;0.04233437286162124;-0.12442975949788945;640;[320, 100];;;;0.0;1.4576656271383786
1788433021.437551;2026-09-03 12:57:01.437;222.21098094900012;peak;True;;0.04233437286162124;-0.11996207445839205;640;[320, 100];;;;0.0;1.4576656271383786
1788433021.5162828;2026-09-03 12:57:01.516;222.31826972796196;peak;True;;0.04233437286162124;-0.1289280617924629;640;[320, 100];;;;0.0;1.4576656271383786
1788433021.600805;2026-09-03 12:57:01.600;222.2882711567081;peak;True;;0.04233437286162124;-0.1308446520776777;640;[320, 100];;;;0.0;1.4576656271383786
1788433021.675435;2026-09-03 12:57:01.675;222.4767110981028;peak;True;;-0.009526923456674219;-0.15131594503006673;640;[320, 100];;;;-0.05186129631829546;1.509526923456674
1788433021.786147;2026-09-03 12:57:01.786;222.05077241266025;peak;True;;-0.009526923456674219;-0.11909430327551321;640;[320, 100];;;;0.0;1.509526923456674
1788433021.846606;2026-09-03 12:57:01.846;222.09482618304403;peak;True;;-0.009526923456674219;-0.10758050696310242;640;[320, 100];;;;0.0;1.509526923456674
1788433021.9156108;2026-09-03 12:57:01.915;222.2142141165707;peak;True;;-0.009526923456674219;-0.11410328460296262;640;[320, 100];;;;0.0;1.509526923456674
1788433021.9855201;2026-09-03 12:57:01.985;221.92351868406936;peak;True;;-0.009526923456674219;-0.08827264332552837;640;[320, 100];;;;0.0;1.509526923456674
1788433022.056549;2026-09-03 12:57:02.056;222.03329048227948;peak;True;;-0.009526923456674219;-0.08644923040835224;640;[320, 100];;;;0.0;1.509526923456674
1788433022.125398;2026-09-03 12:57:02.125;222.2688072530002;peak;True;;-0.009526923456674219;-0.10949832488576633;640;[320, 100];;;;0.0;1.509526923456674
1788433022.1966012;2026-09-03 12:57:02.196;222.06463567724916;peak;True;;-0.009526923456674219;-0.10075962394361554;640;[320, 100];;;;0.0;1.509526923456674
1788433022.266221;2026-09-03 12:57:02.266;222.17103198420676;peak;True;;-0.009526923456674219;-0.10731680894624183;640;[320, 100];;;;0.0;1.509526923456674
1788433022.336428;2026-09-03 12:57:02.336;222.08083840351264;peak;True;;-0.009526923456674219;-0.10175020618021358;640;[320, 100];;;;0.0;1.509526923456674
1788433022.405717;2026-09-03 12:57:02.405;222.06137722430012;peak;True;;-0.009526923456674219;-0.0971706232040102;640;[320, 100];;;;0.0;1.509526923456674
1788433022.4750562;2026-09-03 12:57:02.475;222.2389379107742;peak;True;;-0.009526923456674219;-0.11300868754946557;640;[320, 100];;;;0.0;1.509526923456674
1788433022.5464451;2026-09-03 12:57:02.546;222.0605406890866;peak;True;;-0.009526923456674219;-0.10323678821247519;640;[320, 100];;;;0.0;1.509526923456674
1788433022.615442;2026-09-03 12:57:02.615;222.3399592179094;peak;True;;-0.009526923456674219;-0.1267907552463253;640;[320, 100];;;;0.0;1.509526923456674
1788433022.684587;2026-09-03 12:57:02.684;221.95372050816698;peak;True;;-0.009526923456674219;-0.09995913322190453;640;[320, 100];;;;0.0;1.509526923456674
1788433022.755682;2026-09-03 12:57:02.755;222.23026462473175;peak;True;;-0.009526923456674219;-0.11455867944476217;640;[320, 100];;;;0.0;1.509526923456674
1788433022.826182;2026-09-03 12:57:02.826;222.08695973860287;peak;True;;-0.009526923456674219;-0.10770977841423976;640;[320, 100];;;;0.0;1.509526923456674
1788433022.895972;2026-09-03 12:57:02.895;222.20318955374975;peak;True;;-0.009526923456674219;-0.11623541115353637;640;[320, 100];;;;0.0;1.509526923456674
1788433022.9994628;2026-09-03 12:57:02.999;221.975713496307;peak;True;;-0.009526923456674219;-0.0977933784469767;640;[320, 100];;;;0.0;1.509526923456674
1788433023.0764;2026-09-03 12:57:03.076;222.0707688476441;peak;True;;-0.009526923456674219;-0.09823947308464695;640;[320, 100];;;;0.0;1.509526923456674
1788433023.276299;2026-09-03 12:57:03.276;221.97574972940515;peak;True;;-0.009526923456674219;-0.08900341053902308;640;[320, 100];;;;0.0;1.509526923456674
1788433023.366802;2026-09-03 12:57:03.366;222.45278384177976;peak;True;;-0.009526923456674219;-0.13272788510358238;640;[320, 100];;;;0.0;1.509526923456674
1788433023.437483;2026-09-03 12:57:03.437;221.97468446601943;peak;True;;-0.009526923456674219;-0.10682165519003523;640;[320, 100];;;;0.0;1.509526923456674
1788433023.512964;2026-09-03 12:57:03.512;222.27567419859412;peak;True;;-0.009526923456674219;-0.12438522103665325;640;[320, 100];;;;0.0;1.509526923456674
1788433023.5855958;2026-09-03 12:57:03.585;222.18904658655111;peak;True;;-0.009526923456674219;-0.12481366578653635;640;[320, 100];;;;0.0;1.509526923456674
1788433023.6558678;2026-09-03 12:57:03.655;222.27067030909396;peak;True;;-0.009526923456674219;-0.13360171309981234;640;[320, 100];;;;0.0;1.509526923456674
1788433023.7251709;2026-09-03 12:57:03.725;222.092325540687;peak;True;;-0.009526923456674219;-0.1203497816392987;640;[320, 100];;;;0.0;1.509526923456674
1788433023.795468;2026-09-03 12:57:03.795;222.20651460584233;peak;True;;-0.009526923456674219;-0.12547398047956043;640;[320, 100];;;;0.0;1.509526923456674
1788433023.865952;2026-09-03 12:57:03.865;222.34729464011494;peak;True;;-0.009526923456674219;-0.14262131642477277;640;[320, 100];;;;0.0;1.509526923456674
1788433023.9469042;2026-09-03 12:57:03.946;222.1084613469621;peak;True;;-0.009526923456674219;-0.12752034656348193;640;[320, 100];;;;0.0;1.509526923456674
1788433024.020482;2026-09-03 12:57:04.020;222.6962982355649;peak;True;;-0.07111541856079528;-0.17969703808526044;640;[320, 100];;;;-0.06158849510412106;1.571115418560795
1788433024.224611;2026-09-03 12:57:04.224;222.0539377269157;peak;True;;-0.07111541856079528;-0.14168986993755361;640;[320, 100];;;;0.0;1.571115418560795
1788433024.298949;2026-09-03 12:57:04.298;222.0404150983009;peak;True;;-0.07111541856079528;-0.12145765667277957;640;[320, 100];;;;0.0;1.571115418560795
1788433024.3660932;2026-09-03 12:57:04.366;222.3485355562275;peak;True;;-0.07111541856079528;-0.14266238007602014;640;[320, 100];;;;0.0;1.571115418560795
1788433024.4365618;2026-09-03 12:57:04.436;222.08370920483074;peak;True;;-0.07111541856079528;-0.12695985794168083;640;[320, 100];;;;0.0;1.571115418560795
1788433024.504687;2026-09-03 12:57:04.504;222.31042538765402;peak;True;;-0.07111541856079528;-0.14224136168908944;640;[320, 100];;;;0.0;1.571115418560795
1788433024.575082;2026-09-03 12:57:04.575;221.85319122478631;peak;True;;-0.07111541856079528;-0.10404830110469143;640;[320, 100];;;;0.0;1.571115418560795
1788433024.6462138;2026-09-03 12:57:04.646;221.8646578704278;peak;True;;-0.07111541856079528;-0.0860023725123589;640;[320, 100];;;;0.0;1.571115418560795
1788433024.715673;2026-09-03 12:57:04.715;222.21774096330526;peak;True;;-0.07111541856079528;-0.11263300850574944;640;[320, 100];;;;0.0;1.571115418560795
1788433024.78986;2026-09-03 12:57:04.789;222.11294213054418;peak;True;;-0.07111541856079528;-0.11568273568720272;640;[320, 100];;;;0.0;1.571115418560795
1788433024.8553238;2026-09-03 12:57:04.855;222.07339717266325;peak;True;;-0.07111541856079528;-0.11341796475335045;640;[320, 100];;;;0.0;1.571115418560795
1788433024.9255629;2026-09-03 12:57:04.925;222.15819278454148;peak;True;;-0.07111541856079528;-0.12103599625260443;640;[320, 100];;;;0.0;1.571115418560795
1788433024.994791;2026-09-03 12:57:04.994;222.00507132514906;peak;True;;-0.07111541856079528;-0.10961232001710805;640;[320, 100];;;;0.0;1.571115418560795
1788433025.0657501;2026-09-03 12:57:05.065;222.10662800467898;peak;True;;-0.07111541856079528;-0.11426254965588328;640;[320, 100];;;;0.0;1.571115418560795
1788433025.135799;2026-09-03 12:57:05.135;221.97641886490808;peak;True;;-0.07111541856079528;-0.10361038887699885;640;[320, 100];;;;0.0;1.571115418560795
1788433025.2045271;2026-09-03 12:57:05.204;222.0679187105357;peak;True;;-0.07111541856079528;-0.10759230623616838;640;[320, 100];;;;0.0;1.571115418560795
1788433025.2743602;2026-09-03 12:57:05.274;222.14033689806934;peak;True;;-0.07111541856079528;-0.11707361958938813;640;[320, 100];;;;0.0;1.571115418560795
1788433025.345498;2026-09-03 12:57:05.345;222.05797019904813;peak;True;;-0.07111541856079528;-0.1137231839103729;640;[320, 100];;;;0.0;1.571115418560795
1788433025.4189818;2026-09-03 12:57:05.418;222.27428159775266;peak;True;;-0.07111541856079528;-0.13409507273618637;640;[320, 100];;;;0.0;1.571115418560795
1788433025.491363;2026-09-03 12:57:05.491;222.03768602413032;peak;True;;-0.07111541856079528;-0.12074168211470762;640;[320, 100];;;;0.0;1.571115418560795
1788433025.570753;2026-09-03 12:57:05.570;222.07510775937106;peak;True;;-0.07111541856079528;-0.11797415982494172;640;[320, 100];;;;0.0;1.571115418560795
1788433025.658802;2026-09-03 12:57:05.658;222.05620512820514;peak;True;;-0.07111541856079528;-0.11484350677140207;640;[320, 100];;;;0.0;1.571115418560795
1788433025.737808;2026-09-03 12:57:05.737;221.99862609696447;peak;True;;-0.07111541856079528;-0.10759167453945118;640;[320, 100];;;;0.0;1.571115418560795
1788433025.807412;2026-09-03 12:57:05.807;222.12984747352164;peak;True;;-0.07111541856079528;-0.11732332021877966;640;[320, 100];;;;0.0;1.571115418560795
1788433025.8778691;2026-09-03 12:57:05.877;222.26408673546953;peak;True;;-0.07111541856079528;-0.13601629247025315;640;[320, 100];;;;0.0;1.571115418560795
1788433025.947788;2026-09-03 12:57:05.947;221.9551231567227;peak;True;;-0.07111541856079528;-0.11448343946488891;640;[320, 100];;;;0.0;1.571115418560795
1788433026.017515;2026-09-03 12:57:06.017;222.2488424847993;peak;True;;-0.07111541856079528;-0.1334731136735519;640;[320, 100];;;;0.0;1.571115418560795
1788433026.0868428;2026-09-03 12:57:06.086;222.12812698085116;peak;True;;-0.07111541856079528;-0.13112967390681662;640;[320, 100];;;;0.0;1.571115418560795
1788433026.157173;2026-09-03 12:57:06.157;222.28378002394228;peak;True;;-0.12113799316892014;-0.14595109816017443;640;[320, 100];;;;-0.050022574608124856;1.6211379931689198
1788433026.258024;2026-09-03 12:57:06.258;221.9848724303947;peak;True;;-0.12113799316892014;-0.12352525626776967;640;[320, 100];;;;0.0;1.6211379931689198
1788433026.32817;2026-09-03 12:57:06.328;221.80960515927083;peak;True;;-0.12113799316892014;-0.09462072945594699;640;[320, 100];;;;0.0;1.6211379931689198
1788433026.396876;2026-09-03 12:57:06.396;222.06249452378867;peak;True;;-0.12113799316892014;-0.10560863545424397;640;[320, 100];;;;0.0;1.6211379931689198
1788433026.4672499;2026-09-03 12:57:06.467;222.13930655316778;peak;True;;-0.12113799316892014;-0.11903103938044325;640;[320, 100];;;;0.0;1.6211379931689198
1788433026.5378811;2026-09-03 12:57:06.537;221.77120712352271;peak;True;;-0.12113799316892014;-0.08871942208112471;640;[320, 100];;;;0.0;1.6211379931689198
1788433026.606602;2026-09-03 12:57:06.606;222.07630258497483;peak;True;;-0.12113799316892014;-0.10424165260557494;640;[320, 100];;;;0.0;1.6211379931689198
1788433026.6779132;2026-09-03 12:57:06.677;221.96325251448982;peak;True;;-0.12113799316892014;-0.10072494126009474;640;[320, 100];;;;0.0;1.6211379931689198
1788433026.74856;2026-09-03 12:57:06.748;222.4339885105615;peak;True;;-0.17140208895776476;-0.1466557856304044;640;[320, 100];;;;-0.05026409578884461;1.6714020889577643
1788433026.848114;2026-09-03 12:57:06.848;221.87492319468902;peak;True;;-0.17140208895776476;-0.11363144501935721;640;[320, 100];;;;0.0;1.6714020889577643
1788433026.918226;2026-09-03 12:57:06.918;221.9849878899403;peak;True;;-0.17140208895776476;-0.10818009389906691;640;[320, 100];;;;0.0;1.6714020889577643
1788433026.988222;2026-09-03 12:57:06.988;221.95548501619226;peak;True;;-0.17140208895776476;-0.10252160203204319;640;[320, 100];;;;0.0;1.6714020889577643
1788433027.061534;2026-09-03 12:57:07.061;221.92285787777956;peak;True;;-0.17140208895776476;-0.09640632940216626;640;[320, 100];;;;0.0;1.6714020889577643
1788433027.138038;2026-09-03 12:57:07.138;221.98508210409128;peak;True;;-0.17140208895776476;-0.09962558314619578;640;[320, 100];;;;0.0;1.6714020889577643
1788433027.2081778;2026-09-03 12:57:07.208;221.9621226052074;peak;True;;-0.17140208895776476;-0.09896502818401885;640;[320, 100];;;;0.0;1.6714020889577643
1788433027.287992;2026-09-03 12:57:07.287;222.08333942574515;peak;True;;-0.17140208895776476;-0.1109337218365684;640;[320, 100];;;;0.0;1.6714020889577643
1788433027.357444;2026-09-03 12:57:07.357;221.98662597458005;peak;True;;-0.17140208895776476;-0.10730312081223786;640;[320, 100];;;;0.0;1.6714020889577643
1747095671.4685647;2025-05-13 02:21:11.468;231.698083770508;peak;False;;0.0;;640;[320, 100];;;;;0.0
1747095671.6450446;2025-05-13 02:21:11.645;231.7337454048861;peak;False;;0.0;;640;[320, 100];;;;;0.0
1747095671.8242505;2025-05-13 02:21:11.824;231.587557210805;peak;False;;0.0;;640;[320, 100];;;;;0.0
1747095672.0033596;2025-05-13 02:21:12.003;231.6863111824871;peak;False;;0.0;;640;[320, 100];;;;;0.0
1747095672.1805806;2025-05-13 02:21:12.180;231.66960858930162;peak;False;;0.0;;640;[320, 100];;;;;0.0
1747095672.3599286;2025-05-13 02:21:12.359;231.72590984112165;peak;False;;0.0;;640;[320, 100];;;;;0.0
1747095672.5387776;2025-05-13 02:21:12.538;231.51009188192336;peak;False;;0.0;;640;[320, 100];;;;;0.0
1747095672.7196906;2025-05-13 02:21:12.719;231.68662594699666;peak;False;;0.0;;640;[320, 100];;;;;0.0
1747095672.89963;2025-05-13 02:21:12.899;231.75774263107706;peak;False;;0.0;;640;[320, 100];;;;;0.0
1747095673.0781696;2025-05-13 02:21:13.078;232.02335494716618;peak;False;;0.0;;640;[320, 100];;;;;0.0
1747095673.2564926;2025-05-13 02:21:13.256;231.53658455564823;peak;False;;0.0;;640;[320, 100];;;;;0.0
1747095673.435581;2025-05-13 02:21:13.435;231.66935249439106;peak;False;;0.0;;640;[320, 100];;;;;0.0
1747095673.6147482;2025-05-13 02:21:13.614;231.5869039177273;peak;False;;0.0;;640;[320, 100];;;;;0.0
1747095673.7941551;2025-05-13 02:21:13.794;231.63651071741424;peak;False;;0.0;;640;[320, 100];;;;;0.0
1747095673.9719713;2025-05-13 02:21:13.971;231.42211294416245;peak;False;;0.0;;640;[320, 100];;;;;0.0
1747095674.152043;2025-05-13 02:21:14.152;231.85822655638896;peak;False;;0.0;;640;[320, 100];;;;;0.0
1747095674.3323643;2025-05-13 02:21:14.332;231.7639465251878;peak;False;;0.0;;640;[320, 100];;;;;0.0
1747095674.5108056;2025-05-13 02:21:14.510;231.78832671160137;peak;False;;0.0;;640;[320, 100];;;;;0.0
1747095674.6896262;2025-05-13 02:21:14.689;231.8534051753947;peak;False;;0.0;;640;[320, 100];;;;;0.0
1747095674.8680348;2025-05-13 02:21:14.868;231.9183651515951;peak;False;;0.0;;640;[320, 100];;;;;0.0
1747095675.0480137;2025-05-13 02:21:15.048;232.07232732054567;peak;False;;0.0;;640;[320, 100];;;;;0.0
1747095675.2264242;2025-05-13 02:21:15.226;231.69584820768065;peak;False;;0.0;;640;[320, 100];;;;;0.0
1747095675.406255;2025-05-13 02:21:15.406;231.86258871692843;peak;False;;0.0;;640;[320, 100];;;;;0.0
1747095675.585223;2025-05-13 02:21:15.585;231.78387575066978;peak;False;;0.0;;640;[320, 100];;;;;0.0
1747095675.7645707;2025-05-13 02:21:15.764;231.7617959250071;peak;False;;0.0;;640;[320, 100];;;;;0.0
1747095675.943152;2025-05-13 02:21:15.943;231.86791555871622;peak;False;;0.0;;640;[320, 100];;;;;0.0
1747095676.1231015;2025-05-13 02:21:16.123;231.87944951285465;peak;False;;0.0;;640;[320, 100];;;;;0.0
1747095676.3019829;2025-05-13 02:21:16.301;231.79309087523856;peak;False;;0.0;;640;[320, 100];;;;;0.0
1747095676.4796321;2025-05-13 02:21:16.479;231.95597180470614;peak;False;;0.0;;640;[320, 100];;;;;0.0
1747095676.657641;2025-05-13 02:21:16.657;232.059584464527;peak;False;;0.0;;640;[320, 100];;;;;0.0
1747095676.838379;2025-05-13 02:21:16.838;231.83493592927385;peak;False;;0.0;;640;[320, 100];;;;;0.0
1747095677.1040783;2025-05-13 02:21:17.104;231.82989440803723;peak;False;;0.0;;640;[320, 100];;;;;0.0
1747095677.2809715;2025-05-13 02:21:17.280;231.62455711444042;peak;False;;0.0;;640;[320, 100];;;;;0.0
1747095677.461821;2025-05-13 02:21:17.461;232.13025742876786;peak;False;;0.0;;640;[320, 100];;;;;0.0
1747095677.6401749;2025-05-13 02:21:17.640;231.46544093210565;peak;False;;0.0;;640;[320, 100];;;;;0.0
1747095677.818971;2025-05-13 02:21:17.818;231.75695938719346;peak;False;;0.0;;640;[320, 100];;;;;0.0
1747095677.998183;2025-05-13 02:21:17.998;232.1108794349352;peak;False;;0.0;;640;[320, 100];;;;;0.0
1747095678.1751428;2025-05-13 02:21:18.175;231.84383692698535;peak;False;;0.0;;640;[320, 100];;;;;0.0
1747095678.3549092;2025-05-13 02:21:18.354;232.25960776765157;peak;False;;0.0;;640;[320, 100];;;;;0.0
1747095678.5340533;2025-05-13 02:21:18.534;232.27004245533345;peak;False;;0.0;;640;[320, 100];;;;;0.0
1747095678.7122052;2025-05-13 02:21:18.712;231.97273444787257;peak;False;;0.0;;640;[320, 100];;;;;0.0
1747095678.890529;2025-05-13 02:21:18.890;232.23331960206792;peak;False;;0.0;;640;[320, 100];;;;;0.0
1747095679.069503;2025-05-13 02:21:19.069;232.13384524884975;peak;False;;0.0;;640;[320, 100];;;;;0.0
1747095679.249347;2025-05-13 02:21:19.249;232.03902947096412;peak;False;;0.0;;640;[320, 100];;;;;0.0
1747095679.4270647;2025-05-13 02:21:19.427;232.17091167197637;peak;False;;0.0;;640;[320, 100];;;;;0.0
1747095679.607026;2025-05-13 02:21:19.607;231.9593405326467;peak;False;;0.0;;640;[320, 100];;;;;0.0
1747095679.7874746;2025-05-13 02:21:19.787;232.29622428810274;peak;False;;0.0;;640;[320, 100];;;;;0.0
1747095679.9669242;2025-05-13 02:21:19.966;231.83971628827257;peak;False;;0.0;;640;[320, 100];;;;;0.0
1747095680.1531727;2025-05-13 02:21:20.153;231.6894653750783;peak;False;;0.0;;640;[320, 100];;;;;0.0
1747095680.334284;2025-05-13 02:21:20.334;232.13985731639667;peak;False;;0.0;;640;[320, 100];;;;;0.0
1747095680.5115871;2025-05-13 02:21:20.511;232.28920220824682;peak;False;;0.0;;640;[320, 100];;;;;0.0
1747095680.6915207;2025-05-13 02:21:20.691;232.14717456136952;peak;False;;0.0;;640;[320, 100];;;;;0.0
1747095680.8694155;2025-05-13 02:21:20.869;232.06508953941716;peak;False;;0.0;;640;[320, 100];;;;;0.0
1747095681.046938;2025-05-13 02:21:21.046;232.06346096862345;peak;False;;0.0;;640;[320, 100];;;;;0.0
1747095681.2274206;2025-05-13 02:21:21.227;232.3361580071524;peak;False;;0.0;;640;[320, 100];;;;;0.0
1747095681.4062731;2025-05-13 02:21:21.406;232.00382858763425;peak;False;;0.0;;640;[320, 100];;;;;0.0
1747095681.5853186;2025-05-13 02:21:21.585;232.16777361951392;peak;False;;0.0;;640;[320, 100];;;;;0.0
1747095681.764017;2025-05-13 02:21:21.764;232.16092527502067;peak;False;;0.0;;640;[320, 100];;;;;0.0
1747095681.941761;2025-05-13 02:21:21.941;231.96844287233995;peak;False;;0.0;;640;[320, 100];;;;;0.0
1747095682.1215048;2025-05-13 02:21:22.121;232.06807605660754;peak;False;;0.0;;640;[320, 100];;;;;0.0
1747095682.3010983;2025-05-13 02:21:22.301;232.01884259759382;peak;False;;0.0;;640;[320, 100];;;;;0.0
1747095682.4775312;2025-05-13 02:21:22.477;232.4274138100383;peak;False;;0.0;;640;[320, 100];;;;;0.0
1747095682.6580892;2025-05-13 02:21:22.658;232.08223873799437;peak;False;;0.0;;640;[320, 100];;;;;0.0
1747095682.835797;2025-05-13 02:21:22.835;232.2448512713392;peak;False;;0.0;;640;[320, 100];;;;;0.0
1747095683.014755;2025-05-13 02:21:23.014;232.47481084999885;peak;False;;0.0;;640;[320, 100];;;;;0.0
1747095683.194213;2025-05-13 02:21:23.194;232.2286561059309;peak;False;;0.0;;640;[320, 100];;;;;0.0
1747095683.3711076;2025-05-13 02:21:23.371;232.2178554774901;peak;False;;0.0;;640;[320, 100];;;;;0.0
1747095683.5486307;2025-05-13 02:21:23.548;232.09080634625963;peak;False;;0.0;;640;[320, 100];;;;;0.0
1747095683.727654;2025-05-13 02:21:23.727;232.28473927223425;peak;False;;0.0;;640;[320, 100];;;;;0.0
1747095683.906941;2025-05-13 02:21:23.906;231.95761816097374;peak;False;;0.0;;640;[320, 100];;;;;0.0
1747095684.0868793;2025-05-13 02:21:24.086;232.3020930473526;peak;False;;0.0;;640;[320, 100];;;;;0.0
1747095684.2653573;2025-05-13 02:21:24.265;232.18551773856623;peak;False;;0.0;;640;[320, 100];;;;;0.0
1747095684.4428954;2025-05-13 02:21:24.442;232.1606994651849;peak;False;;0.0;;640;[320, 100];;;;;0.0
1747095684.62163;2025-05-13 02:21:24.621;232.2835446925794;peak;False;;0.0;;640;[320, 100];;;;;0.0
1747095684.8010683;2025-05-13 02:21:24.801;232.10129233420173;peak;False;;0.0;;640;[320, 100];;;;;0.0
1747095684.980117;2025-05-13 02:21:24.980;232.5343149568083;peak;False;;0.0;;640;[320, 100];;;;;0.0
1747095685.1573105;2025-05-13 02:21:25.157;232.31680324163494;peak;False;;0.0;;640;[320, 100];;;;;0.0
1747095685.3368976;2025-05-13 02:21:25.336;232.21536829342224;peak;False;;0.0;;640;[320, 100];;;;;0.0
1747095685.516474;2025-05-13 02:21:25.516;232.39100892304202;peak;False;;0.0;;640;[320, 100];;;;;0.0
1747095685.693115;2025-05-13 02:21:25.693;232.06684581178777;peak;False;;0.0;;640;[320, 100];;;;;0.0
1747095685.8724031;2025-05-13 02:21:25.872;232.29135353600935;peak;False;;0.0;;640;[320, 100];;;;;0.0
1747095686.051839;2025-05-13 02:21:26.051;232.23792530308955;peak;False;;0.0;;640;[320, 100];;;;;0.0
1747095686.2308054;2025-05-13 02:21:26.230;232.31994735034908;peak;False;;0.0;;640;[320, 100];;;;;0.0
1747095686.4088387;2025-05-13 02:21:26.408;232.24141469642367;peak;False;;0.0;;640;[320, 100];;;;;0.0
1747095686.5874677;2025-05-13 02:21:26.587;232.5653567683834;peak;False;;0.0;;640;[320, 100];;;;;0.0
1747095686.765352;2025-05-13 02:21:26.765;232.48602537248547;peak;False;;0.0;;640;[320, 100];;;;;0.0
1747095686.9433126;2025-05-13 02:21:26.943;232.30567862417226;peak;False;;0.0;;640;[320, 100];;;;;0.0
1747095687.1229513;2025-05-13 02:21:27.122;232.51043986113606;peak;False;;0.0;;640;[320, 100];;;;;0.0
1747095687.3003974;2025-05-13 02:21:27.300;232.07832880649337;peak;False;;0.0;;640;[320, 100];;;;;0.0
1747095687.4792438;2025-05-13 02:21:27.479;232.3829395485858;peak;False;;0.0;;640;[320, 100];;;;;0.0
1747095687.65666;2025-05-13 02:21:27.656;232.6700122669777;peak;False;;0.0;;640;[320, 100];;;;;0.0
1747095687.8328962;2025-05-13 02:21:27.832;232.20478144281995;peak;False;;0.0;;640;[320, 100];;;;;0.0
1747095688.0120797;2025-05-13 02:21:28.012;232.43528354108165;peak;False;;0.0;;640;[320, 100];;;;;0.0
1747095688.1923263;2025-05-13 02:21:28.192;232.53649300824537;peak;False;;0.0;;640;[320, 100];;;;;0.0
1747095688.3719454;2025-05-13 02:21:28.371;232.6075385662618;peak;False;;0.0;;640;[320, 100];;;;;0.0
1747095688.5513945;2025-05-13 02:21:28.551;232.39537921704573;peak;False;;0.0;;640;[320, 100];;;;;0.0
1747095688.7310505;2025-05-13 02:21:28.731;232.4309739655974;peak;False;;0.0;;640;[320, 100];;;;;0.0
1747095688.9094136;2025-05-13 02:21:28.909;232.5653352054823;peak;False;;0.0;;640;[320, 100];;;;;0.0
1747095689.089258;2025-05-13 02:21:29.089;232.38549819030365;peak;False;;0.0;;640;[320, 100];;;;;0.0
1747095689.2655709;2025-05-13 02:21:29.265;232.73157420804392;peak;False;;0.0;;640;[320, 100];;;;;0.0
1747095689.4444432;2025-05-13 02:21:29.444;232.488823468011;peak;False;;0.0;;640;[320, 100];;;;;0.0
1747095689.6219242;2025-05-13 02:21:29.621;232.91576069705434;peak;False;;0.0;;640;[320, 100];;;;;0.0
1747095689.8021486;2025-05-13 02:21:29.802;232.3122174842567;peak;False;;0.0;;640;[320, 100];;;;;0.0
1747095689.9795175;2025-05-13 02:21:29.979;232.86001620606638;peak;False;;0.0;;640;[320, 100];;;;;0.0
1747095690.1598306;2025-05-13 02:21:30.159;232.45754697122211;peak;False;;0.0;;640;[320, 100];;;;;0.0
1747095690.339824;2025-05-13 02:21:30.339;232.64246374711084;peak;False;;0.0;;640;[320, 100];;;;;0.0
1747095690.520003;2025-05-13 02:21:30.520;232.80771063525629;peak;False;;0.0;;640;[320, 100];;;;;0.0
1747095690.7005677;2025-05-13 02:21:30.700;232.47551566506857;peak;False;;0.0;;640;[320, 100];;;;;0.0
1747095690.8792636;2025-05-13 02:21:30.879;232.77563411258205;peak;False;;0.0;;640;[320, 100];;;;;0.0
1747095691.0556111;2025-05-13 02:21:31.055;233.0167942158894;peak;False;;0.0;;640;[320, 100];;;;;0.0
1747095691.2358088;2025-05-13 02:21:31.235;232.51106606594504;peak;False;;0.0;;640;[320, 100];;;;;0.0
1747095691.41683;2025-05-13 02:21:31.416;232.68663599237004;peak;False;;0.0;;640;[320, 100];;;;;0.0
1747095691.593893;2025-05-13 02:21:31.593;232.44668276417156;peak;False;;0.0;;640;[320, 100];;;;;0.0
1747095691.7724824;2025-05-13 02:21:31.772;232.5981377132419;peak;False;;0.0;;640;[320, 100];;;;;0.0
1747095691.9511585;2025-05-13 02:21:31.951;232.8571586532644;peak;False;;0.0;;640;[320, 100];;;;;0.0
1747095692.1309683;2025-05-13 02:21:32.130;232.7421607719674;peak;False;;0.0;;640;[320, 100];;;;;0.0
1747095692.3074389;2025-05-13 02:21:32.307;232.57430265403403;peak;False;;0.0;;640;[320, 100];;;;;0.0
1747095692.4869318;2025-05-13 02:21:32.486;232.82498241183367;peak;False;;0.0;;640;[320, 100];;;;;0.0
1747095692.6636043;2025-05-13 02:21:32.663;232.78682015375944;peak;False;;0.0;;640;[320, 100];;;;;0.0
1747095692.8425295;2025-05-13 02:21:32.842;232.56411178551448;peak;False;;0.0;;640;[320, 100];;;;;0.0
1747095693.0217855;2025-05-13 02:21:33.021;232.94155394187877;peak;False;;0.0;;640;[320, 100];;;;;0.0
1747095693.199408;2025-05-13 02:21:33.199;232.73966535225966;peak;False;;0.0;;640;[320, 100];;;;;0.0
1747095693.3789535;2025-05-13 02:21:33.378;232.80166961579565;peak;False;;0.0;;640;[320, 100];;;;;0.0
1747095693.5566812;2025-05-13 02:21:33.556;232.52302068817664;peak;False;;0.0;;640;[320, 100];;;;;0.0
1747095693.7368634;2025-05-13 02:21:33.736;233.03240579575606;peak;False;;0.0;;640;[320, 100];;;;;0.0
1747095693.9164212;2025-05-13 02:21:33.916;232.83779803088262;peak;False;;0.0;;640;[320, 100];;;;;0.0
1747095694.0929985;2025-05-13 02:21:34.092;232.746092211687;peak;False;;0.0;;640;[320, 100];;;;;0.0
1747095694.270787;2025-05-13 02:21:34.270;232.95296325655133;peak;False;;0.0;;640;[320, 100];;;;;0.0
1747095694.4504402;2025-05-13 02:21:34.450;232.63839789089434;peak;False;;0.0;;640;[320, 100];;;;;0.0
1747095694.6296403;2025-05-13 02:21:34.629;232.91100263711127;peak;False;;0.0;;640;[320, 100];;;;;0.0
1747095694.8072715;2025-05-13 02:21:34.807;232.71293295174388;peak;False;;0.0;;640;[320, 100];;;;;0.0
1747095694.9856265;2025-05-13 02:21:34.985;233.00476263264173;peak;False;;0.0;;640;[320, 100];;;;;0.0
1747095695.1629531;2025-05-13 02:21:35.162;232.94275173451783;peak;False;;0.0;;640;[320, 100];;;;;0.0
1747095695.3415778;2025-05-13 02:21:35.341;232.83515258145724;peak;False;;0.0;;640;[320, 100];;;;;0.0
1747095695.5194345;2025-05-13 02:21:35.519;232.93060614983384;peak;False;;0.0;;640;[320, 100];;;;;0.0
1747095695.698926;2025-05-13 02:21:35.698;232.85293082415055;peak;False;;0.0;;640;[320, 100];;;;;0.0
1747095695.8764782;2025-05-13 02:21:35.876;232.98917771930292;peak;False;;0.0;;640;[320, 100];;;;;0.0
1747095696.0544276;2025-05-13 02:21:36.054;232.93414896632177;peak;False;;0.0;;640;[320, 100];;;;;0.0
1747095696.231709;2025-05-13 02:21:36.231;233.06447389493914;peak;False;;0.0;;640;[320, 100];;;;;0.0
1747095696.4093344;2025-05-13 02:21:36.409;232.91289367822083;peak;False;;0.0;;640;[320, 100];;;;;0.0
1747095696.58992;2025-05-13 02:21:36.589;232.90766372503484;peak;False;;0.0;;640;[320, 100];;;;;0.0
1747095696.769924;2025-05-13 02:21:36.769;232.82704840916867;peak;False;;0.0;;640;[320, 100];;;;;0.0
1747095696.9495502;2025-05-13 02:21:36.949;232.69468913679341;peak;False;;0.0;;640;[320, 100];;;;;0.0
1747095697.1269891;2025-05-13 02:21:37.126;232.96974754810844;peak;False;;0.0;;640;[320, 100];;;;;0.0
1747095697.3068278;2025-05-13 02:21:37.306;232.72028570067678;peak;False;;0.0;;640;[320, 100];;;;;0.0
1747095697.4842284;2025-05-13 02:21:37.484;232.93644389981029;peak;False;;0.0;;640;[320, 100];;;;;0.0
1747095697.6654842;2025-05-13 02:21:37.665;232.98849528016837;peak;False;;0.0;;640;[320, 100];;;;;0.0
1747095697.8442738;2025-05-13 02:21:37.844;232.89287959381045;peak;False;;0.0;;640;[320, 100];;;;;0.0
1747095698.0263994;2025-05-13 02:21:38.026;232.97511122376736;peak;False;;0.0;;640;[320, 100];;;;;0.0
1747095698.2163947;2025-05-13 02:21:38.216;232.96132773050715;peak;False;;0.0;;640;[320, 100];;;;;0.0
1747095698.3928082;2025-05-13 02:21:38.392;232.78488345101482;peak;False;;0.0;;640;[320, 100];;;;;0.0
1747095698.577091;2025-05-13 02:21:38.577;232.94879342803355;peak;False;;0.0;;640;[320, 100];;;;;0.0
1747095698.7568362;2025-05-13 02:21:38.756;232.9857827238032;peak;False;;0.0;;640;[320, 100];;;;;0.0
1747095698.936149;2025-05-13 02:21:38.936;233.28996281034884;peak;False;;0.0;;640;[320, 100];;;;;0.0
1747095699.1268873;2025-05-13 02:21:39.126;232.94156352407902;peak;False;;0.0;;640;[320, 100];;;;;0.0
1747095699.3076713;2025-05-13 02:21:39.307;233.0725318990931;peak;False;;0.0;;640;[320, 100];;;;;0.0
1747095699.4864893;2025-05-13 02:21:39.486;232.71697098229836;peak;False;;0.0;;640;[320, 100];;;;;0.0
1747095699.669629;2025-05-13 02:21:39.669;233.14871377180478;peak;False;;0.0;;640;[320, 100];;;;;0.0
1747095699.8473768;2025-05-13 02:21:39.847;233.2812598483205;peak;False;;0.0;;640;[320, 100];;;;;0.0
1747095700.0302827;2025-05-13 02:21:40.030;233.21606737536538;peak;False;;0.0;;640;[320, 100];;;;;0.0
1747095700.2147448;2025-05-13 02:21:40.214;233.34140349983227;peak;False;;0.0;;640;[320, 100];;;;;0.0
1747095700.3942866;2025-05-13 02:21:40.394;233.1817182297136;peak;False;;0.0;;640;[320, 100];;;;;0.0
1747095700.5769122;2025-05-13 02:21:40.576;232.72249440751128;peak;False;;0.0;;640;[320, 100];;;;;0.0
1747095700.7558753;2025-05-13 02:21:40.755;232.94338979309475;peak;False;;0.0;;640;[320, 100];;;;;0.0
1747095700.935716;2025-05-13 02:21:40.935;232.81603198939212;peak;False;;0.0;;640;[320, 100];;;;;0.0
1747095701.1244373;2025-05-13 02:21:41.124;233.16354138978164;peak;False;;0.0;;640;[320, 100];;;;;0.0
1747095701.3011563;2025-05-13 02:21:41.301;233.32142016671415;peak;False;;0.0;;640;[320, 100];;;;;0.0
1747095701.478808;2025-05-13 02:21:41.478;233.12607020729564;peak;False;;0.0;;640;[320, 100];;;;;0.0
1747095701.660597;2025-05-13 02:21:41.660;233.47627700101722;peak;False;;0.0;;640;[320, 100];;;;;0.0
1747095701.8391275;2025-05-13 02:21:41.839;233.130203260972;peak;False;;0.0;;640;[320, 100];;;;;0.0
1747095702.0187235;2025-05-13 02:21:42.018;233.25745463204038;peak;False;;0.0;;640;[320, 100];;;;;0.0
1747095702.2066245;2025-05-13 02:21:42.206;233.2441940357356;peak;False;;0.0;;640;[320, 100];;;;;0.0
1747095702.3841782;2025-05-13 02:21:42.384;233.42406897732636;peak;False;;0.0;;640;[320, 100];;;;;0.0
1747095702.5712812;2025-05-13 02:21:42.571;233.0360820717477;peak;False;;0.0;;640;[320, 100];;;;;0.0
1747095702.7491038;2025-05-13 02:21:42.749;233.1740092640247;peak;False;;0.0;;640;[320, 100];;;;;0.0
1747095702.932109;2025-05-13 02:21:42.932;233.5012391733681;peak;False;;0.0;;640;[320, 100];;;;;0.0
1747095703.1212964;2025-05-13 02:21:43.121;233.5327674894938;peak;False;;0.0;;640;[320, 100];;;;;0.0
1747095703.2989528;2025-05-13 02:21:43.298;233.33954053362885;peak;False;;0.0;;640;[320, 100];;;;;0.0
1747095703.4793463;2025-05-13 02:21:43.479;233.32101348756652;peak;False;;0.0;;640;[320, 100];;;;;0.0
1747095703.6639702;2025-05-13 02:21:43.663;233.48860012619159;peak;False;;0.0;;640;[320, 100];;;;;0.0
1747095703.8428001;2025-05-13 02:21:43.842;233.3550742633746;peak;False;;0.0;;640;[320, 100];;;;;0.0
1747095704.0209954;2025-05-13 02:21:44.020;233.4871086132676;peak;False;;0.0;;640;[320, 100];;;;;0.0
1747095704.2092118;2025-05-13 02:21:44.209;233.17383117010624;peak;False;;0.0;;640;[320, 100];;;;;0.0
1747095704.3885653;2025-05-13 02:21:44.388;233.50316332199313;peak;False;;0.0;;640;[320, 100];;;;;0.0
1747095704.5739994;2025-05-13 02:21:44.573;233.06477242964533;peak;False;;0.0;;640;[320, 100];;;;;0.0
1747095704.7516916;2025-05-13 02:21:44.751;233.55735899368153;peak;False;;0.0;;640;[320, 100];;;;;0.0
1747095704.9280407;2025-05-13 02:21:44.928;233.33711254181753;peak;False;;0.0;;640;[320, 100];;;;;0.0
1747095705.110065;2025-05-13 02:21:45.110;233.27157548209783;peak;False;;0.0;;640;[320, 100];;;;;0.0
1747095705.2892313;2025-05-13 02:21:45.289;233.4191747019968;peak;False;;0.0;;640;[320, 100];;;;;0.0
1747095705.4841685;2025-05-13 02:21:45.484;233.48019062824537;peak;False;;0.0;;640;[320, 100];;;;;0.0
1747095705.6671042;2025-05-13 02:21:45.667;233.5642203745668;peak;False;;0.0;;640;[320, 100];;;;;0.0
1747095705.846508;2025-05-13 02:21:45.846;233.7647278855993;peak;False;;0.0;;640;[320, 100];;;;;0.0
1747095706.027019;2025-05-13 02:21:46.027;233.3741062450017;peak;False;;0.0;;640;[320, 100];;;;;0.0
1747095706.211704;2025-05-13 02:21:46.211;233.40490396149113;peak;False;;0.0;;640;[320, 100];;;;;0.0
1747095706.3904643;2025-05-13 02:21:46.390;233.36075346304747;peak;False;;0.0;;640;[320, 100];;;;;0.0
1747095706.571913;2025-05-13 02:21:46.571;233.64384634073915;peak;False;;0.0;;640;[320, 100];;;;;0.0
1747095706.7508676;2025-05-13 02:21:46.750;233.55709255325306;peak;False;;0.0;;640;[320, 100];;;;;0.0
1747095706.9312637;2025-05-13 02:21:46.931;233.3232765244963;peak;False;;0.0;;640;[320, 100];;;;;0.0
1747095707.1105385;2025-05-13 02:21:47.110;233.54493329111432;peak;False;;0.0;;640;[320, 100];;;;;0.0
1747095707.3014965;2025-05-13 02:21:47.301;233.40167791441388;peak;False;;0.0;;640;[320, 100];;;;;0.0
1747095707.4784718;2025-05-13 02:21:47.478;233.51401658002206;peak;False;;0.0;;640;[320, 100];;;;;0.0
1747095707.661885;2025-05-13 02:21:47.661;233.7711263245414;peak;False;;0.0;;640;[320, 100];;;;;0.0
1747095707.8391995;2025-05-13 02:21:47.839;233.46638232356858;peak;False;;0.0;;640;[320, 100];;;;;0.0
1747095708.0174987;2025-05-13 02:21:48.017;233.7556407736958;peak;False;;0.0;;640;[320, 100];;;;;0.0
1747095708.2092109;2025-05-13 02:21:48.209;233.5273066671151;peak;False;;0.0;;640;[320, 100];;;;;0.0
1747095708.3862631;2025-05-13 02:21:48.386;233.77800042715177;peak;False;;0.0;;640;[320, 100];;;;;0.0
1747095708.56862;2025-05-13 02:21:48.568;233.6466605517874;peak;False;;0.0;;640;[320, 100];;;;;0.0
1747095708.7493198;2025-05-13 02:21:48.749;233.34240209180228;peak;False;;0.0;;640;[320, 100];;;;;0.0
1747095708.9282382;2025-05-13 02:21:48.928;233.4119952918427;peak;False;;0.0;;640;[320, 100];;;;;0.0
1747095709.1126661;2025-05-13 02:21:49.112;233.81398450351284;peak;False;;0.0;;640;[320, 100];;;;;0.0
1747095709.289738;2025-05-13 02:21:49.289;233.59017780144484;peak;False;;0.0;;640;[320, 100];;;;;0.0
1747095709.468045;2025-05-13 02:21:49.468;233.4691162208424;peak;False;;0.0;;640;[320, 100];;;;;0.0
1747095709.6492455;2025-05-13 02:21:49.649;233.41442615355658;peak;False;;0.0;;640;[320, 100];;;;;0.0
1747095709.8278303;2025-05-13 02:21:49.827;233.6962249028173;peak;False;;0.0;;640;[320, 100];;;;;0.0
1747095710.0074055;2025-05-13 02:21:50.007;233.77384179842133;peak;False;;0.0;;640;[320, 100];;;;;0.0
1747095710.1949592;2025-05-13 02:21:50.194;233.7870059427153;peak;False;;0.0;;640;[320, 100];;;;;0.0
1747095710.3728828;2025-05-13 02:21:50.372;233.51098667171257;peak;False;;0.0;;640;[320, 100];;;;;0.0
1747095710.5558822;2025-05-13 02:21:50.555;233.69129114680118;peak;False;;0.0;;640;[320, 100];;;;;0.0
1747095710.7428362;2025-05-13 02:21:50.742;233.5590581627254;peak;False;;0.0;;640;[320, 100];;;;;0.0
1747095710.9212465;2025-05-13 02:21:50.921;233.899899553787;peak;False;;0.0;;640;[320, 100];;;;;0.0
1747095711.1053255;2025-05-13 02:21:51.105;233.6433125254557;peak;False;;0.0;;640;[320, 100];;;;;0.0
1747095711.284648;2025-05-13 02:21:51.284;233.38039043256828;peak;False;;0.0;;640;[320, 100];;;;;0.0
1747095711.4641395;2025-05-13 02:21:51.464;233.36505752975881;peak;False;;0.0;;640;[320, 100];;;;;0.0
1747095711.6459594;2025-05-13 02:21:51.645;233.80515356980214;peak;False;;0.0;;640;[320, 100];;;;;0.0
1747095711.8242064;2025-05-13 02:21:51.824;233.6856121041151;peak;False;;0.0;;640;[320, 100];;;;;0.0
1747095712.0037706;2025-05-13 02:21:52.003;233.60679361462613;peak;False;;0.0;;640;[320, 100];;;;;0.0
1747095712.1923056;2025-05-13 02:21:52.192;233.72774576553297;peak;False;;0.0;;640;[320, 100];;;;;0.0
1747095712.3710377;2025-05-13 02:21:52.371;233.86536920965023;peak;False;;0.0;;640;[320, 100];;;;;0.0
1747095712.5503192;2025-05-13 02:21:52.550;233.51689421585888;peak;False;;0.0;;640;[320, 100];;;;;0.0
1747095712.743303;2025-05-13 02:21:52.743;233.8894416868675;peak;False;;0.0;;640;[320, 100];;;;;0.0
1747095712.921408;2025-05-13 02:21:52.921;233.88436739312726;peak;False;;0.0;;640;[320, 100];;;;;0.0
1747095713.1074038;2025-05-13 02:21:53.107;233.96141966746194;peak;False;;0.0;;640;[320, 100];;;;;0.0
1747095713.2873209;2025-05-13 02:21:53.287;233.85113258858453;peak;False;;0.0;;640;[320, 100];;;;;0.0
1747095713.4668972;2025-05-13 02:21:53.466;233.7687525764696;peak;False;;0.0;;640;[320, 100];;;;;0.0
1747095713.6472948;2025-05-13 02:21:53.647;233.87410121794142;peak;False;;0.0;;640;[320, 100];;;;;0.0
1747095713.828057;2025-05-13 02:21:53.828;234.15448363790904;peak;False;;0.0;;640;[320, 100];;;;;0.0
1747095714.0083025;2025-05-13 02:21:54.008;233.8064142025063;peak;False;;0.0;;640;[320, 100];;;;;0.0
1747095714.1983423;2025-05-13 02:21:54.198;233.7329682137473;peak;False;;0.0;;640;[320, 100];;;;;0.0
1747095714.3758464;2025-05-13 02:21:54.375;234.0016923746434;peak;False;;0.0;;640;[320, 100];;;;;0.0
1747095714.562051;2025-05-13 02:21:54.562;234.02486178972768;peak;False;;0.0;;640;[320, 100];;;;;0.0
1747095714.7407727;2025-05-13 02:21:54.740;233.70032072154206;peak;False;;0.0;;640;[320, 100];;;;;0.0
1747095714.918698;2025-05-13 02:21:54.918;233.9070769504131;peak;False;;0.0;;640;[320, 100];;;;;0.0
1747095715.0986388;2025-05-13 02:21:55.098;233.98891774823215;peak;False;;0.0;;640;[320, 100];;;;;0.0
1747095715.2820108;2025-05-13 02:21:55.282;234.09807374748846;peak;False;;0.0;;640;[320, 100];;;;;0.0
1747095715.4601948;2025-05-13 02:21:55.460;234.2232129537965;peak;False;;0.0;;640;[320, 100];;;;;0.0
1747095715.6403174;2025-05-13 02:21:55.640;233.88887507853073;peak;False;;0.0;;640;[320, 100];;;;;0.0
1747095715.8190584;2025-05-13 02:21:55.819;233.87490194755352;peak;False;;0.0;;640;[320, 100];;;;;0.0
1747095715.9963846;2025-05-13 02:21:55.996;233.75611819786135;peak;False;;0.0;;640;[320, 100];;;;;0.0
1747095716.1812181;2025-05-13 02:21:56.181;233.87292317070157;peak;False;;0.0;;640;[320, 100];;;;;0.0
1747095716.360694;2025-05-13 02:21:56.360;234.06778251572484;peak;False;;0.0;;640;[320, 100];;;;;0.0
1747095716.5440686;2025-05-13 02:21:56.544;234.25893164897283;peak;False;;0.0;;640;[320, 100];;;;;0.0
1747095716.7323825;2025-05-13 02:21:56.732;234.10646742448955;peak;False;;0.0;;640;[320, 100];;;;;0.0
1747095716.91049;2025-05-13 02:21:56.910;234.1021111137059;peak;False;;0.0;;640;[320, 100];;;;;0.0
1747095717.092406;2025-05-13 02:21:57.092;234.1831577485467;peak;False;;0.0;;640;[320, 100];;;;;0.0
1747095717.272009;2025-05-13 02:21:57.272;234.09006578656894;peak;False;;0.0;;640;[320, 100];;;;;0.0
1747095717.4509754;2025-05-13 02:21:57.450;233.8491724912179;peak;False;;0.0;;640;[320, 100];;;;;0.0
1747095717.634547;2025-05-13 02:21:57.634;234.05080455732883;peak;False;;0.0;;640;[320, 100];;;;;0.0
1747095717.8141677;2025-05-13 02:21:57.814;234.18444229912373;peak;False;;0.0;;640;[320, 100];;;;;0.0
1747095717.992996;2025-05-13 02:21:57.992;234.12648815456873;peak;False;;0.0;;640;[320, 100];;;;;0.0
1747095718.179138;2025-05-13 02:21:58.179;233.99677138308166;peak;False;;0.0;;640;[320, 100];;;;;0.0
1747095718.3586574;2025-05-13 02:21:58.358;234.38239646960687;peak;False;;0.0;;640;[320, 100];;;;;0.0
1747095718.536794;2025-05-13 02:21:58.536;234.31699783348807;peak;False;;0.0;;640;[320, 100];;;;;0.0
1747095718.7263818;2025-05-13 02:21:58.726;234.06576024540618;peak;False;;0.0;;640;[320, 100];;;;;0.0
1747095718.9058452;2025-05-13 02:21:58.905;234.03274908640924;peak;False;;0.0;;640;[320, 100];;;;;0.0
1747095719.0898826;2025-05-13 02:21:59.089;234.32033067669917;peak;False;;0.0;;640;[320, 100];;;;;0.0
1747095719.2682166;2025-05-13 02:21:59.268;233.9430366821466;peak;False;;0.0;;640;[320, 100];;;;;0.0
1747095719.447362;2025-05-13 02:21:59.447;233.98127434579268;peak;False;;0.0;;640;[320, 100];;;;;0.0
1747095719.632009;2025-05-13 02:21:59.632;234.12783483006058;peak;False;;0.0;;640;[320, 100];;;;;0.0
1747095719.8090484;2025-05-13 02:21:59.809;234.60029711650864;peak;False;;0.0;;640;[320, 100];;;;;0.0
1747095719.988494;2025-05-13 02:21:59.988;234.19346060952745;peak;False;;0.0;;640;[320, 100];;;;;0.0
1747095720.1754336;2025-05-13 02:22:00.175;234.33031415730537;peak;False;;0.0;;640;[320, 100];;;;;0.0
1747095720.3550792;2025-05-13 02:22:00.355;234.12330063373557;peak;False;;0.0;;640;[320, 100];;;;;0.0
1747095720.534258;2025-05-13 02:22:00.534;234.20039979084063;peak;False;;0.0;;640;[320, 100];;;;;0.0
1747095720.722997;2025-05-13 02:22:00.722;234.3033730105349;peak;False;;0.0;;640;[320, 100];;;;;0.0
1747095720.9039564;2025-05-13 02:22:00.903;234.02331730972315;peak;False;;0.0;;640;[320, 100];;;;;0.0
1747095721.0869052;2025-05-13 02:22:01.086;234.36766749650675;peak;False;;0.0;;640;[320, 100];;;;;0.0
1747095721.2669325;2025-05-13 02:22:01.266;234.22243439150253;peak;False;;0.0;;640;[320, 100];;;;;0.0
1747095721.4467227;2025-05-13 02:22:01.446;234.38595008938847;peak;False;;0.0;;640;[320, 100];;;;;0.0
1747095721.630665;2025-05-13 02:22:01.630;234.174587147458;peak;False;;0.0;;640;[320, 100];;;;;0.0
1747095721.808985;2025-05-13 02:22:01.808;234.33556091906294;peak;False;;0.0;;640;[320, 100];;;;;0.0
1747095721.9880228;2025-05-13 02:22:01.988;234.27727250864666;peak;False;;0.0;;640;[320, 100];;;;;0.0
1747095722.1712224;2025-05-13 02:22:02.171;234.18653605498;peak;False;;0.0;;640;[320, 100];;;;;0.0
1747095722.3505235;2025-05-13 02:22:02.350;234.1029750556085;peak;False;;0.0;;640;[320, 100];;;;;0.0
1747095722.6272604;2025-05-13 02:22:02.627;234.56389375326424;peak;False;;0.0;;640;[320, 100];;;;;0.0
1747095722.8071618;2025-05-13 02:22:02.807;234.52127632166534;peak;False;;0.0;;640;[320, 100];;;;;0.0
1747095722.9862537;2025-05-13 02:22:02.986;234.41713294492834;peak;False;;0.0;;640;[320, 100];;;;;0.0
1747095723.16824;2025-05-13 02:22:03.168;234.30890378492657;peak;False;;0.0;;640;[320, 100];;;;;0.0
1747095723.3472974;2025-05-13 02:22:03.347;234.42504917917097;peak;False;;0.0;;640;[320, 100];;;;;0.0
1747095723.528933;2025-05-13 02:22:03.528;234.3378362586767;peak;False;;0.0;;640;[320, 100];;;;;0.0
1747095723.7151477;2025-05-13 02:22:03.715;234.27880277743552;peak;False;;0.0;;640;[320, 100];;;;;0.0
1747095723.8923037;2025-05-13 02:22:03.892;234.26638816006275;peak;False;;0.0;;640;[320, 100];;;;;0.0
1747095724.0762794;2025-05-13 02:22:04.076;234.6473244674985;peak;False;;0.0;;640;[320, 100];;;;;0.0
1747095724.2557209;2025-05-13 02:22:04.255;234.70002685464922;peak;False;;0.0;;640;[320, 100];;;;;0.0
1747095724.4356585;2025-05-13 02:22:04.435;234.54725237137828;peak;False;;0.0;;640;[320, 100];;;;;0.0
1747095724.624486;2025-05-13 02:22:04.624;234.27457483139125;peak;False;;0.0;;640;[320, 100];;;;;0.0
1747095724.8018804;2025-05-13 02:22:04.801;234.5816139402904;peak;False;;0.0;;640;[320, 100];;;;;0.0
1747095724.9800205;2025-05-13 02:22:04.980;234.60043175189097;peak;False;;0.0;;640;[320, 100];;;;;0.0
1747095725.1648796;2025-05-13 02:22:05.164;234.54334350202708;peak;False;;0.0;;640;[320, 100];;;;;0.0
1747095725.3442574;2025-05-13 02:22:05.344;234.70602585186546;peak;False;;0.0;;640;[320, 100];;;;;0.0
1747095725.5228963;2025-05-13 02:22:05.522;234.4092887399339;peak;False;;0.0;;640;[320, 100];;;;;0.0
1747095725.7135117;2025-05-13 02:22:05.713;234.65737148190075;peak;False;;0.0;;640;[320, 100];;;;;0.0
1747095725.8922627;2025-05-13 02:22:05.892;234.86624301416924;peak;False;;0.0;;640;[320, 100];;;;;0.0
1747095726.074054;2025-05-13 02:22:06.074;234.56165815890847;peak;False;;0.0;;640;[320, 100];;;;;0.0
1747095726.2533834;2025-05-13 02:22:06.253;234.42587566064734;peak;False;;0.0;;640;[320, 100];;;;;0.0
1747095726.433378;2025-05-13 02:22:06.433;234.52194286836325;peak;False;;0.0;;640;[320, 100];;;;;0.0
1747095726.620749;2025-05-13 02:22:06.620;234.6854258680586;peak;False;;0.0;;640;[320, 100];;;;;0.0
1747095726.7997909;2025-05-13 02:22:06.799;234.94729070577696;peak;False;;0.0;;640;[320, 100];;;;;0.0
1747095726.9792113;2025-05-13 02:22:06.979;234.9186660528596;peak;False;;0.0;;640;[320, 100];;;;;0.0
1747095727.1631286;2025-05-13 02:22:07.163;234.63733637428126;peak;False;;0.0;;640;[320, 100];;;;;0.0
1747095727.3422294;2025-05-13 02:22:07.342;234.61001962991952;peak;False;;0.0;;640;[320, 100];;;;;0.0
1747095727.5227346;2025-05-13 02:22:07.522;234.72239685845867;peak;False;;0.0;;640;[320, 100];;;;;0.0
1747095727.7103312;2025-05-13 02:22:07.710;234.67633368987532;peak;False;;0.0;;640;[320, 100];;;;;0.0
1747095727.8890939;2025-05-13 02:22:07.889;234.5871672889317;peak;False;;0.0;;640;[320, 100];;;;;0.0
1747095728.0734446;2025-05-13 02:22:08.073;234.79516831872814;peak;False;;0.0;;640;[320, 100];;;;;0.0
1747095728.253381;2025-05-13 02:22:08.253;234.78210894652537;peak;False;;0.0;;640;[320, 100];;;;;0.0
1747095728.4325643;2025-05-13 02:22:08.432;234.7497555122737;peak;False;;0.0;;640;[320, 100];;;;;0.0
1747095728.6156256;2025-05-13 02:22:08.615;234.7209816170199;peak;False;;0.0;;640;[320, 100];;;;;0.0
1747095728.794822;2025-05-13 02:22:08.794;234.64341449067246;peak;False;;0.0;;640;[320, 100];;;;;0.0
1747095729.0699015;2025-05-13 02:22:09.069;234.78308742481025;peak;False;;0.0;;640;[320, 100];;;;;0.0
1747095729.2499936;2025-05-13 02:22:09.249;234.8342672123038;peak;False;;0.0;;640;[320, 100];;;;;0.0
1747095729.4291797;2025-05-13 02:22:09.429;235.01868138573042;peak;False;;0.0;;640;[320, 100];;;;;0.0
1747095729.6142008;2025-05-13 02:22:09.614;234.72081266455922;peak;False;;0.0;;640;[320, 100];;;;;0.0
1747095729.7947989;2025-05-13 02:22:09.794;234.64670147896942;peak;False;;0.0;;640;[320, 100];;;;;0.0
1747095729.9746053;2025-05-13 02:22:09.974;234.69331356609808;peak;False;;0.0;;640;[320, 100];;;;;0.0
1747095730.1598465;2025-05-13 02:22:10.159;234.71868491160086;peak;False;;0.0;;640;[320, 100];;;;;0.0
1747095730.3393939;2025-05-13 02:22:10.339;235.0023474969866;peak;False;;0.0;;640;[320, 100];;;;;0.0
1747095730.5189924;2025-05-13 02:22:10.518;235.013890843018;peak;False;;0.0;;640;[320, 100];;;;;0.0
1747095730.7103364;2025-05-13 02:22:10.710;234.98936964163138;peak;False;;0.0;;640;[320, 100];;;;;0.0
1747095730.890252;2025-05-13 02:22:10.890;234.82100156282428;peak;False;;0.0;;640;[320, 100];;;;;0.0
1747095731.0717013;2025-05-13 02:22:11.071;234.91380706147538;peak;False;;0.0;;640;[320, 100];;;;;0.0
1747095731.2515054;2025-05-13 02:22:11.251;234.9514490488989;peak;False;;0.0;;640;[320, 100];;;;;0.0
1747095731.430923;2025-05-13 02:22:11.430;234.61864175934556;peak;False;;0.0;;640;[320, 100];;;;;0.0
1747095731.6205792;2025-05-13 02:22:11.620;234.9211977319629;peak;False;;0.0;;640;[320, 100];;;;;0.0
1747095731.7983143;2025-05-13 02:22:11.798;234.82743767446337;peak;False;;0.0;;640;[320, 100];;;;;0.0
1747095731.975372;2025-05-13 02:22:11.975;234.6943874523103;peak;False;;0.0;;640;[320, 100];;;;;0.0
1747095732.163076;2025-05-13 02:22:12.163;234.62597965220885;peak;False;;0.0;;640;[320, 100];;;;;0.0
1747095732.3439848;2025-05-13 02:22:12.343;235.0096348998992;peak;False;;0.0;;640;[320, 100];;;;;0.0
1747095732.5246105;2025-05-13 02:22:12.524;234.84209713649958;peak;False;;0.0;;640;[320, 100];;;;;0.0
1747095732.7104926;2025-05-13 02:22:12.710;235.0701724836203;peak;False;;0.0;;640;[320, 100];;;;;0.0
1747095732.8877637;2025-05-13 02:22:12.887;234.89194233764474;peak;False;;0.0;;640;[320, 100];;;;;0.0
1747095733.0746934;2025-05-13 02:22:13.074;234.7620358415954;peak;False;;0.0;;640;[320, 100];;;;;0.0
1747095733.2550168;2025-05-13 02:22:13.255;235.0733678884364;peak;False;;0.0;;640;[320, 100];;;;;0.0
1747095733.435189;2025-05-13 02:22:13.435;234.8777153785314;peak;False;;0.0;;640;[320, 100];;;;;0.0
1747095733.626945;2025-05-13 02:22:13.626;234.81521878637403;peak;False;;0.0;;640;[320, 100];;;;;0.0
1747095733.8070602;2025-05-13 02:22:13.807;235.0692561084815;peak;False;;0.0;;640;[320, 100];;;;;0.0
1747095733.9865477;2025-05-13 02:22:13.986;234.8728839548577;peak;False;;0.0;;640;[320, 100];;;;;0.0
1747095734.1709714;2025-05-13 02:22:14.170;235.13772532431364;peak;False;;0.0;;640;[320, 100];;;;;0.0
1747095734.3502235;2025-05-13 02:22:14.350;235.13429582835138;peak;False;;0.0;;640;[320, 100];;;;;0.0
1747095734.5341885;2025-05-13 02:22:14.534;235.1387563309405;peak;False;;0.0;;640;[320, 100];;;;;0.0
1747095734.7203743;2025-05-13 02:22:14.720;234.99779886224295;peak;False;;0.0;;640;[320, 100];;;;;0.0
1747095734.8996022;2025-05-13 02:22:14.899;235.0762949588096;peak;False;;0.0;;640;[320, 100];;;;;0.0
1747095735.07943;2025-05-13 02:22:15.079;234.93010042048863;peak;False;;0.0;;640;[320, 100];;;;;0.0
1747095735.2708857;2025-05-13 02:22:15.270;234.85365765305036;peak;False;;0.0;;640;[320, 100];;;;;0.0
1747095735.4510155;2025-05-13 02:22:15.451;235.12760037589135;peak;False;;0.0;;640;[320, 100];;;;;0.0
1747095735.6349525;2025-05-13 02:22:15.634;234.73233352644422;peak;False;;0.0;;640;[320, 100];;;;;0.0
1747095735.814809;2025-05-13 02:22:15.814;235.13843688265115;peak;False;;0.0;;640;[320, 100];;;;;0.0
1747095735.9947436;2025-05-13 02:22:15.994;235.26828475598657;peak;False;;0.0;;640;[320, 100];;;;;0.0
1747095736.1801114;2025-05-13 02:22:16.180;235.19143723054594;peak;False;;0.0;;640;[320, 100];;;;;0.0
1747095736.3596458;2025-05-13 02:22:16.359;234.93568896521967;peak;False;;0.0;;640;[320, 100];;;;;0.0
1747095736.5447178;2025-05-13 02:22:16.544;235.30940438157825;peak;False;;0.0;;640;[320, 100];;;;;0.0
1747095736.7233994;2025-05-13 02:22:16.723;235.1994352783037;peak;False;;0.0;;640;[320, 100];;;;;0.0
1747095736.9033735;2025-05-13 02:22:16.903;235.19269125415343;peak;False;;0.0;;640;[320, 100];;;;;0.0
1747095737.0870674;2025-05-13 02:22:17.087;235.14519809576268;peak;False;;0.0;;640;[320, 100];;;;;0.0
1747095737.3529305;2025-05-13 02:22:17.352;235.15741349102058;peak;False;;0.0;;640;[320, 100];;;;;0.0
1747095737.535813;2025-05-13 02:22:17.535;235.0335300417829;peak;False;;0.0;;640;[320, 100];;;;;0.0
1747095737.7158413;2025-05-13 02:22:17.715;235.4842518172458;peak;False;;0.0;;640;[320, 100];;;;;0.0
1747095737.8958921;2025-05-13 02:22:17.895;235.30155620984746;peak;False;;0.0;;640;[320, 100];;;;;0.0
1747095738.0780733;2025-05-13 02:22:18.078;235.36773558200608;peak;False;;0.0;;640;[320, 100];;;;;0.0
1747095738.2569978;2025-05-13 02:22:18.256;235.14514473291555;peak;False;;0.0;;640;[320, 100];;;;;0.0
1747095738.4374237;2025-05-13 02:22:18.437;235.04892599591224;peak;False;;0.0;;640;[320, 100];;;;;0.0
1747095738.6258373;2025-05-13 02:22:18.625;235.28517327445522;peak;False;;0.0;;640;[320, 100];;;;;0.0
1747095738.8054516;2025-05-13 02:22:18.805;235.4377218697045;peak;False;;0.0;;640;[320, 100];;;;;0.0
1747095738.9861295;2025-05-13 02:22:18.986;235.39852411824356;peak;False;;0.0;;640;[320, 100];;;;;0.0
1747095739.1724265;2025-05-13 02:22:19.172;235.13341010108252;peak;False;;0.0;;640;[320, 100];;;;;0.0
1747095739.3520133;2025-05-13 02:22:19.352;235.20759732096505;peak;False;;0.0;;640;[320, 100];;;;;0.0
1747095739.5331209;2025-05-13 02:22:19.533;234.81263112692474;peak;False;;0.0;;640;[320, 100];;;;;0.0
1747095739.7193694;2025-05-13 02:22:19.719;235.2476845013641;peak;False;;0.0;;640;[320, 100];;;;;0.0
1747095739.8990636;2025-05-13 02:22:19.899;235.29894576005535;peak;False;;0.0;;640;[320, 100];;;;;0.0
1747095740.082734;2025-05-13 02:22:20.082;235.255891904379;peak;False;;0.0;;640;[320, 100];;;;;0.0
1747095740.2621346;2025-05-13 02:22:20.262;235.30687502141217;peak;False;;0.0;;640;[320, 100];;;;;0.0
1747095740.441172;2025-05-13 02:22:20.441;235.2550941752774;peak;False;;0.0;;640;[320, 100];;;;;0.0
1747095740.630064;2025-05-13 02:22:20.630;235.3192451475648;peak;False;;0.0;;640;[320, 100];;;;;0.0
1747095740.811389;2025-05-13 02:22:20.811;235.15562010135412;peak;False;;0.0;;640;[320, 100];;;;;0.0
1747095740.9914396;2025-05-13 02:22:20.991;235.22036941358823;peak;False;;0.0;;640;[320, 100];;;;;0.0
1747095741.1762853;2025-05-13 02:22:21.176;235.08521153790596;peak;False;;0.0;;640;[320, 100];;;;;0.0
1747095741.3564813;2025-05-13 02:22:21.356;235.51665770876878;peak;False;;0.0;;640;[320, 100];;;;;0.0
1747095741.5378075;2025-05-13 02:22:21.537;235.58314842876214;peak;False;;0.0;;640;[320, 100];;;;;0.0
1747095741.724166;2025-05-13 02:22:21.724;235.42560192713523;peak;False;;0.0;;640;[320, 100];;;;;0.0
1747095741.9029264;2025-05-13 02:22:21.902;235.35592212195027;peak;False;;0.0;;640;[320, 100];;;;;0.0
1747095742.0881038;2025-05-13 02:22:22.088;235.08570163532838;peak;False;;0.0;;640;[320, 100];;;;;0.0
1747095742.2734141;2025-05-13 02:22:22.273;235.32354160640247;peak;False;;0.0;;640;[320, 100];;;;;0.0
1747095742.4534812;2025-05-13 02:22:22.453;235.5437484826414;peak;False;;0.0;;640;[320, 100];;;;;0.0
1747095742.6365576;2025-05-13 02:22:22.636;235.4438199995993;peak;False;;0.0;;640;[320, 100];;;;;0.0
1747095742.8151867;2025-05-13 02:22:22.815;235.4473241872486;peak;False;;0.0;;640;[320, 100];;;;;0.0
1747095742.991872;2025-05-13 02:22:22.991;235.222403541947;peak;False;;0.0;;640;[320, 100];;;;;0.0
1747095743.1784854;2025-05-13 02:22:23.178;235.7204181618927;peak;False;;0.0;;640;[320, 100];;;;;0.0
1747095743.359224;2025-05-13 02:22:23.359;235.46325747974194;peak;False;;0.0;;640;[320, 100];;;;;0.0
1747095743.542623;2025-05-13 02:22:23.542;235.65383185112512;peak;False;;0.0;;640;[320, 100];;;;;0.0
1747095743.7310371;2025-05-13 02:22:23.731;235.51082088761783;peak;False;;0.0;;640;[320, 100];;;;;0.0
1747095743.91016;2025-05-13 02:22:23.910;235.70273031666417;peak;False;;0.0;;640;[320, 100];;;;;0.0
1747095744.0935192;2025-05-13 02:22:24.093;235.56769864578234;peak;False;;0.0;;640;[320, 100];;;;;0.0
1747095744.2736356;2025-05-13 02:22:24.273;235.54687980131754;peak;False;;0.0;;640;[320, 100];;;;;0.0
1747095744.4514978;2025-05-13 02:22:24.451;235.30440866320572;peak;False;;0.0;;640;[320, 100];;;;;0.0
1747095744.6359305;2025-05-13 02:22:24.635;235.87765237765237;peak;False;;0.0;;640;[320, 100];;;;;0.0
1747095744.8132217;2025-05-13 02:22:24.813;235.20375063252706;peak;False;;0.0;;640;[320, 100];;;;;0.0
1747095744.9941478;2025-05-13 02:22:24.994;235.62525148885865;peak;False;;0.0;;640;[320, 100];;;;;0.0
1747095745.1800742;2025-05-13 02:22:25.180;235.63237839761092;peak;False;;0.0;;640;[320, 100];;;;;0.0
1747095745.3595684;2025-05-13 02:22:25.359;235.49055817240753;peak;False;;0.0;;640;[320, 100];;;;;0.0
1747095745.5440087;2025-05-13 02:22:25.544;235.48878139410323;peak;False;;0.0;;640;[320, 100];;;;;0.0
1747095745.7281518;2025-05-13 02:22:25.728;235.6073533109328;peak;False;;0.0;;640;[320, 100];;;;;0.0
1747095745.9083242;2025-05-13 02:22:25.908;235.48210880373148;peak;False;;0.0;;640;[320, 100];;;;;0.0
1747095746.0891054;2025-05-13 02:22:26.089;235.77234280177052;peak;False;;0.0;;640;[320, 100];;;;;0.0
1747095746.28274;2025-05-13 02:22:26.282;235.61048611263104;peak;False;;0.0;;640;[320, 100];;;;;0.0
1747095746.4629424;2025-05-13 02:22:26.462;235.3326946443593;peak;False;;0.0;;640;[320, 100];;;;;0.0
1747095746.6450465;2025-05-13 02:22:26.645;235.54356066613798;peak;False;;0.0;;640;[320, 100];;;;;0.0
1747095746.825578;2025-05-13 02:22:26.825;235.41138673730285;peak;False;;0.0;;640;[320, 100];;;;;0.0
1747095747.0055707;2025-05-13 02:22:27.005;235.65637896215648;peak;False;;0.0;;640;[320, 100];;;;;0.0
1747095747.191767;2025-05-13 02:22:27.191;235.89140829570036;peak;False;;0.0;;640;[320, 100];;;;;0.0
1747095747.371734;2025-05-13 02:22:27.371;235.70054045855153;peak;False;;0.0;;640;[320, 100];;;;;0.0
1747095747.5517645;2025-05-13 02:22:27.551;235.75043605346602;peak;False;;0.0;;640;[320, 100];;;;;0.0
1747095747.7432055;2025-05-13 02:22:27.743;235.71009647189845;peak;False;;0.0;;640;[320, 100];;;;;0.0
1747095747.9243295;2025-05-13 02:22:27.924;235.78996497325963;peak;False;;0.0;;640;[320, 100];;;;;0.0
1747095748.1060772;2025-05-13 02:22:28.106;235.60286390572278;peak;False;;0.0;;640;[320, 100];;;;;0.0
1747095748.285216;2025-05-13 02:22:28.285;235.59928575107057;peak;False;;0.0;;640;[320, 100];;;;;0.0
1747095748.4630256;2025-05-13 02:22:28.463;235.79607884080758;peak;False;;0.0;;640;[320, 100];;;;;0.0
1747095748.64366;2025-05-13 02:22:28.643;235.58425519076647;peak;False;;0.0;;640;[320, 100];;;;;0.0
1747095748.8240967;2025-05-13 02:22:28.824;235.8129841076901;peak;False;;0.0;;640;[320, 100];;;;;0.0
1747095749.0031672;2025-05-13 02:22:29.003;235.79614928094682;peak;False;;0.0;;640;[320, 100];;;;;0.0
1747095749.1925242;2025-05-13 02:22:29.192;235.64895487790255;peak;False;;0.0;;640;[320, 100];;;;;0.0
1747095749.3719842;2025-05-13 02:22:29.371;235.68474978119465;peak;False;;0.0;;640;[320, 100];;;;;0.0
1747095749.556949;2025-05-13 02:22:29.556;235.78314846894364;peak;False;;0.0;;640;[320, 100];;;;;0.0
1747095749.737657;2025-05-13 02:22:29.737;235.642611589282;peak;False;;0.0;;640;[320, 100];;;;;0.0
1747095749.9168756;2025-05-13 02:22:29.916;235.67032561949623;peak;False;;0.0;;640;[320, 100];;;;;0.0
1747095750.10243;2025-05-13 02:22:30.102;236.02365542068088;peak;False;;0.0;;640;[320, 100];;;;;0.0
1747095750.2815368;2025-05-13 02:22:30.281;235.7350623250378;peak;False;;0.0;;640;[320, 100];;;;;0.0
1747095750.4612482;2025-05-13 02:22:30.461;235.70088844812537;peak;False;;0.0;;640;[320, 100];;;;;0.0
1747095750.6440594;2025-05-13 02:22:30.644;235.7748307211695;peak;False;;0.0;;640;[320, 100];;;;;0.0
1747095750.8244715;2025-05-13 02:22:30.824;235.83331040092594;peak;False;;0.0;;640;[320, 100];;;;;0.0
1747095751.0033398;2025-05-13 02:22:31.003;235.91378196683692;peak;False;;0.0;;640;[320, 100];;;;;0.0
1747095751.1930602;2025-05-13 02:22:31.193;235.82298385160763;peak;False;;0.0;;640;[320, 100];;;;;0.0
1747095751.3724408;2025-05-13 02:22:31.372;235.98131002370698;peak;False;;0.0;;640;[320, 100];;;;;0.0
1747095751.6481783;2025-05-13 02:22:31.648;235.97883133219872;peak;False;;0.0;;640;[320, 100];;;;;0.0
1747095751.8274353;2025-05-13 02:22:31.827;235.82158732231872;peak;False;;0.0;;640;[320, 100];;;;;0.0
1747095752.006997;2025-05-13 02:22:32.006;235.83370086443315;peak;False;;0.0;;640;[320, 100];;;;;0.0
1747095752.1932263;2025-05-13 02:22:32.193;236.08157959471038;peak;False;;0.0;;640;[320, 100];;;;;0.0
1747095752.3734848;2025-05-13 02:22:32.373;235.7985631795536;peak;False;;0.0;;640;[320, 100];;;;;0.0
1747095752.5564916;2025-05-13 02:22:32.556;235.9265010823744;peak;False;;0.0;;640;[320, 100];;;;;0.0
1747095752.7424145;2025-05-13 02:22:32.742;235.81764264001956;peak;False;;0.0;;640;[320, 100];;;;;0.0
1747095752.9199865;2025-05-13 02:22:32.919;235.9272587863163;peak;False;;0.0;;640;[320, 100];;;;;0.0
1747095753.1023612;2025-05-13 02:22:33.102;235.95926992364272;peak;False;;0.0;;640;[320, 100];;;;;0.0
1747095753.2835178;2025-05-13 02:22:33.283;236.10732087292823;peak;False;;0.0;;640;[320, 100];;;;;0.0
1747095753.4630828;2025-05-13 02:22:33.463;236.25729882113805;peak;False;;0.0;;640;[320, 100];;;;;0.0
1747095753.6448932;2025-05-13 02:22:33.644;235.8693122788302;peak;False;;0.0;;640;[320, 100];;;;;0.0
1747095753.8217626;2025-05-13 02:22:33.821;236.07965663108635;peak;False;;0.0;;640;[320, 100];;;;;0.0
1747095754.0020556;2025-05-13 02:22:34.002;235.9930831508528;peak;False;;0.0;;640;[320, 100];;;;;0.0
1747095754.1901207;2025-05-13 02:22:34.190;236.21360693104114;peak;False;;0.0;;640;[320, 100];;;;;0.0
1747095754.3705707;2025-05-13 02:22:34.370;236.09599390074854;peak;False;;0.0;;640;[320, 100];;;;;0.0
1747095754.5492418;2025-05-13 02:22:34.549;235.75281416641513;peak;False;;0.0;;640;[320, 100];;;;;0.0
1747095754.7391272;2025-05-13 02:22:34.739;236.11458473158117;peak;False;;0.0;;640;[320, 100];;;;;0.0
1747095754.9186854;2025-05-13 02:22:34.918;236.2330163329599;peak;False;;0.0;;640;[320, 100];;;;;0.0
1747095755.1034315;2025-05-13 02:22:35.103;236.23526562560545;peak;False;;0.0;;640;[320, 100];;;;;0.0
1747095755.282895;2025-05-13 02:22:35.282;236.0132945874152;peak;False;;0.0;;640;[320, 100];;;;;0.0
1747095755.46315;2025-05-13 02:22:35.463;236.11514810544497;peak;False;;0.0;;640;[320, 100];;;;;0.0
1747095755.6443682;2025-05-13 02:22:35.644;236.29265830029024;peak;False;;0.0;;640;[320, 100];;;;;0.0
1747095755.8255825;2025-05-13 02:22:35.825;236.35007581972306;peak;False;;0.0;;640;[320, 100];;;;;0.0
1747095756.0064719;2025-05-13 02:22:36.006;235.94022261451417;peak;False;;0.0;;640;[320, 100];;;;;0.0
1747095756.1947691;2025-05-13 02:22:36.194;235.83647197619186;peak;False;;0.0;;640;[320, 100];;;;;0.0
1747095756.3751569;2025-05-13 02:22:36.375;236.04552480339487;peak;False;;0.0;;640;[320, 100];;;;;0.0
1747095756.557317;2025-05-13 02:22:36.557;236.35308533416404;peak;False;;0.0;;640;[320, 100];;;;;0.0
1747095756.7418885;2025-05-13 02:22:36.741;235.96912175764012;peak;False;;0.0;;640;[320, 100];;;;;0.0
1747095756.9202933;2025-05-13 02:22:36.920;235.9753448936578;peak;False;;0.0;;640;[320, 100];;;;;0.0
1747095757.1034186;2025-05-13 02:22:37.103;235.98881180002988;peak;False;;0.0;;640;[320, 100];;;;;0.0
1747095757.2837512;2025-05-13 02:22:37.283;236.10307478574484;peak;False;;0.0;;640;[320, 100];;;;;0.0
1747095757.463811;2025-05-13 02:22:37.463;236.08564739288013;peak;False;;0.0;;640;[320, 100];;;;;0.0
1747095757.6459587;2025-05-13 02:22:37.645;236.02198813091908;peak;False;;0.0;;640;[320, 100];;;;;0.0
1747095757.8254035;2025-05-13 02:22:37.825;236.3413036061044;peak;False;;0.0;;640;[320, 100];;;;;0.0
1747095758.0048094;2025-05-13 02:22:38.004;236.42129174166885;peak;False;;0.0;;640;[320, 100];;;;;0.0
1747095758.192452;2025-05-13 02:22:38.192;236.34573077191268;peak;False;;0.0;;640;[320, 100];;;;;0.0
1747095758.372641;2025-05-13 02:22:38.372;236.34527018112595;peak;False;;0.0;;640;[320, 100];;;;;0.0
1747095758.5547671;2025-05-13 02:22:38.554;236.1728363939967;peak;False;;0.0;;640;[320, 100];;;;;0.0
1747095758.7459426;2025-05-13 02:22:38.745;235.92575936847166;peak;False;;0.0;;640;[320, 100];;;;;0.0
1747095758.9244258;2025-05-13 02:22:38.924;236.35312295057048;peak;False;;0.0;;640;[320, 100];;;;;0.0
1747095759.1077874;2025-05-13 02:22:39.107;236.08098722816706;peak;False;;0.0;;640;[320, 100];;;;;0.0
1747095759.2877398;2025-05-13 02:22:39.287;236.063326132636;peak;False;;0.0;;640;[320, 100];;;;;0.0
1747095759.4679496;2025-05-13 02:22:39.467;236.45895194866765;peak;False;;0.0;;640;[320, 100];;;;;0.0
1747095759.6487906;2025-05-13 02:22:39.648;236.65321654400333;peak;False;;0.0;;640;[320, 100];;;;;0.0
1747095759.8275647;2025-05-13 02:22:39.827;236.4131624816796;peak;False;;0.0;;640;[320, 100];;;;;0.0
1747095760.0059702;2025-05-13 02:22:40.005;236.48999166677243;peak;False;;0.0;;640;[320, 100];;;;;0.0
1747095760.1947193;2025-05-13 02:22:40.194;236.0694592114359;peak;False;;0.0;;640;[320, 100];;;;;0.0
1747095760.3751261;2025-05-13 02:22:40.375;236.4678785443337;peak;False;;0.0;;640;[320, 100];;;;;0.0
1747095760.5557454;2025-05-13 02:22:40.555;236.5226429765561;peak;False;;0.0;;640;[320, 100];;;;;0.0
1747095760.7351294;2025-05-13 02:22:40.735;236.63713154072144;peak;False;;0.0;;640;[320, 100];;;;;0.0
1747095760.914655;2025-05-13 02:22:40.914;236.33766821507606;peak;False;;0.0;;640;[320, 100];;;;;0.0
1747095761.0922346;2025-05-13 02:22:41.092;236.4176616157419;peak;False;;0.0;;640;[320, 100];;;;;0.0
1747095761.2713826;2025-05-13 02:22:41.271;236.33280353151292;peak;False;;0.0;;640;[320, 100];;;;;0.0
1747095761.4478803;2025-05-13 02:22:41.447;236.34705061145308;peak;False;;0.0;;640;[320, 100];;;;;0.0
1747095761.6288183;2025-05-13 02:22:41.628;236.32283188681535;peak;False;;0.0;;640;[320, 100];;;;;0.0
1747095761.8099856;2025-05-13 02:22:41.809;236.17760621748812;peak;False;;0.0;;640;[320, 100];;;;;0.0
1747095761.990352;2025-05-13 02:22:41.990;236.44560790404694;peak;False;;0.0;;640;[320, 100];;;;;0.0
1747095762.1692934;2025-05-13 02:22:42.169;236.56690409685635;peak;False;;0.0;;640;[320, 100];;;;;0.0
1747095762.3498614;2025-05-13 02:22:42.349;236.45678674418247;peak;False;;0.0;;640;[320, 100];;;;;0.0
1747095762.5285175;2025-05-13 02:22:42.528;236.47273318152276;peak;False;;0.0;;640;[320, 100];;;;;0.0
1747095762.7085865;2025-05-13 02:22:42.708;236.81479564671054;peak;False;;0.0;;640;[320, 100];;;;;0.0
1747095762.8879554;2025-05-13 02:22:42.887;236.73650284205326;peak;False;;0.0;;640;[320, 100];;;;;0.0
1747095763.0651271;2025-05-13 02:22:43.065;236.499099416404;peak;False;;0.0;;640;[320, 100];;;;;0.0
1747095763.2452183;2025-05-13 02:22:43.245;236.28827837268219;peak;False;;0.0;;640;[320, 100];;;;;0.0
1747095763.4246285;2025-05-13 02:22:43.424;236.77456125445067;peak;False;;0.0;;640;[320, 100];;;;;0.0
1747095763.601395;2025-05-13 02:22:43.601;236.67504267397086;peak;False;;0.0;;640;[320, 100];;;;;0.0
1747095763.7810862;2025-05-13 02:22:43.781;236.80096329535098;peak;False;;0.0;;640;[320, 100];;;;;0.0
1747095763.9590745;2025-05-13 02:22:43.959;236.8167535238507;peak;False;;0.0;;640;[320, 100];;;;;0.0
1747095764.1376286;2025-05-13 02:22:44.137;236.73334160317563;peak;False;;0.0;;640;[320, 100];;;;;0.0
1747095764.3151503;2025-05-13 02:22:44.315;236.27804725262632;peak;False;;0.0;;640;[320, 100];;;;;0.0
1747095764.4939673;2025-05-13 02:22:44.493;236.59977240520462;peak;False;;0.0;;640;[320, 100];;;;;0.0
1747095764.672491;2025-05-13 02:22:44.672;236.56257594167678;peak;False;;0.0;;640;[320, 100];;;;;0.0
1747095764.8515303;2025-05-13 02:22:44.851;236.4623158924709;peak;False;;0.0;;640;[320, 100];;;;;0.0
1747095765.031426;2025-05-13 02:22:45.031;236.47886728313875;peak;False;;0.0;;640;[320, 100];;;;;0.0
1747095765.2110753;2025-05-13 02:22:45.211;236.51526520397394;peak;False;;0.0;;640;[320, 100];;;;;0.0
1747095765.3883078;2025-05-13 02:22:45.388;236.62051443173726;peak;False;;0.0;;640;[320, 100];;;;;0.0
1747095765.5677943;2025-05-13 02:22:45.567;236.50823340447533;peak;False;;0.0;;640;[320, 100];;;;;0.0
1747095765.7491376;2025-05-13 02:22:45.749;236.68003040965397;peak;False;;0.0;;640;[320, 100];;;;;0.0
1747095765.9357748;2025-05-13 02:22:45.935;236.63790306455445;peak;False;;0.0;;640;[320, 100];;;;;0.0
1747095766.1161182;2025-05-13 02:22:46.116;236.82187917976503;peak;False;;0.0;;640;[320, 100];;;;;0.0
1747095766.2956448;2025-05-13 02:22:46.295;236.66458161752595;peak;False;;0.0;;640;[320, 100];;;;;0.0
1747095766.4732928;2025-05-13 02:22:46.473;236.39092413511838;peak;False;;0.0;;640;[320, 100];;;;;0.0
1747095766.6512783;2025-05-13 02:22:46.651;236.8432045238823;peak;False;;0.0;;640;[320, 100];;;;;0.0
1747095766.829414;2025-05-13 02:22:46.829;236.95700684202404;peak;False;;0.0;;640;[320, 100];;;;;0.0
1747095767.0085485;2025-05-13 02:22:47.008;236.94256161008212;peak;False;;0.0;;640;[320, 100];;;;;0.0
1747095767.188439;2025-05-13 02:22:47.188;236.6749426376696;peak;False;;0.0;;640;[320, 100];;;;;0.0
1747095767.3682442;2025-05-13 02:22:47.368;236.37544874789853;peak;False;;0.0;;640;[320, 100];;;;;0.0
1747095767.546201;2025-05-13 02:22:47.546;236.87439729151072;peak;False;;0.0;;640;[320, 100];;;;;0.0
1747095767.7252092;2025-05-13 02:22:47.725;236.57328160782035;peak;False;;0.0;;640;[320, 100];;;;;0.0
1747095767.9070034;2025-05-13 02:22:47.907;236.54774752106167;peak;False;;0.0;;640;[320, 100];;;;;0.0
1747095768.084332;2025-05-13 02:22:48.084;236.53418027116442;peak;False;;0.0;;640;[320, 100];;;;;0.0
1747095768.2648506;2025-05-13 02:22:48.264;237.09085186739404;peak;False;;0.0;;640;[320, 100];;;;;0.0
1747095768.4420674;2025-05-13 02:22:48.442;236.92842501605512;peak;False;;0.0;;640;[320, 100];;;;;0.0
1747095768.6210568;2025-05-13 02:22:48.621;236.6946787392097;peak;False;;0.0;;640;[320, 100];;;;;0.0
1747095768.8003192;2025-05-13 02:22:48.800;236.78842135994964;peak;False;;0.0;;640;[320, 100];;;;;0.0
1747095768.9788635;2025-05-13 02:22:48.978;236.53781189857176;peak;False;;0.0;;640;[320, 100];;;;;0.0
1747095769.1585565;2025-05-13 02:22:49.158;236.82569954747373;peak;False;;0.0;;640;[320, 100];;;;;0.0
1747095769.3389368;2025-05-13 02:22:49.338;236.98302306802557;peak;False;;0.0;;640;[320, 100];;;;;0.0
1747095769.5188794;2025-05-13 02:22:49.518;236.83929787426058;peak;False;;0.0;;640;[320, 100];;;;;0.0
1747095769.6986194;2025-05-13 02:22:49.698;237.02751758934068;peak;False;;0.0;;640;[320, 100];;;;;0.0
1747095769.876901;2025-05-13 02:22:49.876;236.9801586791588;peak;False;;0.0;;640;[320, 100];;;;;0.0
1747095770.0535927;2025-05-13 02:22:50.053;236.97970785998103;peak;False;;0.0;;640;[320, 100];;;;;0.0
1747095770.2342477;2025-05-13 02:22:50.234;236.92756716934574;peak;False;;0.0;;640;[320, 100];;;;;0.0
1747095770.4109118;2025-05-13 02:22:50.410;236.830834314212;peak;False;;0.0;;640;[320, 100];;;;;0.0
1747095770.588616;2025-05-13 02:22:50.588;236.66856188140827;peak;False;;0.0;;640;[320, 100];;;;;0.0
1747095770.7694676;2025-05-13 02:22:50.769;237.08998356614626;peak;False;;0.0;;640;[320, 100];;;;;0.0
1747095770.9489918;2025-05-13 02:22:50.948;236.7624861418522;peak;False;;0.0;;640;[320, 100];;;;;0.0
1747095771.1287878;2025-05-13 02:22:51.128;236.76704372603209;peak;False;;0.0;;640;[320, 100];;;;;0.0
1747095771.308952;2025-05-13 02:22:51.308;236.8213469883406;peak;False;;0.0;;640;[320, 100];;;;;0.0
1747095771.4870334;2025-05-13 02:22:51.487;237.00765496553777;peak;False;;0.0;;640;[320, 100];;;;;0.0
1747095771.6649933;2025-05-13 02:22:51.664;236.71698849695696;peak;False;;0.0;;640;[320, 100];;;;;0.0
1747095771.8448088;2025-05-13 02:22:51.844;236.97606353673112;peak;False;;0.0;;640;[320, 100];;;;;0.0
1747095772.0249217;2025-05-13 02:22:52.024;237.04491928329327;peak;False;;0.0;;640;[320, 100];;;;;0.0
1747095772.2013166;2025-05-13 02:22:52.201;237.03256739563992;peak;False;;0.0;;640;[320, 100];;;;;0.0
1747095772.3810513;2025-05-13 02:22:52.381;237.2319171764471;peak;False;;0.0;;640;[320, 100];;;;;0.0
1747095772.6489675;2025-05-13 02:22:52.648;237.26791648192926;peak;False;;0.0;;640;[320, 100];;;;;0.0
1747095772.9167042;2025-05-13 02:22:52.916;237.0107186880326;peak;False;;0.0;;640;[320, 100];;;;;0.0
1747095773.0938652;2025-05-13 02:22:53.093;237.1191893558486;peak;False;;0.0;;640;[320, 100];;;;;0.0
1747095773.2713842;2025-05-13 02:22:53.271;236.9814357415412;peak;False;;0.0;;640;[320, 100];;;;;0.0
1747095773.4519744;2025-05-13 02:22:53.451;236.6669856144868;peak;False;;0.0;;640;[320, 100];;;;;0.0
1747095773.632416;2025-05-13 02:22:53.632;236.9597650826707;peak;False;;0.0;;640;[320, 100];;;;;0.0
1747095773.8115132;2025-05-13 02:22:53.811;237.14002842293996;peak;False;;0.0;;640;[320, 100];;;;;0.0
1747095773.9911516;2025-05-13 02:22:53.991;237.19773631809565;peak;False;;0.0;;640;[320, 100];;;;;0.0
1747095774.1695573;2025-05-13 02:22:54.169;237.18891421056423;peak;False;;0.0;;640;[320, 100];;;;;0.0
1747095774.3472705;2025-05-13 02:22:54.347;236.98645365702419;peak;False;;0.0;;640;[320, 100];;;;;0.0
1747095774.5267558;2025-05-13 02:22:54.526;237.39034407584887;peak;False;;0.0;;640;[320, 100];;;;;0.0
1747095774.7051072;2025-05-13 02:22:54.705;237.0322447037259;peak;False;;0.0;;640;[320, 100];;;;;0.0
1747095774.883379;2025-05-13 02:22:54.883;236.91819906596615;peak;False;;0.0;;640;[320, 100];;;;;0.0
1747095775.0629973;2025-05-13 02:22:55.062;237.33998486945114;peak;False;;0.0;;640;[320, 100];;;;;0.0
1747095775.2430234;2025-05-13 02:22:55.243;236.944540705038;peak;False;;0.0;;640;[320, 100];;;;;0.0
1747095775.4214356;2025-05-13 02:22:55.421;237.25209269254387;peak;False;;0.0;;640;[320, 100];;;;;0.0
1747095775.6011627;2025-05-13 02:22:55.601;237.0512109488013;peak;False;;0.0;;640;[320, 100];;;;;0.0
1747095775.781346;2025-05-13 02:22:55.781;237.06656075333885;peak;False;;0.0;;640;[320, 100];;;;;0.0
1747095775.9610555;2025-05-13 02:22:55.961;237.27780150100912;peak;False;;0.0;;640;[320, 100];;;;;0.0
1747095776.1394334;2025-05-13 02:22:56.139;237.30064317584888;peak;False;;0.0;;640;[320, 100];;;;;0.0
1747095776.3190908;2025-05-13 02:22:56.319;237.36898364409979;peak;False;;0.0;;640;[320, 100];;;;;0.0
1747095776.4988651;2025-05-13 02:22:56.498;237.07316252252554;peak;False;;0.0;;640;[320, 100];;;;;0.0
1747095776.679006;2025-05-13 02:22:56.679;237.4074758452551;peak;False;;0.0;;640;[320, 100];;;;;0.0
1747095776.8588493;2025-05-13 02:22:56.858;237.09588058462856;peak;False;;0.0;;640;[320, 100];;;;;0.0
1747095777.036063;2025-05-13 02:22:57.036;237.01326805795466;peak;False;;0.0;;640;[320, 100];;;;;0.0
1747095777.2160451;2025-05-13 02:22:57.216;237.46927922730487;peak;False;;0.0;;640;[320, 100];;;;;0.0
1747095777.3950982;2025-05-13 02:22:57.395;237.10026993438723;peak;False;;0.0;;640;[320, 100];;;;;0.0
1747095777.5741367;2025-05-13 02:22:57.574;237.15200255211704;peak;False;;0.0;;640;[320, 100];;;;;0.0
1747095777.7531643;2025-05-13 02:22:57.753;237.13811532824255;peak;False;;0.0;;640;[320, 100];;;;;0.0
1747095777.9331248;2025-05-13 02:22:57.933;237.27329916962373;peak;False;;0.0;;640;[320, 100];;;;;0.0
1747095778.1122453;2025-05-13 02:22:58.112;237.07684471689743;peak;False;;0.0;;640;[320, 100];;;;;0.0
1747095778.288919;2025-05-13 02:22:58.288;237.08507420282103;peak;False;;0.0;;640;[320, 100];;;;;0.0
1747095778.4691453;2025-05-13 02:22:58.469;237.5514863795637;peak;False;;0.0;;640;[320, 100];;;;;0.0
1747095778.6475546;2025-05-13 02:22:58.647;237.38725776893983;peak;False;;0.0;;640;[320, 100];;;;;0.0
1747095778.8267431;2025-05-13 02:22:58.826;237.35480168641308;peak;False;;0.0;;640;[320, 100];;;;;0.0
1747095779.0066328;2025-05-13 02:22:59.006;237.4191154023951;peak;False;;0.0;;640;[320, 100];;;;;0.0
1747095779.1828153;2025-05-13 02:22:59.182;237.5296734921852;peak;False;;0.0;;640;[320, 100];;;;;0.0
1747095779.3598795;2025-05-13 02:22:59.359;237.1137679127666;peak;False;;0.0;;640;[320, 100];;;;;0.0
1747095779.539386;2025-05-13 02:22:59.539;237.77992306554225;peak;False;;0.0;;640;[320, 100];;;;;0.0
1747095779.7162955;2025-05-13 02:22:59.716;237.31359691109836;peak;False;;0.0;;640;[320, 100];;;;;0.0
1747095779.8938053;2025-05-13 02:22:59.893;237.59508804448564;peak;False;;0.0;;640;[320, 100];;;;;0.0
1747095780.0725925;2025-05-13 02:23:00.072;237.7092146049905;peak;False;;0.0;;640;[320, 100];;;;;0.0
1747095780.2495465;2025-05-13 02:23:00.249;237.2785466848946;peak;False;;0.0;;640;[320, 100];;;;;0.0
1747095780.4292953;2025-05-13 02:23:00.429;237.55784658279836;peak;False;;0.0;;640;[320, 100];;;;;0.0
1747095780.61027;2025-05-13 02:23:00.610;237.5513664085414;peak;False;;0.0;;640;[320, 100];;;;;0.0
1747095780.7882364;2025-05-13 02:23:00.788;237.57677094416036;peak;False;;0.0;;640;[320, 100];;;;;0.0
1747095780.9654846;2025-05-13 02:23:00.965;237.36585763377516;peak;False;;0.0;;640;[320, 100];;;;;0.0
1747095781.1436374;2025-05-13 02:23:01.143;237.47254440892317;peak;False;;0.0;;640;[320, 100];;;;;0.0
1747095781.3202574;2025-05-13 02:23:01.320;237.40925843988194;peak;False;;0.0;;640;[320, 100];;;;;0.0
1747095781.4993658;2025-05-13 02:23:01.499;237.21155932339587;peak;False;;0.0;;640;[320, 100];;;;;0.0
1747095781.6768875;2025-05-13 02:23:01.676;237.60018321153694;peak;False;;0.0;;640;[320, 100];;;;;0.0
1747095781.8533497;2025-05-13 02:23:01.853;237.73679851301756;peak;False;;0.0;;640;[320, 100];;;;;0.0
1747095782.0326273;2025-05-13 02:23:02.032;237.50851531539755;peak;False;;0.0;;640;[320, 100];;;;;0.0
1747095782.211494;2025-05-13 02:23:02.211;237.7788709183044;peak;False;;0.0;;640;[320, 100];;;;;0.0
1747095782.3884625;2025-05-13 02:23:02.388;237.77132397052716;peak;False;;0.0;;640;[320, 100];;;;;0.0
1747095782.5668614;2025-05-13 02:23:02.566;237.56411713643055;peak;False;;0.0;;640;[320, 100];;;;;0.0
1747095782.7460525;2025-05-13 02:23:02.746;237.52862246315044;peak;False;;0.0;;640;[320, 100];;;;;0.0
1747095782.9230413;2025-05-13 02:23:02.923;237.43389119905441;peak;False;;0.0;;640;[320, 100];;;;;0.0
1747095783.1013305;2025-05-13 02:23:03.101;237.58419316660522;peak;False;;0.0;;640;[320, 100];;;;;0.0
1747095783.2810001;2025-05-13 02:23:03.281;237.72884678073203;peak;False;;0.0;;640;[320, 100];;;;;0.0
1747095783.460644;2025-05-13 02:23:03.460;237.87202507005497;peak;False;;0.0;;640;[320, 100];;;;;0.0
1747095783.6400256;2025-05-13 02:23:03.640;237.69125843643167;peak;False;;0.0;;640;[320, 100];;;;;0.0
1747095783.8182507;2025-05-13 02:23:03.818;237.91918812046677;peak;False;;0.0;;640;[320, 100];;;;;0.0
1747095783.9961073;2025-05-13 02:23:03.996;237.38667906710546;peak;False;;0.0;;640;[320, 100];;;;;0.0
1747095784.1752365;2025-05-13 02:23:04.175;237.51302164402864;peak;False;;0.0;;640;[320, 100];;;;;0.0
1747095784.3523903;2025-05-13 02:23:04.352;237.86208009156104;peak;False;;0.0;;640;[320, 100];;;;;0.0
1747095784.5320094;2025-05-13 02:23:04.532;237.43061342494175;peak;False;;0.0;;640;[320, 100];;;;;0.0
1747095784.7103035;2025-05-13 02:23:04.710;237.84337725176812;peak;False;;0.0;;640;[320, 100];;;;;0.0
1747095784.8889124;2025-05-13 02:23:04.888;237.65389782052716;peak;False;;0.0;;640;[320, 100];;;;;0.0
1747095785.0655296;2025-05-13 02:23:05.065;237.81666799363057;peak;False;;0.0;;640;[320, 100];;;;;0.0
1747095785.2448084;2025-05-13 02:23:05.244;237.9771935389303;peak;False;;0.0;;640;[320, 100];;;;;0.0
1747095785.4214048;2025-05-13 02:23:05.421;237.71150990433162;peak;False;;0.0;;640;[320, 100];;;;;0.0
1747095785.6012597;2025-05-13 02:23:05.601;237.5373190226079;peak;False;;0.0;;640;[320, 100];;;;;0.0
1747095785.7802186;2025-05-13 02:23:05.780;237.64625698835655;peak;False;;0.0;;640;[320, 100];;;;;0.0
1747095785.9587982;2025-05-13 02:23:05.958;237.90979129826113;peak;False;;0.0;;640;[320, 100];;;;;0.0
1747095786.1365206;2025-05-13 02:23:06.136;237.6747579039137;peak;False;;0.0;;640;[320, 100];;;;;0.0
1747095786.313445;2025-05-13 02:23:06.313;237.59289242824292;peak;False;;0.0;;640;[320, 100];;;;;0.0
1747095786.492596;2025-05-13 02:23:06.492;237.59861843301218;peak;False;;0.0;;640;[320, 100];;;;;0.0
1747095786.668873;2025-05-13 02:23:06.668;237.74245835209365;peak;False;;0.0;;640;[320, 100];;;;;0.0
1747095786.846165;2025-05-13 02:23:06.846;237.50751402882952;peak;False;;0.0;;640;[320, 100];;;;;0.0
1747095787.0259767;2025-05-13 02:23:07.025;237.80829808201258;peak;False;;0.0;;640;[320, 100];;;;;0.0
1747095787.2036185;2025-05-13 02:23:07.203;237.77850151840462;peak;False;;0.0;;640;[320, 100];;;;;0.0
1747095787.3803256;2025-05-13 02:23:07.380;238.01792587893388;peak;False;;0.0;;640;[320, 100];;;;;0.0
1747095787.5590312;2025-05-13 02:23:07.559;237.87838689492804;peak;False;;0.0;;640;[320, 100];;;;;0.0
1747095787.737072;2025-05-13 02:23:07.737;237.72467375277833;peak;False;;0.0;;640;[320, 100];;;;;0.0
1747095787.9146826;2025-05-13 02:23:07.914;237.60942483013358;peak;False;;0.0;;640;[320, 100];;;;;0.0
1747095788.0935583;2025-05-13 02:23:08.093;237.7847169050148;peak;False;;0.0;;640;[320, 100];;;;;0.0
1747095788.2700906;2025-05-13 02:23:08.270;237.91017431978278;peak;False;;0.0;;640;[320, 100];;;;;0.0
1747095788.4592285;2025-05-13 02:23:08.459;238.13611855352715;peak;False;;0.0;;640;[320, 100];;;;;0.0
1747095788.6371303;2025-05-13 02:23:08.637;237.76171909189802;peak;False;;0.0;;640;[320, 100];;;;;0.0
1747095788.817565;2025-05-13 02:23:08.817;237.80556429502448;peak;False;;0.0;;640;[320, 100];;;;;0.0
1747095788.9942656;2025-05-13 02:23:08.994;237.69171961922407;peak;False;;0.0;;640;[320, 100];;;;;0.0
1747095789.1728773;2025-05-13 02:23:09.172;237.5252963595239;peak;False;;0.0;;640;[320, 100];;;;;0.0
1747095789.3522832;2025-05-13 02:23:09.352;238.00646144714833;peak;False;;0.0;;640;[320, 100];;;;;0.0
1747095789.530224;2025-05-13 02:23:09.530;237.8904645255377;peak;False;;0.0;;640;[320, 100];;;;;0.0
1747095789.7095866;2025-05-13 02:23:09.709;238.01842431578012;peak;False;;0.0;;640;[320, 100];;;;;0.0
1747095789.8870864;2025-05-13 02:23:09.887;237.83927827501677;peak;False;;0.0;;640;[320, 100];;;;;0.0
1747095790.065367;2025-05-13 02:23:10.065;238.13424168950735;peak;False;;0.0;;640;[320, 100];;;;;0.0
1747095790.2452605;2025-05-13 02:23:10.245;237.9341383695068;peak;False;;0.0;;640;[320, 100];;;;;0.0
1747095790.422096;2025-05-13 02:23:10.422;237.99174778419226;peak;False;;0.0;;640;[320, 100];;;;;0.0
1747095790.5998113;2025-05-13 02:23:10.599;238.06126780658047;peak;False;;0.0;;640;[320, 100];;;;;0.0
1747095790.779591;2025-05-13 02:23:10.779;238.04147969254166;peak;False;;0.0;;640;[320, 100];;;;;0.0
1747095790.9596639;2025-05-13 02:23:10.959;238.06251276631647;peak;False;;0.0;;640;[320, 100];;;;;0.0
1747095791.1382809;2025-05-13 02:23:11.138;237.9934485764727;peak;False;;0.0;;640;[320, 100];;;;;0.0
1747095791.3170352;2025-05-13 02:23:11.317;238.14102000067683;peak;False;;0.0;;640;[320, 100];;;;;0.0
1747095791.493809;2025-05-13 02:23:11.493;238.10722236432017;peak;False;;0.0;;640;[320, 100];;;;;0.0
1747095791.6714942;2025-05-13 02:23:11.671;238.12970586930481;peak;False;;0.0;;640;[320, 100];;;;;0.0
1747095791.8509028;2025-05-13 02:23:11.850;237.78552626991598;peak;False;;0.0;;640;[320, 100];;;;;0.0
1747095792.0306368;2025-05-13 02:23:12.030;238.27183382839925;peak;False;;0.0;;640;[320, 100];;;;;0.0
1747095792.2110565;2025-05-13 02:23:12.211;238.028570949374;peak;False;;0.0;;640;[320, 100];;;;;0.0
1747095792.3891742;2025-05-13 02:23:12.389;237.97703537108976;peak;False;;0.0;;640;[320, 100];;;;;0.0
1747095792.5655007;2025-05-13 02:23:12.565;238.07162405895474;peak;False;;0.0;;640;[320, 100];;;;;0.0
1747095792.7459414;2025-05-13 02:23:12.745;237.92374242107465;peak;False;;0.0;;640;[320, 100];;;;;0.0
1747095792.924539;2025-05-13 02:23:12.924;238.1381579766634;peak;False;;0.0;;640;[320, 100];;;;;0.0
1747095793.10215;2025-05-13 02:23:13.102;238.03469869151832;peak;False;;0.0;;640;[320, 100];;;;;0.0
1747095793.2814558;2025-05-13 02:23:13.281;238.34112435074854;peak;False;;0.0;;640;[320, 100];;;;;0.0
1747095793.460038;2025-05-13 02:23:13.460;238.1175602219598;peak;False;;0.0;;640;[320, 100];;;;;0.0
1747095793.6420135;2025-05-13 02:23:13.642;238.14298474355283;peak;False;;0.0;;640;[320, 100];;;;;0.0
1747095793.8192523;2025-05-13 02:23:13.819;238.14942541470742;peak;False;;0.0;;640;[320, 100];;;;;0.0
1747095793.9960835;2025-05-13 02:23:13.996;238.11952132819022;peak;False;;0.0;;640;[320, 100];;;;;0.0
1747095794.17272;2025-05-13 02:23:14.172;238.37244071291795;peak;False;;0.0;;640;[320, 100];;;;;0.0
1747095794.3504999;2025-05-13 02:23:14.350;237.91021692946381;peak;False;;0.0;;640;[320, 100];;;;;0.0
1747095794.5294707;2025-05-13 02:23:14.529;238.04260971408297;peak;False;;0.0;;640;[320, 100];;;;;0.0
1747095794.7091157;2025-05-13 02:23:14.709;238.22314384545624;peak;False;;0.0;;640;[320, 100];;;;;0.0
1747095794.8864806;2025-05-13 02:23:14.886;238.34948937989518;peak;False;;0.0;;640;[320, 100];;;;;0.0
1747095795.0663872;2025-05-13 02:23:15.066;238.29473448175798;peak;False;;0.0;;640;[320, 100];;;;;0.0
1747095795.246005;2025-05-13 02:23:15.246;238.11355040083012;peak;False;;0.0;;640;[320, 100];;;;;0.0
1747095795.424808;2025-05-13 02:23:15.424;237.73265753822028;peak;False;;0.0;;640;[320, 100];;;;;0.0
1747095795.6023962;2025-05-13 02:23:15.602;237.81549026180227;peak;False;;0.0;;640;[320, 100];;;;;0.0
1747095795.7793496;2025-05-13 02:23:15.779;238.35555291767633;peak;False;;0.0;;640;[320, 100];;;;;0.0
1747095795.959538;2025-05-13 02:23:15.959;238.2290317339243;peak;False;;0.0;;640;[320, 100];;;;;0.0
1747095796.13984;2025-05-13 02:23:16.139;238.27098717604085;peak;False;;0.0;;640;[320, 100];;;;;0.0
1747095796.317204;2025-05-13 02:23:16.317;238.30224890829695;peak;False;;0.0;;640;[320, 100];;;;;0.0
1747095796.496757;2025-05-13 02:23:16.496;238.25118799357287;peak;False;;0.0;;640;[320, 100];;;;;0.0
1747095796.6760423;2025-05-13 02:23:16.676;238.14135631847614;peak;False;;0.0;;640;[320, 100];;;;;0.0
1747095796.8550403;2025-05-13 02:23:16.855;238.33761589515817;peak;False;;0.0;;640;[320, 100];;;;;0.0
1747095797.0343409;2025-05-13 02:23:17.034;238.2824112246825;peak;False;;0.0;;640;[320, 100];;;;;0.0
1747095797.2128806;2025-05-13 02:23:17.212;238.46455847660425;peak;False;;0.0;;640;[320, 100];;;;;0.0
1747095797.3914297;2025-05-13 02:23:17.391;238.22201162496842;peak;False;;0.0;;640;[320, 100];;;;;0.0
1747095797.5691247;2025-05-13 02:23:17.569;238.37256528995556;peak;False;;0.0;;640;[320, 100];;;;;0.0
1747095797.7494092;2025-05-13 02:23:17.749;238.3701109118893;peak;False;;0.0;;640;[320, 100];;;;;0.0
1747095797.928229;2025-05-13 02:23:17.928;238.13332578110075;peak;False;;0.0;;640;[320, 100];;;;;0.0
1747095798.1075552;2025-05-13 02:23:18.107;238.41664843370972;peak;False;;0.0;;640;[320, 100];;;;;0.0
1747095798.2855093;2025-05-13 02:23:18.285;238.42530407377146;peak;False;;0.0;;640;[320, 100];;;;;0.0
1747095798.4655328;2025-05-13 02:23:18.465;237.96125658321762;peak;False;;0.0;;640;[320, 100];;;;;0.0
1747095798.6452954;2025-05-13 02:23:18.645;238.35866673917081;peak;False;;0.0;;640;[320, 100];;;;;0.0
1747095798.8221529;2025-05-13 02:23:18.822;238.53511789608308;peak;False;;0.0;;640;[320, 100];;;;;0.0
1747095798.9993262;2025-05-13 02:23:18.999;238.66559087813346;peak;False;;0.0;;640;[320, 100];;;;;0.0
1747095799.176863;2025-05-13 02:23:19.176;238.3735511360217;peak;False;;0.0;;640;[320, 100];;;;;0.0
1747095799.35738;2025-05-13 02:23:19.357;238.55424501943384;peak;False;;0.0;;640;[320, 100];;;;;0.0
1747095799.5353296;2025-05-13 02:23:19.535;238.24949942357867;peak;False;;0.0;;640;[320, 100];;;;;0.0
1747095799.7151902;2025-05-13 02:23:19.715;238.21256580758737;peak;False;;0.0;;640;[320, 100];;;;;0.0
1747095799.8922172;2025-05-13 02:23:19.892;238.22691634903208;peak;False;;0.0;;640;[320, 100];;;;;0.0
1747095800.0690334;2025-05-13 02:23:20.069;238.5841176726198;peak;False;;0.0;;640;[320, 100];;;;;0.0
1747095800.2483556;2025-05-13 02:23:20.248;238.39463419692424;peak;False;;0.0;;640;[320, 100];;;;;0.0
1747095800.427864;2025-05-13 02:23:20.427;238.51627028439734;peak;False;;0.0;;640;[320, 100];;;;;0.0
1747095800.604446;2025-05-13 02:23:20.604;238.23973852368067;peak;False;;0.0;;640;[320, 100];;;;;0.0
1747095800.7837815;2025-05-13 02:23:20.783;238.60737339258858;peak;False;;0.0;;640;[320, 100];;;;;0.0
1747095800.96119;2025-05-13 02:23:20.961;238.46069044508474;peak;False;;0.0;;640;[320, 100];;;;;0.0
1747095801.141368;2025-05-13 02:23:21.141;238.13628806742003;peak;False;;0.0;;640;[320, 100];;;;;0.0
1747095801.318907;2025-05-13 02:23:21.318;238.5302665939442;peak;False;;0.0;;640;[320, 100];;;;;0.0
1747095801.4974248;2025-05-13 02:23:21.497;238.34112141380484;peak;False;;0.0;;640;[320, 100];;;;;0.0
1747095801.6758978;2025-05-13 02:23:21.675;238.6225650727933;peak;False;;0.0;;640;[320, 100];;;;;0.0
1747095801.854708;2025-05-13 02:23:21.854;238.64358394823728;peak;False;;0.0;;640;[320, 100];;;;;0.0
1747095802.0323808;2025-05-13 02:23:22.032;238.21145521071136;peak;False;;0.0;;640;[320, 100];;;;;0.0
1747095802.2121625;2025-05-13 02:23:22.212;238.48476605453578;peak;False;;0.0;;640;[320, 100];;;;;0.0
1747095802.3922672;2025-05-13 02:23:22.392;238.52158283104035;peak;False;;0.0;;640;[320, 100];;;;;0.0
1747095802.5705843;2025-05-13 02:23:22.570;238.42746753819515;peak;False;;0.0;;640;[320, 100];;;;;0.0
1747095802.7509255;2025-05-13 02:23:22.750;238.58550547421993;peak;False;;0.0;;640;[320, 100];;;;;0.0
1747095802.9283407;2025-05-13 02:23:22.928;238.849737045088;peak;False;;0.0;;640;[320, 100];;;;;0.0
1747095803.107401;2025-05-13 02:23:23.107;238.49945877683564;peak;False;;0.0;;640;[320, 100];;;;;0.0
1747095803.286965;2025-05-13 02:23:23.286;238.57464589615338;peak;False;;0.0;;640;[320, 100];;;;;0.0
1747095803.4645298;2025-05-13 02:23:23.464;238.31875509496547;peak;False;;0.0;;640;[320, 100];;;;;0.0
1747095803.6420562;2025-05-13 02:23:23.642;238.27781134296913;peak;False;;0.0;;640;[320, 100];;;;;0.0
1747095803.820392;2025-05-13 02:23:23.820;238.5780699918614;peak;False;;0.0;;640;[320, 100];;;;;0.0
1747095803.9991903;2025-05-13 02:23:23.999;238.76583175110127;peak;False;;0.0;;640;[320, 100];;;;;0.0
1747095804.1775925;2025-05-13 02:23:24.177;238.6122969292483;peak;False;;0.0;;640;[320, 100];;;;;0.0
1747095804.3544667;2025-05-13 02:23:24.354;238.65991088723567;peak;False;;0.0;;640;[320, 100];;;;;0.0
1747095804.5326343;2025-05-13 02:23:24.532;238.67645505737127;peak;False;;0.0;;640;[320, 100];;;;;0.0
1747095804.711633;2025-05-13 02:23:24.711;238.6583543812353;peak;False;;0.0;;640;[320, 100];;;;;0.0
1747095804.8910072;2025-05-13 02:23:24.891;238.7836256058293;peak;False;;0.0;;640;[320, 100];;;;;0.0
1747095805.069529;2025-05-13 02:23:25.069;238.70400383097012;peak;False;;0.0;;640;[320, 100];;;;;0.0
1747095805.249412;2025-05-13 02:23:25.249;238.61708551141922;peak;False;;0.0;;640;[320, 100];;;;;0.0
1747095805.431189;2025-05-13 02:23:25.431;238.50415657132095;peak;False;;0.0;;640;[320, 100];;;;;0.0
1747095805.6106412;2025-05-13 02:23:25.610;238.74790400800472;peak;False;;0.0;;640;[320, 100];;;;;0.0
1747095805.7911825;2025-05-13 02:23:25.791;238.573217017648;peak;False;;0.0;;640;[320, 100];;;;;0.0
1747095805.9716337;2025-05-13 02:23:25.971;238.71215294497142;peak;False;;0.0;;640;[320, 100];;;;;0.0
1747095806.1491916;2025-05-13 02:23:26.149;238.72877892408454;peak;False;;0.0;;640;[320, 100];;;;;0.0
1747095806.328862;2025-05-13 02:23:26.328;238.68031810986122;peak;False;;0.0;;640;[320, 100];;;;;0.0
1747095806.5081146;2025-05-13 02:23:26.508;238.6960733241596;peak;False;;0.0;;640;[320, 100];;;;;0.0
1747095806.6877077;2025-05-13 02:23:26.687;238.92493511224444;peak;False;;0.0;;640;[320, 100];;;;;0.0
1747095806.8671553;2025-05-13 02:23:26.867;238.74963638525782;peak;False;;0.0;;640;[320, 100];;;;;0.0
1747095807.0465753;2025-05-13 02:23:27.046;238.8702157971559;peak;False;;0.0;;640;[320, 100];;;;;0.0
1747095807.2384763;2025-05-13 02:23:27.238;239.01765942593676;peak;False;;0.0;;640;[320, 100];;;;;0.0
1747095807.4185395;2025-05-13 02:23:27.418;238.74660031093083;peak;False;;0.0;;640;[320, 100];;;;;0.0
1747095807.5948448;2025-05-13 02:23:27.594;238.82482736664974;peak;False;;0.0;;640;[320, 100];;;;;0.0
1747095807.7746274;2025-05-13 02:23:27.774;238.88505125257228;peak;False;;0.0;;640;[320, 100];;;;;0.0
1747095807.9518209;2025-05-13 02:23:27.951;238.75769150078366;peak;False;;0.0;;640;[320, 100];;;;;0.0
1747095808.1303837;2025-05-13 02:23:28.130;238.8618426090582;peak;False;;0.0;;640;[320, 100];;;;;0.0
1747095808.3081641;2025-05-13 02:23:28.308;238.98200784124288;peak;False;;0.0;;640;[320, 100];;;;;0.0
1747095808.4910843;2025-05-13 02:23:28.491;238.7412619039155;peak;False;;0.0;;640;[320, 100];;;;;0.0
1747095808.6689844;2025-05-13 02:23:28.668;238.84084067388986;peak;False;;0.0;;640;[320, 100];;;;;0.0
1747095808.847501;2025-05-13 02:23:28.847;238.9475010519873;peak;False;;0.0;;640;[320, 100];;;;;0.0
1747095809.0262089;2025-05-13 02:23:29.026;238.976669351726;peak;False;;0.0;;640;[320, 100];;;;;0.0
1747095809.2061794;2025-05-13 02:23:29.206;238.7947061040756;peak;False;;0.0;;640;[320, 100];;;;;0.0
1747095809.3863022;2025-05-13 02:23:29.386;238.8970948286728;peak;False;;0.0;;640;[320, 100];;;;;0.0
1747095809.5647101;2025-05-13 02:23:29.564;238.8068590009384;peak;False;;0.0;;640;[320, 100];;;;;0.0
1747095809.745215;2025-05-13 02:23:29.745;238.67790690849327;peak;False;;0.0;;640;[320, 100];;;;;0.0
1747095809.9375365;2025-05-13 02:23:29.937;238.84694997214294;peak;False;;0.0;;640;[320, 100];;;;;0.0
1747095810.117045;2025-05-13 02:23:30.117;239.0613648457345;peak;False;;0.0;;640;[320, 100];;;;;0.0
1747095810.3057923;2025-05-13 02:23:30.305;238.97763148155002;peak;False;;0.0;;640;[320, 100];;;;;0.0
1747095810.4842842;2025-05-13 02:23:30.484;239.02528038098077;peak;False;;0.0;;640;[320, 100];;;;;0.0
1747095810.660972;2025-05-13 02:23:30.660;239.20185366780856;peak;False;;0.0;;640;[320, 100];;;;;0.0
1747095810.8411107;2025-05-13 02:23:30.841;239.0870624794238;peak;False;;0.0;;640;[320, 100];;;;;0.0
1747095811.0215814;2025-05-13 02:23:31.021;239.1052208447896;peak;False;;0.0;;640;[320, 100];;;;;0.0
1747095811.2019303;2025-05-13 02:23:31.201;239.03744078429938;peak;False;;0.0;;640;[320, 100];;;;;0.0
1747095811.3804681;2025-05-13 02:23:31.380;239.12649918962722;peak;False;;0.0;;640;[320, 100];;;;;0.0
1747095811.5602574;2025-05-13 02:23:31.560;239.02435280680376;peak;False;;0.0;;640;[320, 100];;;;;0.0
1747095811.7408044;2025-05-13 02:23:31.740;238.94476186365188;peak;False;;0.0;;640;[320, 100];;;;;0.0
1747095811.9197385;2025-05-13 02:23:31.919;238.9379871708411;peak;False;;0.0;;640;[320, 100];;;;;0.0
1747095812.0992522;2025-05-13 02:23:32.099;239.00587717330808;peak;False;;0.0;;640;[320, 100];;;;;0.0
1747095812.278861;2025-05-13 02:23:32.278;238.7452463855005;peak;False;;0.0;;640;[320, 100];;;;;0.0
1747095812.457976;2025-05-13 02:23:32.457;238.97115749525616;peak;False;;0.0;;640;[320, 100];;;;;0.0
1747095812.6378841;2025-05-13 02:23:32.637;238.9850606987227;peak;False;;0.0;;640;[320, 100];;;;;0.0
1747095812.8170426;2025-05-13 02:23:32.817;239.24823724050998;peak;False;;0.0;;640;[320, 100];;;;;0.0
1747095812.9959395;2025-05-13 02:23:32.995;239.08475736911674;peak;False;;0.0;;640;[320, 100];;;;;0.0
1747095813.1743736;2025-05-13 02:23:33.174;239.24017282857287;peak;False;;0.0;;640;[320, 100];;;;;0.0
1747095813.3534138;2025-05-13 02:23:33.353;238.9130626525152;peak;False;;0.0;;640;[320, 100];;;;;0.0
1747095813.5331383;2025-05-13 02:23:33.533;238.9008095442802;peak;False;;0.0;;640;[320, 100];;;;;0.0
1747095813.7120721;2025-05-13 02:23:33.712;239.25679262102568;peak;False;;0.0;;640;[320, 100];;;;;0.0
1747095813.8905687;2025-05-13 02:23:33.890;239.3571997213653;peak;False;;0.0;;640;[320, 100];;;;;0.0
1747095814.0669968;2025-05-13 02:23:34.066;239.11118502004624;peak;False;;0.0;;640;[320, 100];;;;;0.0
1747095814.2469652;2025-05-13 02:23:34.246;239.14248979757122;peak;False;;0.0;;640;[320, 100];;;;;0.0
1747095814.4263418;2025-05-13 02:23:34.426;239.28489581064113;peak;False;;0.0;;640;[320, 100];;;;;0.0
1747095814.603682;2025-05-13 02:23:34.603;239.04910518456813;peak;False;;0.0;;640;[320, 100];;;;;0.0
1747095814.7839143;2025-05-13 02:23:34.783;239.54647893815098;peak;False;;0.0;;640;[320, 100];;;;;0.0
1747095814.9631534;2025-05-13 02:23:34.963;239.19183333877126;peak;False;;0.0;;640;[320, 100];;;;;0.0
1747095815.13912;2025-05-13 02:23:35.139;239.24969456871307;peak;False;;0.0;;640;[320, 100];;;;;0.0
1747095815.3185194;2025-05-13 02:23:35.318;239.2076639777249;peak;False;;0.0;;640;[320, 100];;;;;0.0
1747095815.4984503;2025-05-13 02:23:35.498;239.1205918072731;peak;False;;0.0;;640;[320, 100];;;;;0.0
1747095815.6778991;2025-05-13 02:23:35.677;239.37808636847004;peak;False;;0.0;;640;[320, 100];;;;;0.0
1747095815.8576298;2025-05-13 02:23:35.857;239.2848554938285;peak;False;;0.0;;640;[320, 100];;;;;0.0
1747095816.0340168;2025-05-13 02:23:36.034;239.32835333515519;peak;False;;0.0;;640;[320, 100];;;;;0.0
1747095816.2145958;2025-05-13 02:23:36.214;239.00063617403623;peak;False;;0.0;;640;[320, 100];;;;;0.0
1747095816.3912015;2025-05-13 02:23:36.391;239.3142344396418;peak;False;;0.0;;640;[320, 100];;;;;0.0
1747095816.5683231;2025-05-13 02:23:36.568;239.04478116057606;peak;False;;0.0;;640;[320, 100];;;;;0.0
1747095816.7469873;2025-05-13 02:23:36.746;239.4651969789753;peak;False;;0.0;;640;[320, 100];;;;;0.0
1747095816.9263682;2025-05-13 02:23:36.926;239.27934669978126;peak;False;;0.0;;640;[320, 100];;;;;0.0
1747095817.1062446;2025-05-13 02:23:37.106;239.1919024294496;peak;False;;0.0;;640;[320, 100];;;;;0.0
1747095817.2866278;2025-05-13 02:23:37.286;239.31727070522047;peak;False;;0.0;;640;[320, 100];;;;;0.0
1747095817.4664593;2025-05-13 02:23:37.466;239.24135629450623;peak;False;;0.0;;640;[320, 100];;;;;0.0
1747095817.6434135;2025-05-13 02:23:37.643;239.2693656108932;peak;False;;0.0;;640;[320, 100];;;;;0.0
1747095817.8230135;2025-05-13 02:23:37.823;239.24535129390912;peak;False;;0.0;;640;[320, 100];;;;;0.0
1747095818.0891302;2025-05-13 02:23:38.089;239.409524260932;peak;False;;0.0;;640;[320, 100];;;;;0.0
1747095818.2680113;2025-05-13 02:23:38.268;239.45683505210496;peak;False;;0.0;;640;[320, 100];;;;;0.0
1747095818.447558;2025-05-13 02:23:38.447;239.07836021873487;peak;False;;0.0;;640;[320, 100];;;;;0.0
1747095818.6267705;2025-05-13 02:23:38.626;239.52378196967945;peak;False;;0.0;;640;[320, 100];;;;;0.0
1747095818.8064923;2025-05-13 02:23:38.806;239.4490384705016;peak;False;;0.0;;640;[320, 100];;;;;0.0
1747095818.9846604;2025-05-13 02:23:38.984;239.00048750661026;peak;False;;0.0;;640;[320, 100];;;;;0.0
1747095819.163928;2025-05-13 02:23:39.163;239.35592977541504;peak;False;;0.0;;640;[320, 100];;;;;0.0
1747095819.344669;2025-05-13 02:23:39.344;239.55093573902704;peak;False;;0.0;;640;[320, 100];;;;;0.0
1747095819.5251107;2025-05-13 02:23:39.525;239.2045327549597;peak;False;;0.0;;640;[320, 100];;;;;0.0
1747095819.7042658;2025-05-13 02:23:39.704;239.29540685798148;peak;False;;0.0;;640;[320, 100];;;;;0.0
1747095819.8849382;2025-05-13 02:23:39.884;239.4288941574666;peak;False;;0.0;;640;[320, 100];;;;;0.0
1747095820.0648875;2025-05-13 02:23:40.064;239.60115639085032;peak;False;;0.0;;640;[320, 100];;;;;0.0
1747095820.2448294;2025-05-13 02:23:40.244;239.43151548133932;peak;False;;0.0;;640;[320, 100];;;;;0.0
1747095820.423099;2025-05-13 02:23:40.423;239.57979888970357;peak;False;;0.0;;640;[320, 100];;;;;0.0
1747095820.6028824;2025-05-13 02:23:40.602;239.749917210811;peak;False;;0.0;;640;[320, 100];;;;;0.0
1747095820.7829936;2025-05-13 02:23:40.782;239.42384823591763;peak;False;;0.0;;640;[320, 100];;;;;0.0
1747095820.9623828;2025-05-13 02:23:40.962;239.6277878352401;peak;False;;0.0;;640;[320, 100];;;;;0.0
1747095821.1402087;2025-05-13 02:23:41.140;239.33576046916994;peak;False;;0.0;;640;[320, 100];;;;;0.0
1747095821.318551;2025-05-13 02:23:41.318;239.49853672074073;peak;False;;0.0;;640;[320, 100];;;;;0.0
1747095821.4971337;2025-05-13 02:23:41.497;239.69077307255594;peak;False;;0.0;;640;[320, 100];;;;;0.0
1747095821.6759565;2025-05-13 02:23:41.675;239.52642627697597;peak;False;;0.0;;640;[320, 100];;;;;0.0
1747095821.8555408;2025-05-13 02:23:41.855;239.5702545865491;peak;False;;0.0;;640;[320, 100];;;;;0.0
1747095822.033008;2025-05-13 02:23:42.033;239.5348054716333;peak;False;;0.0;;640;[320, 100];;;;;0.0
1747095822.2124188;2025-05-13 02:23:42.212;239.3516079213077;peak;False;;0.0;;640;[320, 100];;;;;0.0
1747095822.3926432;2025-05-13 02:23:42.392;239.4129218057615;peak;False;;0.0;;640;[320, 100];;;;;0.0
1747095822.5716412;2025-05-13 02:23:42.571;239.49815020509547;peak;False;;0.0;;640;[320, 100];;;;;0.0
1747095822.7487586;2025-05-13 02:23:42.748;239.72278476796376;peak;False;;0.0;;640;[320, 100];;;;;0.0
1747095822.9263957;2025-05-13 02:23:42.926;239.5114349488629;peak;False;;0.0;;640;[320, 100];;;;;0.0
1747095823.1066234;2025-05-13 02:23:43.106;239.49828915617223;peak;False;;0.0;;640;[320, 100];;;;;0.0
1747095823.2859848;2025-05-13 02:23:43.285;239.8605459289992;peak;False;;0.0;;640;[320, 100];;;;;0.0
1747095823.4655826;2025-05-13 02:23:43.465;239.47835507387074;peak;False;;0.0;;640;[320, 100];;;;;0.0
1747095823.643469;2025-05-13 02:23:43.643;239.6086559593446;peak;False;;0.0;;640;[320, 100];;;;;0.0
1747095823.8224194;2025-05-13 02:23:43.822;239.78644314868805;peak;False;;0.0;;640;[320, 100];;;;;0.0
1747095824.0027668;2025-05-13 02:23:44.002;239.54120940411562;peak;False;;0.0;;640;[320, 100];;;;;0.0
1747095824.1832736;2025-05-13 02:23:44.183;239.6533339666083;peak;False;;0.0;;640;[320, 100];;;;;0.0
1747095824.3593411;2025-05-13 02:23:44.359;239.88094486840268;peak;False;;0.0;;640;[320, 100];;;;;0.0
1747095824.5393786;2025-05-13 02:23:44.539;239.63438442879962;peak;False;;0.0;;640;[320, 100];;;;;0.0
1747095824.7188487;2025-05-13 02:23:44.718;239.48873056091495;peak;False;;0.0;;640;[320, 100];;;;;0.0
1747095824.897881;2025-05-13 02:23:44.897;239.6179713247395;peak;False;;0.0;;640;[320, 100];;;;;0.0
1747095825.077812;2025-05-13 02:23:45.077;239.55751510094507;peak;False;;0.0;;640;[320, 100];;;;;0.0
1747095825.2564723;2025-05-13 02:23:45.256;239.71333220288687;peak;False;;0.0;;640;[320, 100];;;;;0.0
1747095825.4347613;2025-05-13 02:23:45.434;239.90528672932874;peak;False;;0.0;;640;[320, 100];;;;;0.0
1747095825.6136646;2025-05-13 02:23:45.613;239.9718497604979;peak;False;;0.0;;640;[320, 100];;;;;0.0
1747095825.7930293;2025-05-13 02:23:45.793;239.78716216216216;peak;False;;0.0;;640;[320, 100];;;;;0.0
1747095825.9696622;2025-05-13 02:23:45.969;239.74707036648056;peak;False;;0.0;;640;[320, 100];;;;;0.0
1747095826.1495829;2025-05-13 02:23:46.149;240.040688023736;peak;False;;0.0;;640;[320, 100];;;;;0.0
1747095826.3288908;2025-05-13 02:23:46.328;239.70777473189403;peak;False;;0.0;;640;[320, 100];;;;;0.0
1747095826.5070207;2025-05-13 02:23:46.507;239.67541657267833;peak;False;;0.0;;640;[320, 100];;;;;0.0
1747095826.6867423;2025-05-13 02:23:46.686;239.5977675258896;peak;False;;0.0;;640;[320, 100];;;;;0.0
1747095826.8642962;2025-05-13 02:23:46.864;239.75073409660428;peak;False;;0.0;;640;[320, 100];;;;;0.0
1747095827.042417;2025-05-13 02:23:47.042;239.96086396910948;peak;False;;0.0;;640;[320, 100];;;;;0.0
1747095827.221774;2025-05-13 02:23:47.221;239.81368037126722;peak;False;;0.0;;640;[320, 100];;;;;0.0
1747095827.3990183;2025-05-13 02:23:47.399;239.73749912839466;peak;False;;0.0;;640;[320, 100];;;;;0.0
1747095827.578583;2025-05-13 02:23:47.578;239.76305401915158;peak;False;;0.0;;640;[320, 100];;;;;0.0
1747095827.7592611;2025-05-13 02:23:47.759;239.8834845182008;peak;False;;0.0;;640;[320, 100];;;;;0.0
1747095827.9365504;2025-05-13 02:23:47.936;239.48003936823358;peak;False;;0.0;;640;[320, 100];;;;;0.0
1747095828.1160524;2025-05-13 02:23:48.116;239.79372080248064;peak;False;;0.0;;640;[320, 100];;;;;0.0
1747095828.2943227;2025-05-13 02:23:48.294;239.9647731676163;peak;False;;0.0;;640;[320, 100];;;;;0.0
1747095828.4721825;2025-05-13 02:23:48.472;239.65934907300868;peak;False;;0.0;;640;[320, 100];;;;;0.0
1747095828.6509025;2025-05-13 02:23:48.650;239.8249380519728;peak;False;;0.0;;640;[320, 100];;;;;0.0
1747095828.8295975;2025-05-13 02:23:48.829;240.25244196654842;peak;False;;0.0;;640;[320, 100];;;;;0.0
1747095829.009192;2025-05-13 02:23:49.009;240.02937286355817;peak;False;;0.0;;640;[320, 100];;;;;0.0
1747095829.187559;2025-05-13 02:23:49.187;239.84787842184952;peak;False;;0.0;;640;[320, 100];;;;;0.0
1747095829.3663552;2025-05-13 02:23:49.366;239.94622380952381;peak;False;;0.0;;640;[320, 100];;;;;0.0
1747095829.5461853;2025-05-13 02:23:49.546;239.6736859566379;peak;False;;0.0;;640;[320, 100];;;;;0.0
1747095829.725667;2025-05-13 02:23:49.725;239.7844237184631;peak;False;;0.0;;640;[320, 100];;;;;0.0
1747095829.9051397;2025-05-13 02:23:49.905;239.7845795780925;peak;False;;0.0;;640;[320, 100];;;;;0.0
1747095830.0824502;2025-05-13 02:23:50.082;240.0447371844621;peak;False;;0.0;;640;[320, 100];;;;;0.0
1747095830.2592435;2025-05-13 02:23:50.259;240.12975949345542;peak;False;;0.0;;640;[320, 100];;;;;0.0
1747095830.436882;2025-05-13 02:23:50.436;239.98035234820293;peak;False;;0.0;;640;[320, 100];;;;;0.0
1747095830.6332512;2025-05-13 02:23:50.633;239.88352460602025;peak;False;;0.0;;640;[320, 100];;;;;0.0
1747095830.8115914;2025-05-13 02:23:50.811;240.02471690175912;peak;False;;0.0;;640;[320, 100];;;;;0.0
1747095830.9910305;2025-05-13 02:23:50.991;240.00887535237277;peak;False;;0.0;;640;[320, 100];;;;;0.0
1747095831.168273;2025-05-13 02:23:51.168;239.94101031995703;peak;False;;0.0;;640;[320, 100];;;;;0.0
1747095831.344245;2025-05-13 02:23:51.344;239.88935999061522;peak;False;;0.0;;640;[320, 100];;;;;0.0
1747095831.5238285;2025-05-13 02:23:51.523;240.0993683375573;peak;False;;0.0;;640;[320, 100];;;;;0.0
1747095831.7046285;2025-05-13 02:23:51.704;240.30108021721486;peak;False;;0.0;;640;[320, 100];;;;;0.0
1747095831.8811479;2025-05-13 02:23:51.881;239.86664552893552;peak;False;;0.0;;640;[320, 100];;;;;0.0
1747095832.0600665;2025-05-13 02:23:52.060;240.1245768076849;peak;False;;0.0;;640;[320, 100];;;;;0.0
1747095832.2399008;2025-05-13 02:23:52.239;240.04838396236065;peak;False;;0.0;;640;[320, 100];;;;;0.0
1747095832.4165545;2025-05-13 02:23:52.416;240.1626489999404;peak;False;;0.0;;640;[320, 100];;;;;0.0
1747095832.5958936;2025-05-13 02:23:52.595;240.28642268818578;peak;False;;0.0;;640;[320, 100];;;;;0.0
1747095832.7749097;2025-05-13 02:23:52.774;240.15058399689946;peak;False;;0.0;;640;[320, 100];;;;;0.0
1747095832.955212;2025-05-13 02:23:52.955;240.25956852464654;peak;False;;0.0;;640;[320, 100];;;;;0.0
1747095833.1351748;2025-05-13 02:23:53.135;239.98735484190456;peak;False;;0.0;;640;[320, 100];;;;;0.0
1747095833.3119602;2025-05-13 02:23:53.311;240.39881177904476;peak;False;;0.0;;640;[320, 100];;;;;0.0
1747095833.4908602;2025-05-13 02:23:53.490;239.720474592883;peak;False;;0.0;;640;[320, 100];;;;;0.0
1747095833.6692493;2025-05-13 02:23:53.669;240.11629586566195;peak;False;;0.0;;640;[320, 100];;;;;0.0
1747095833.8496675;2025-05-13 02:23:53.849;240.14319183885192;peak;False;;0.0;;640;[320, 100];;;;;0.0
1747095834.0286431;2025-05-13 02:23:54.028;240.14835692953505;peak;False;;0.0;;640;[320, 100];;;;;0.0
1747095834.2056568;2025-05-13 02:23:54.205;240.12349549335963;peak;False;;0.0;;640;[320, 100];;;;;0.0
1747095834.3830433;2025-05-13 02:23:54.383;240.06084064665126;peak;False;;0.0;;640;[320, 100];;;;;0.0
1747095834.5606108;2025-05-13 02:23:54.560;240.09673050648385;peak;False;;0.0;;640;[320, 100];;;;;0.0
1747095834.741379;2025-05-13 02:23:54.741;240.16127685789922;peak;False;;0.0;;640;[320, 100];;;;;0.0
1747095834.921481;2025-05-13 02:23:54.921;239.98102021447008;peak;False;;0.0;;640;[320, 100];;;;;0.0
1747095835.0988588;2025-05-13 02:23:55.098;240.00674027288946;peak;False;;0.0;;640;[320, 100];;;;;0.0
1747095835.2786398;2025-05-13 02:23:55.278;240.45347251237868;peak;False;;0.0;;640;[320, 100];;;;;0.0
1747095835.4592917;2025-05-13 02:23:55.459;240.1881412959449;peak;False;;0.0;;640;[320, 100];;;;;0.0
1747095835.6375291;2025-05-13 02:23:55.637;240.20760294857214;peak;False;;0.0;;640;[320, 100];;;;;0.0
1747095835.8174572;2025-05-13 02:23:55.817;240.42396543351978;peak;False;;0.0;;640;[320, 100];;;;;0.0
1747095835.9953814;2025-05-13 02:23:55.995;240.2028679505114;peak;False;;0.0;;640;[320, 100];;;;;0.0
1747095836.174918;2025-05-13 02:23:56.174;240.28655370074213;peak;False;;0.0;;640;[320, 100];;;;;0.0
1747095836.3551521;2025-05-13 02:23:56.355;240.0643081257604;peak;False;;0.0;;640;[320, 100];;;;;0.0
1747095836.5343578;2025-05-13 02:23:56.534;240.11624045015782;peak;False;;0.0;;640;[320, 100];;;;;0.0
1747095836.7127821;2025-05-13 02:23:56.712;240.24483124226896;peak;False;;0.0;;640;[320, 100];;;;;0.0
1747095836.8923755;2025-05-13 02:23:56.892;240.35701909692287;peak;False;;0.0;;640;[320, 100];;;;;0.0
1747095837.0719433;2025-05-13 02:23:57.071;240.19979418209562;peak;False;;0.0;;640;[320, 100];;;;;0.0
1747095837.2512386;2025-05-13 02:23:57.251;240.2352655427195;peak;False;;0.0;;640;[320, 100];;;;;0.0
1747095837.4309866;2025-05-13 02:23:57.430;240.1235352121009;peak;False;;0.0;;640;[320, 100];;;;;0.0
1747095837.608333;2025-05-13 02:23:57.608;240.34559650488796;peak;False;;0.0;;640;[320, 100];;;;;0.0
1747095837.7874725;2025-05-13 02:23:57.787;240.360615716938;peak;False;;0.0;;640;[320, 100];;;;;0.0
1747095837.9670262;2025-05-13 02:23:57.967;240.29192027869485;peak;False;;0.0;;640;[320, 100];;;;;0.0
1747095838.1470284;2025-05-13 02:23:58.147;240.33758698574394;peak;False;;0.0;;640;[320, 100];;;;;0.0
1747095838.3274238;2025-05-13 02:23:58.327;240.4051895944724;peak;False;;0.0;;640;[320, 100];;;;;0.0
1747095838.5071166;2025-05-13 02:23:58.507;240.26936960344452;peak;False;;0.0;;640;[320, 100];;;;;0.0
1747095838.686842;2025-05-13 02:23:58.686;240.37378486875082;peak;False;;0.0;;640;[320, 100];;;;;0.0
1747095838.8636465;2025-05-13 02:23:58.863;240.32957409327298;peak;False;;0.0;;640;[320, 100];;;;;0.0
1747095839.0431683;2025-05-13 02:23:59.043;240.58009306182623;peak;False;;0.0;;640;[320, 100];;;;;0.0
1747095839.223671;2025-05-13 02:23:59.223;240.556752364871;peak;False;;0.0;;640;[320, 100];;;;;0.0
1747095839.4033291;2025-05-13 02:23:59.403;240.16583069804906;peak;False;;0.0;;640;[320, 100];;;;;0.0
1747095839.582972;2025-05-13 02:23:59.582;240.51986663148338;peak;False;;0.0;;640;[320, 100];;;;;0.0
1747095839.7625816;2025-05-13 02:23:59.762;240.57597014994596;peak;False;;0.0;;640;[320, 100];;;;;0.0
1747095839.9400618;2025-05-13 02:23:59.940;240.57764003175978;peak;False;;0.0;;640;[320, 100];;;;;0.0
1747095840.1171145;2025-05-13 02:24:00.117;240.39583503411978;peak;False;;0.0;;640;[320, 100];;;;;0.0
1747095840.2973344;2025-05-13 02:24:00.297;240.0055023596024;peak;False;;0.0;;640;[320, 100];;;;;0.0
1747095840.477339;2025-05-13 02:24:00.477;240.74134095185823;peak;False;;0.0;;640;[320, 100];;;;;0.0
1747095840.656463;2025-05-13 02:24:00.656;240.55210925012162;peak;False;;0.0;;640;[320, 100];;;;;0.0
1747095840.8339283;2025-05-13 02:24:00.833;240.44367465079318;peak;False;;0.0;;640;[320, 100];;;;;0.0
1747095841.010197;2025-05-13 02:24:01.010;240.35350924456225;peak;False;;0.0;;640;[320, 100];;;;;0.0
1747095841.1901324;2025-05-13 02:24:01.190;240.67194305887313;peak;False;;0.0;;640;[320, 100];;;;;0.0
1747095841.3705812;2025-05-13 02:24:01.370;240.74856287830116;peak;False;;0.0;;640;[320, 100];;;;;0.0
1747095841.5487034;2025-05-13 02:24:01.548;240.68812420713977;peak;False;;0.0;;640;[320, 100];;;;;0.0
1747095841.7270203;2025-05-13 02:24:01.727;240.64773572668486;peak;False;;0.0;;640;[320, 100];;;;;0.0
1747095841.9046707;2025-05-13 02:24:01.904;240.51906365721098;peak;False;;0.0;;640;[320, 100];;;;;0.0
1747095842.0847068;2025-05-13 02:24:02.084;240.625439372242;peak;False;;0.0;;640;[320, 100];;;;;0.0
1747095842.264326;2025-05-13 02:24:02.264;240.59975966107567;peak;False;;0.0;;640;[320, 100];;;;;0.0
1747095842.4444802;2025-05-13 02:24:02.444;240.4632955280983;peak;False;;0.0;;640;[320, 100];;;;;0.0
1747095842.6228683;2025-05-13 02:24:02.622;240.4452098869907;peak;False;;0.0;;640;[320, 100];;;;;0.0
1747095842.8007038;2025-05-13 02:24:02.800;240.74152586720788;peak;False;;0.0;;640;[320, 100];;;;;0.0
1747095842.9793978;2025-05-13 02:24:02.979;240.43660315030417;peak;False;;0.0;;640;[320, 100];;;;;0.0
1747095843.1562057;2025-05-13 02:24:03.156;240.7675493826391;peak;False;;0.0;;640;[320, 100];;;;;0.0
1747095843.3362603;2025-05-13 02:24:03.336;240.5017571261226;peak;False;;0.0;;640;[320, 100];;;;;0.0
1747095843.5158288;2025-05-13 02:24:03.515;240.70840451313018;peak;False;;0.0;;640;[320, 100];;;;;0.0
1747095843.6931722;2025-05-13 02:24:03.693;240.38125706023226;peak;False;;0.0;;640;[320, 100];;;;;0.0
1747095843.8722248;2025-05-13 02:24:03.872;240.6840454325005;peak;False;;0.0;;640;[320, 100];;;;;0.0
1747095844.05126;2025-05-13 02:24:04.051;240.6949628335637;peak;False;;0.0;;640;[320, 100];;;;;0.0
1747095844.2292995;2025-05-13 02:24:04.229;240.60373740827438;peak;False;;0.0;;640;[320, 100];;;;;0.0
1747095844.4094083;2025-05-13 02:24:04.409;241.08367132427708;peak;False;;0.0;;640;[320, 100];;;;;0.0
1747095844.5884972;2025-05-13 02:24:04.588;240.7972099719508;peak;False;;0.0;;640;[320, 100];;;;;0.0
1747095844.768281;2025-05-13 02:24:04.768;240.7409785739723;peak;False;;0.0;;640;[320, 100];;;;;0.0
1747095844.9484253;2025-05-13 02:24:04.948;240.91725117518598;peak;False;;0.0;;640;[320, 100];;;;;0.0
1747095845.125745;2025-05-13 02:24:05.125;240.92812012618745;peak;False;;0.0;;640;[320, 100];;;;;0.0
1747095845.303234;2025-05-13 02:24:05.303;240.94135215492994;peak;False;;0.0;;640;[320, 100];;;;;0.0
1747095845.4826932;2025-05-13 02:24:05.482;240.755031219784;peak;False;;0.0;;640;[320, 100];;;;;0.0
1747095845.6601157;2025-05-13 02:24:05.660;240.74773063301586;peak;False;;0.0;;640;[320, 100];;;;;0.0
1747095845.8394442;2025-05-13 02:24:05.839;240.92515125560374;peak;False;;0.0;;640;[320, 100];;;;;0.0
1747095846.0198407;2025-05-13 02:24:06.019;240.57746478873239;peak;False;;0.0;;640;[320, 100];;;;;0.0
1747095846.1970704;2025-05-13 02:24:06.197;240.43622252021618;peak;False;;0.0;;640;[320, 100];;;;;0.0
1747095846.3764539;2025-05-13 02:24:06.376;240.9667944871766;peak;False;;0.0;;640;[320, 100];;;;;0.0
1747095846.5554533;2025-05-13 02:24:06.555;240.92473245263963;peak;False;;0.0;;640;[320, 100];;;;;0.0
1747095846.7356071;2025-05-13 02:24:06.735;241.01885867175727;peak;False;;0.0;;640;[320, 100];;;;;0.0
1747095846.914176;2025-05-13 02:24:06.914;240.7043482755947;peak;False;;0.0;;640;[320, 100];;;;;0.0
1747095847.0930343;2025-05-13 02:24:07.093;241.010358934608;peak;False;;0.0;;640;[320, 100];;;;;0.0
1747095847.2723172;2025-05-13 02:24:07.272;240.72211235475612;peak;False;;0.0;;640;[320, 100];;;;;0.0
1747095847.4509685;2025-05-13 02:24:07.450;240.76112729973718;peak;False;;0.0;;640;[320, 100];;;;;0.0
1747095847.6294408;2025-05-13 02:24:07.629;240.98246220362492;peak;False;;0.0;;640;[320, 100];;;;;0.0
1747095847.807304;2025-05-13 02:24:07.807;240.88185225810352;peak;False;;0.0;;640;[320, 100];;;;;0.0
1747095847.9835567;2025-05-13 02:24:07.983;240.670161848667;peak;False;;0.0;;640;[320, 100];;;;;0.0
1747095848.1632237;2025-05-13 02:24:08.163;240.80139704123684;peak;False;;0.0;;640;[320, 100];;;;;0.0
1747095848.3411329;2025-05-13 02:24:08.341;240.84412733012965;peak;False;;0.0;;640;[320, 100];;;;;0.0
1747095848.5171247;2025-05-13 02:24:08.517;240.64256357080575;peak;False;;0.0;;640;[320, 100];;;;;0.0
1747095848.6967158;2025-05-13 02:24:08.696;240.83272590893046;peak;False;;0.0;;640;[320, 100];;;;;0.0
1747095848.8754265;2025-05-13 02:24:08.875;240.56826860157875;peak;False;;0.0;;640;[320, 100];;;;;0.0
1747095849.0524602;2025-05-13 02:24:09.052;240.55454661721447;peak;False;;0.0;;640;[320, 100];;;;;0.0
1747095849.2327905;2025-05-13 02:24:09.232;240.80539507713686;peak;False;;0.0;;640;[320, 100];;;;;0.0
1747095849.4109192;2025-05-13 02:24:09.410;240.93009272095833;peak;False;;0.0;;640;[320, 100];;;;;0.0
1747095849.587589;2025-05-13 02:24:09.587;241.05839785965475;peak;False;;0.0;;640;[320, 100];;;;;0.0
1747095849.7669544;2025-05-13 02:24:09.766;240.7399295256927;peak;False;;0.0;;640;[320, 100];;;;;0.0
1747095849.9458578;2025-05-13 02:24:09.945;241.2038122241806;peak;False;;0.0;;640;[320, 100];;;;;0.0
1747095850.1233377;2025-05-13 02:24:10.123;240.92788199307947;peak;False;;0.0;;640;[320, 100];;;;;0.0
1747095850.3028884;2025-05-13 02:24:10.302;241.08224290109985;peak;False;;0.0;;640;[320, 100];;;;;0.0
1747095850.4829676;2025-05-13 02:24:10.482;240.84776373025602;peak;False;;0.0;;640;[320, 100];;;;;0.0
1747095850.6592002;2025-05-13 02:24:10.659;241.1751250825114;peak;False;;0.0;;640;[320, 100];;;;;0.0
1747095850.8366656;2025-05-13 02:24:10.836;240.77572898799315;peak;False;;0.0;;640;[320, 100];;;;;0.0
1747095851.0156658;2025-05-13 02:24:11.015;240.9382099322113;peak;False;;0.0;;640;[320, 100];;;;;0.0
1747095851.1951957;2025-05-13 02:24:11.195;241.00778173150005;peak;False;;0.0;;640;[320, 100];;;;;0.0
1747095851.374976;2025-05-13 02:24:11.374;241.23512353695622;peak;False;;0.0;;640;[320, 100];;;;;0.0
1747095851.5545125;2025-05-13 02:24:11.554;241.34984197556074;peak;False;;0.0;;640;[320, 100];;;;;0.0
1747095851.7306592;2025-05-13 02:24:11.730;240.7289809643705;peak;False;;0.0;;640;[320, 100];;;;;0.0
1747095851.90872;2025-05-13 02:24:11.908;241.37867587327375;peak;False;;0.0;;640;[320, 100];;;;;0.0
1747095852.0884576;2025-05-13 02:24:12.088;240.9441066373659;peak;False;;0.0;;640;[320, 100];;;;;0.0
1747095852.2678504;2025-05-13 02:24:12.267;241.03551218555387;peak;False;;0.0;;640;[320, 100];;;;;0.0
1747095852.446448;2025-05-13 02:24:12.446;241.0669739837681;peak;False;;0.0;;640;[320, 100];;;;;0.0
1747095852.6258295;2025-05-13 02:24:12.625;241.07546087127176;peak;False;;0.0;;640;[320, 100];;;;;0.0
1747095852.8041816;2025-05-13 02:24:12.804;241.09875088178111;peak;False;;0.0;;640;[320, 100];;;;;0.0
1747095852.9806795;2025-05-13 02:24:12.980;240.8511514111454;peak;False;;0.0;;640;[320, 100];;;;;0.0
1747095853.1602995;2025-05-13 02:24:13.160;241.19656721086466;peak;False;;0.0;;640;[320, 100];;;;;0.0
1747095853.3383348;2025-05-13 02:24:13.338;241.15901817282136;peak;False;;0.0;;640;[320, 100];;;;;0.0
1747095853.5179172;2025-05-13 02:24:13.517;241.32981809877055;peak;False;;0.0;;640;[320, 100];;;;;0.0
1747095853.6947768;2025-05-13 02:24:13.694;241.1370183096296;peak;False;;0.0;;640;[320, 100];;;;;0.0
1747095853.8748043;2025-05-13 02:24:13.874;241.17748547524982;peak;False;;0.0;;640;[320, 100];;;;;0.0
1747095854.0552475;2025-05-13 02:24:14.055;240.95708078005165;peak;False;;0.0;;640;[320, 100];;;;;0.0
1747095854.2324615;2025-05-13 02:24:14.232;241.68064370881572;peak;False;;0.0;;640;[320, 100];;;;;0.0
1747095854.4986846;2025-05-13 02:24:14.498;241.38985597207605;peak;False;;0.0;;640;[320, 100];;;;;0.0
1747095854.675882;2025-05-13 02:24:14.675;241.17963012418213;peak;False;;0.0;;640;[320, 100];;;;;0.0
1747095854.8558345;2025-05-13 02:24:14.855;241.5518876233604;peak;False;;0.0;;640;[320, 100];;;;;0.0
1747095855.0360484;2025-05-13 02:24:15.036;240.94216722896596;peak;False;;0.0;;640;[320, 100];;;;;0.0
1747095855.2138834;2025-05-13 02:24:15.213;241.04667644623638;peak;False;;0.0;;640;[320, 100];;;;;0.0
1747095855.392201;2025-05-13 02:24:15.392;241.20527750810732;peak;False;;0.0;;640;[320, 100];;;;;0.0
1747095855.5717237;2025-05-13 02:24:15.571;241.41530526426985;peak;False;;0.0;;640;[320, 100];;;;;0.0
1747095855.752599;2025-05-13 02:24:15.752;241.45511877828054;peak;False;;0.0;;640;[320, 100];;;;;0.0
1747095855.9324493;2025-05-13 02:24:15.932;241.38738223039675;peak;False;;0.0;;640;[320, 100];;;;;0.0
1747095856.108675;2025-05-13 02:24:16.108;241.17179584016506;peak;False;;0.0;;640;[320, 100];;;;;0.0
1747095856.2880635;2025-05-13 02:24:16.288;241.38185288973312;peak;False;;0.0;;640;[320, 100];;;;;0.0
1747095856.4683542;2025-05-13 02:24:16.468;241.3881822905333;peak;False;;0.0;;640;[320, 100];;;;;0.0
1747095856.6480558;2025-05-13 02:24:16.648;241.21388527769258;peak;False;;0.0;;640;[320, 100];;;;;0.0
1747095856.825103;2025-05-13 02:24:16.825;241.359839198858;peak;False;;0.0;;640;[320, 100];;;;;0.0
1747095857.0049853;2025-05-13 02:24:17.004;241.11092856906473;peak;False;;0.0;;640;[320, 100];;;;;0.0
1747095857.1855218;2025-05-13 02:24:17.185;241.23440291373427;peak;False;;0.0;;640;[320, 100];;;;;0.0
1747095857.3655696;2025-05-13 02:24:17.365;241.36042877353358;peak;False;;0.0;;640;[320, 100];;;;;0.0
1747095857.5450242;2025-05-13 02:24:17.545;241.1490702888039;peak;False;;0.0;;640;[320, 100];;;;;0.0
1747095857.7220552;2025-05-13 02:24:17.722;241.11756655884548;peak;False;;0.0;;640;[320, 100];;;;;0.0
1747095857.9012203;2025-05-13 02:24:17.901;241.40838090833705;peak;False;;0.0;;640;[320, 100];;;;;0.0
1747095858.0802844;2025-05-13 02:24:18.080;241.24702883739258;peak;False;;0.0;;640;[320, 100];;;;;0.0
1747095858.2601848;2025-05-13 02:24:18.260;241.21766557830375;peak;False;;0.0;;640;[320, 100];;;;;0.0
1747095858.4401855;2025-05-13 02:24:18.440;241.21645498165395;peak;False;;0.0;;640;[320, 100];;;;;0.0
1747095858.6194592;2025-05-13 02:24:18.619;241.3790198407461;peak;False;;0.0;;640;[320, 100];;;;;0.0
1747095858.7984028;2025-05-13 02:24:18.798;241.336921547236;peak;False;;0.0;;640;[320, 100];;;;;0.0
1747095858.977491;2025-05-13 02:24:18.977;241.33787976609057;peak;False;;0.0;;640;[320, 100];;;;;0.0
1747095859.1572108;2025-05-13 02:24:19.157;241.48334028080413;peak;False;;0.0;;640;[320, 100];;;;;0.0
1747095859.3335874;2025-05-13 02:24:19.333;241.22127677386177;peak;False;;0.0;;640;[320, 100];;;;;0.0
1747095859.5127444;2025-05-13 02:24:19.512;241.40709135050912;peak;False;;0.0;;640;[320, 100];;;;;0.0
1747095859.6901872;2025-05-13 02:24:19.690;241.33209964350314;peak;False;;0.0;;640;[320, 100];;;;;0.0
1747095859.869477;2025-05-13 02:24:19.869;241.6514475893555;peak;False;;0.0;;640;[320, 100];;;;;0.0
1747095860.0479248;2025-05-13 02:24:20.047;241.3373149254146;peak;False;;0.0;;640;[320, 100];;;;;0.0
1747095860.227197;2025-05-13 02:24:20.227;241.5252621733587;peak;False;;0.0;;640;[320, 100];;;;;0.0
1747095860.4039612;2025-05-13 02:24:20.403;241.48049570194038;peak;False;;0.0;;640;[320, 100];;;;;0.0
1747095860.584554;2025-05-13 02:24:20.584;241.33359142346634;peak;False;;0.0;;640;[320, 100];;;;;0.0
1747095860.7611938;2025-05-13 02:24:20.761;241.50763012247631;peak;False;;0.0;;640;[320, 100];;;;;0.0
1747095860.9414613;2025-05-13 02:24:20.941;241.54102742288984;peak;False;;0.0;;640;[320, 100];;;;;0.0
1747095861.1208723;2025-05-13 02:24:21.120;241.41864926707902;peak;False;;0.0;;640;[320, 100];;;;;0.0
1747095861.3005517;2025-05-13 02:24:21.300;241.6127319292213;peak;False;;0.0;;640;[320, 100];;;;;0.0
1747095861.4782453;2025-05-13 02:24:21.478;241.76237202723416;peak;False;;0.0;;640;[320, 100];;;;;0.0
1747095861.6576185;2025-05-13 02:24:21.657;241.49883100996564;peak;False;;0.0;;640;[320, 100];;;;;0.0
1747095861.8351817;2025-05-13 02:24:21.835;241.7347373296341;peak;False;;0.0;;640;[320, 100];;;;;0.0
1747095862.0148616;2025-05-13 02:24:22.014;241.6110945844818;peak;False;;0.0;;640;[320, 100];;;;;0.0
1747095862.1920786;2025-05-13 02:24:22.192;241.6402871114997;peak;False;;0.0;;640;[320, 100];;;;;0.0
1747095862.37236;2025-05-13 02:24:22.372;241.47029636523078;peak;False;;0.0;;640;[320, 100];;;;;0.0
1747095862.5531294;2025-05-13 02:24:22.553;241.65468333001854;peak;False;;0.0;;640;[320, 100];;;;;0.0
1747095862.734037;2025-05-13 02:24:22.734;241.4746064172536;peak;False;;0.0;;640;[320, 100];;;;;0.0
1747095862.911784;2025-05-13 02:24:22.911;242.2191663261136;peak;False;;0.0;;640;[320, 100];;;;;0.0
1747095863.0917952;2025-05-13 02:24:23.091;241.63676307401724;peak;False;;0.0;;640;[320, 100];;;;;0.0
1747095863.2712424;2025-05-13 02:24:23.271;241.57873167033853;peak;False;;0.0;;640;[320, 100];;;;;0.0
1747095863.4503145;2025-05-13 02:24:23.450;241.7871308461977;peak;False;;0.0;;640;[320, 100];;;;;0.0
1747095863.6280723;2025-05-13 02:24:23.628;241.985097861654;peak;False;;0.0;;640;[320, 100];;;;;0.0
1747095863.805393;2025-05-13 02:24:23.805;241.79860475023963;peak;False;;0.0;;640;[320, 100];;;;;0.0
1747095863.9848177;2025-05-13 02:24:23.984;241.74202238283755;peak;False;;0.0;;640;[320, 100];;;;;0.0
1747095864.164513;2025-05-13 02:24:24.164;241.3534859973293;peak;False;;0.0;;640;[320, 100];;;;;0.0
1747095864.3438368;2025-05-13 02:24:24.343;241.63032981978918;peak;False;;0.0;;640;[320, 100];;;;;0.0
1747095864.5232487;2025-05-13 02:24:24.523;241.3958038330506;peak;False;;0.0;;640;[320, 100];;;;;0.0
1747095864.6998577;2025-05-13 02:24:24.699;241.64507952417375;peak;False;;0.0;;640;[320, 100];;;;;0.0
1747095864.8792875;2025-05-13 02:24:24.879;241.29028649897518;peak;False;;0.0;;640;[320, 100];;;;;0.0
1747095865.05752;2025-05-13 02:24:25.057;241.62105269994674;peak;False;;0.0;;640;[320, 100];;;;;0.0
1747095865.2367299;2025-05-13 02:24:25.236;241.6346805913468;peak;False;;0.0;;640;[320, 100];;;;;0.0
1747095865.4156263;2025-05-13 02:24:25.415;241.6940506173057;peak;False;;0.0;;640;[320, 100];;;;;0.0
1747095865.5956862;2025-05-13 02:24:25.595;241.73824933777956;peak;False;;0.0;;640;[320, 100];;;;;0.0
1747095865.7764976;2025-05-13 02:24:25.776;241.6751732461263;peak;False;;0.0;;640;[320, 100];;;;;0.0
1747095865.9542036;2025-05-13 02:24:25.954;241.93494706506294;peak;False;;0.0;;640;[320, 100];;;;;0.0
1747095866.1308537;2025-05-13 02:24:26.130;241.51700109306682;peak;False;;0.0;;640;[320, 100];;;;;0.0
1747095866.3098903;2025-05-13 02:24:26.309;241.67239633124782;peak;False;;0.0;;640;[320, 100];;;;;0.0
1747095866.4902532;2025-05-13 02:24:26.490;241.82071784239417;peak;False;;0.0;;640;[320, 100];;;;;0.0
1747095866.6676865;2025-05-13 02:24:26.667;241.7345100457325;peak;False;;0.0;;640;[320, 100];;;;;0.0
1747095866.8482268;2025-05-13 02:24:26.848;241.7654442321526;peak;False;;0.0;;640;[320, 100];;;;;0.0
1747095867.0254664;2025-05-13 02:24:27.025;241.77135626063964;peak;False;;0.0;;640;[320, 100];;;;;0.0
1747095867.2050197;2025-05-13 02:24:27.205;241.86116938162112;peak;False;;0.0;;640;[320, 100];;;;;0.0
1747095867.384827;2025-05-13 02:24:27.384;241.79003310899282;peak;False;;0.0;;640;[320, 100];;;;;0.0
1747095867.5640478;2025-05-13 02:24:27.564;241.6364468283858;peak;False;;0.0;;640;[320, 100];;;;;0.0
1747095867.7434871;2025-05-13 02:24:27.743;241.74125451787486;peak;False;;0.0;;640;[320, 100];;;;;0.0
1747095867.9194853;2025-05-13 02:24:27.919;241.84493312080977;peak;False;;0.0;;640;[320, 100];;;;;0.0
1747095868.0963542;2025-05-13 02:24:28.096;241.90593302547643;peak;False;;0.0;;640;[320, 100];;;;;0.0
1747095868.2767236;2025-05-13 02:24:28.276;241.80622781542434;peak;False;;0.0;;640;[320, 100];;;;;0.0
1747095868.4551613;2025-05-13 02:24:28.455;241.69704258424827;peak;False;;0.0;;640;[320, 100];;;;;0.0
1747095868.6340778;2025-05-13 02:24:28.634;241.9864204201886;peak;False;;0.0;;640;[320, 100];;;;;0.0
1747095868.813033;2025-05-13 02:24:28.813;242.06053154799847;peak;False;;0.0;;640;[320, 100];;;;;0.0
1747095868.9927769;2025-05-13 02:24:28.992;241.84835829559432;peak;False;;0.0;;640;[320, 100];;;;;0.0
1747095869.1724343;2025-05-13 02:24:29.172;241.91405360004634;peak;False;;0.0;;640;[320, 100];;;;;0.0
1747095869.3490071;2025-05-13 02:24:29.349;241.65108006525824;peak;False;;0.0;;640;[320, 100];;;;;0.0
1747095869.5287979;2025-05-13 02:24:29.528;241.87109805922185;peak;False;;0.0;;640;[320, 100];;;;;0.0
1747095869.7067614;2025-05-13 02:24:29.706;241.81746281302134;peak;False;;0.0;;640;[320, 100];;;;;0.0
1747095869.8861907;2025-05-13 02:24:29.886;242.02791995164398;peak;False;;0.0;;640;[320, 100];;;;;0.0
1747095870.0626957;2025-05-13 02:24:30.062;241.9591543619758;peak;False;;0.0;;640;[320, 100];;;;;0.0
1747095870.242213;2025-05-13 02:24:30.242;241.89861000960053;peak;False;;0.0;;640;[320, 100];;;;;0.0
1747095870.4204278;2025-05-13 02:24:30.420;241.61944578763172;peak;False;;0.0;;640;[320, 100];;;;;0.0
1747095870.5993278;2025-05-13 02:24:30.599;241.94156788757476;peak;False;;0.0;;640;[320, 100];;;;;0.0
1747095870.7782266;2025-05-13 02:24:30.778;241.99900970108357;peak;False;;0.0;;640;[320, 100];;;;;0.0
1747095870.9582398;2025-05-13 02:24:30.958;241.88948308279558;peak;False;;0.0;;640;[320, 100];;;;;0.0
1747095871.1361964;2025-05-13 02:24:31.136;241.99683247580924;peak;False;;0.0;;640;[320, 100];;;;;0.0
1747095871.3147442;2025-05-13 02:24:31.314;242.06298249530295;peak;False;;0.0;;640;[320, 100];;;;;0.0
1747095871.4910107;2025-05-13 02:24:31.491;241.94165147354087;peak;False;;0.0;;640;[320, 100];;;;;0.0
1747095871.6706977;2025-05-13 02:24:31.670;241.93547026754428;peak;False;;0.0;;640;[320, 100];;;;;0.0
1747095871.8491154;2025-05-13 02:24:31.849;242.0294545529055;peak;False;;0.0;;640;[320, 100];;;;;0.0
1747095872.0282397;2025-05-13 02:24:32.028;242.07323064666048;peak;False;;0.0;;640;[320, 100];;;;;0.0
1747095872.2083678;2025-05-13 02:24:32.208;242.01195162677732;peak;False;;0.0;;640;[320, 100];;;;;0.0
1747095872.3862197;2025-05-13 02:24:32.386;242.051369154801;peak;False;;0.0;;640;[320, 100];;;;;0.0
1747095872.5653534;2025-05-13 02:24:32.565;242.11297396110473;peak;False;;0.0;;640;[320, 100];;;;;0.0
1747095872.7452047;2025-05-13 02:24:32.745;241.91260351408584;peak;False;;0.0;;640;[320, 100];;;;;0.0
1747095872.9249766;2025-05-13 02:24:32.924;242.20750266393154;peak;False;;0.0;;640;[320, 100];;;;;0.0
1747095873.1016228;2025-05-13 02:24:33.101;242.01304511337105;peak;False;;0.0;;640;[320, 100];;;;;0.0
1747095873.2806814;2025-05-13 02:24:33.280;242.43009886839945;peak;False;;0.0;;640;[320, 100];;;;;0.0
1747095873.4594438;2025-05-13 02:24:33.459;242.12734075938891;peak;False;;0.0;;640;[320, 100];;;;;0.0
1747095873.6388533;2025-05-13 02:24:33.638;242.27033053916279;peak;False;;0.0;;640;[320, 100];;;;;0.0
1747095873.8160057;2025-05-13 02:24:33.816;242.15661931595835;peak;False;;0.0;;640;[320, 100];;;;;0.0
1747095873.9948866;2025-05-13 02:24:33.994;242.34286851180477;peak;False;;0.0;;640;[320, 100];;;;;0.0
1747095874.1744063;2025-05-13 02:24:34.174;242.09038016409832;peak;False;;0.0;;640;[320, 100];;;;;0.0
1747095874.3548706;2025-05-13 02:24:34.354;242.35168178005958;peak;False;;0.0;;640;[320, 100];;;;;0.0
1747095874.5347188;2025-05-13 02:24:34.534;242.04204167543676;peak;False;;0.0;;640;[320, 100];;;;;0.0
1747095874.7142344;2025-05-13 02:24:34.714;242.3862321363258;peak;False;;0.0;;640;[320, 100];;;;;0.0
1747095874.8937886;2025-05-13 02:24:34.893;242.22322940682164;peak;False;;0.0;;640;[320, 100];;;;;0.0
1747095875.0725217;2025-05-13 02:24:35.072;242.02065045259926;peak;False;;0.0;;640;[320, 100];;;;;0.0
1747095875.25163;2025-05-13 02:24:35.251;242.33887755526874;peak;False;;0.0;;640;[320, 100];;;;;0.0
1747095875.4308019;2025-05-13 02:24:35.430;241.938015041757;peak;False;;0.0;;640;[320, 100];;;;;0.0
1747095875.6090024;2025-05-13 02:24:35.609;242.5077645872485;peak;False;;0.0;;640;[320, 100];;;;;0.0
1747095875.7878509;2025-05-13 02:24:35.787;242.2921230009037;peak;False;;0.0;;640;[320, 100];;;;;0.0
1747095875.96672;2025-05-13 02:24:35.966;242.2422171069253;peak;False;;0.0;;640;[320, 100];;;;;0.0
1747095876.233072;2025-05-13 02:24:36.233;242.3810527599453;peak;False;;0.0;;640;[320, 100];;;;;0.0
1747095876.4123447;2025-05-13 02:24:36.412;242.2451892933637;peak;False;;0.0;;640;[320, 100];;;;;0.0
1747095876.5924125;2025-05-13 02:24:36.592;241.9501662538216;peak;False;;0.0;;640;[320, 100];;;;;0.0
1747095876.7719347;2025-05-13 02:24:36.771;242.00164687141285;peak;False;;0.0;;640;[320, 100];;;;;0.0
1747095876.9510365;2025-05-13 02:24:36.951;242.3376873987034;peak;False;;0.0;;640;[320, 100];;;;;0.0
1747095877.1292264;2025-05-13 02:24:37.129;242.34113179508404;peak;False;;0.0;;640;[320, 100];;;;;0.0
1747095877.3082664;2025-05-13 02:24:37.308;242.11171079429735;peak;False;;0.0;;640;[320, 100];;;;;0.0
1747095877.4878676;2025-05-13 02:24:37.487;242.40477493437712;peak;False;;0.0;;640;[320, 100];;;;;0.0
1747095877.6640298;2025-05-13 02:24:37.664;242.34098923767226;peak;False;;0.0;;640;[320, 100];;;;;0.0
1747095877.8432705;2025-05-13 02:24:37.843;242.54282692581225;peak;False;;0.0;;640;[320, 100];;;;;0.0
1747095878.0224879;2025-05-13 02:24:38.022;242.05627623854417;peak;False;;0.0;;640;[320, 100];;;;;0.0
1747095878.2014198;2025-05-13 02:24:38.201;242.36812413081316;peak;False;;0.0;;640;[320, 100];;;;;0.0
1747095878.380902;2025-05-13 02:24:38.380;242.559562998756;peak;False;;0.0;;640;[320, 100];;;;;0.0
1747095878.5591328;2025-05-13 02:24:38.559;242.3125002859692;peak;False;;0.0;;640;[320, 100];;;;;0.0
1747095878.7391288;2025-05-13 02:24:38.739;242.26627640543853;peak;False;;0.0;;640;[320, 100];;;;;0.0
1747095878.9154284;2025-05-13 02:24:38.915;242.46591498906315;peak;False;;0.0;;640;[320, 100];;;;;0.0
1747095879.095909;2025-05-13 02:24:39.095;242.5614474664269;peak;False;;0.0;;640;[320, 100];;;;;0.0
1747095879.275241;2025-05-13 02:24:39.275;242.29603870025556;peak;False;;0.0;;640;[320, 100];;;;;0.0
1747095879.4550664;2025-05-13 02:24:39.455;242.1657941909708;peak;False;;0.0;;640;[320, 100];;;;;0.0
1747095879.6332698;2025-05-13 02:24:39.633;242.33151666282913;peak;False;;0.0;;640;[320, 100];;;;;0.0
1747095879.8097386;2025-05-13 02:24:39.809;242.39771802736627;peak;False;;0.0;;640;[320, 100];;;;;0.0
1747095879.9890401;2025-05-13 02:24:39.989;242.32202280553798;peak;False;;0.0;;640;[320, 100];;;;;0.0
1747095880.1701214;2025-05-13 02:24:40.170;242.26201186039253;peak;False;;0.0;;640;[320, 100];;;;;0.0
1747095880.349206;2025-05-13 02:24:40.349;242.38737660968508;peak;False;;0.0;;640;[320, 100];;;;;0.0
1747095880.5276623;2025-05-13 02:24:40.527;242.6789745825129;peak;False;;0.0;;640;[320, 100];;;;;0.0
1747095880.7074077;2025-05-13 02:24:40.707;242.2936726027702;peak;False;;0.0;;640;[320, 100];;;;;0.0
1747095880.8841975;2025-05-13 02:24:40.884;242.43651246614013;peak;False;;0.0;;640;[320, 100];;;;;0.0
1747095881.0639923;2025-05-13 02:24:41.063;242.58204964603652;peak;False;;0.0;;640;[320, 100];;;;;0.0
1747095881.2436633;2025-05-13 02:24:41.243;242.27713761890422;peak;False;;0.0;;640;[320, 100];;;;;0.0
1747095881.429184;2025-05-13 02:24:41.429;242.35168239359623;peak;False;;0.0;;640;[320, 100];;;;;0.0
1747095881.6084938;2025-05-13 02:24:41.608;242.4824982051178;peak;False;;0.0;;640;[320, 100];;;;;0.0
1747095881.786977;2025-05-13 02:24:41.786;242.20968185758116;peak;False;;0.0;;640;[320, 100];;;;;0.0
1747095881.9638588;2025-05-13 02:24:41.963;242.41407517263752;peak;False;;0.0;;640;[320, 100];;;;;0.0
1747095882.1503255;2025-05-13 02:24:42.150;242.50433509565144;peak;False;;0.0;;640;[320, 100];;;;;0.0
1747095882.5146704;2025-05-13 02:24:42.514;242.66525301591952;peak;False;;0.0;;640;[320, 100];;;;;0.0
1747095882.7074208;2025-05-13 02:24:42.707;242.52086713816024;peak;False;;0.0;;640;[320, 100];;;;;0.0
1747095882.8873212;2025-05-13 02:24:42.887;242.71649933374673;peak;False;;0.0;;640;[320, 100];;;;;0.0
1747095883.0701034;2025-05-13 02:24:43.070;242.50117803902558;peak;False;;0.0;;640;[320, 100];;;;;0.0
1747095883.2498906;2025-05-13 02:24:43.249;242.83335171957307;peak;False;;0.0;;640;[320, 100];;;;;0.0
1747095883.4273531;2025-05-13 02:24:43.427;242.7940313922501;peak;False;;0.0;;640;[320, 100];;;;;0.0
1747095883.613176;2025-05-13 02:24:43.613;242.72968816026827;peak;False;;0.0;;640;[320, 100];;;;;0.0
1747095883.7920468;2025-05-13 02:24:43.792;242.74797871435035;peak;False;;0.0;;640;[320, 100];;;;;0.0
1747095883.971177;2025-05-13 02:24:43.971;242.99645903826908;peak;False;;0.0;;640;[320, 100];;;;;0.0
1747095884.1510735;2025-05-13 02:24:44.151;242.65993325446294;peak;False;;0.0;;640;[320, 100];;;;;0.0
1747095884.3304138;2025-05-13 02:24:44.330;242.58603273297678;peak;False;;0.0;;640;[320, 100];;;;;0.0
1747095884.6048489;2025-05-13 02:24:44.604;242.19746658228334;peak;False;;0.0;;640;[320, 100];;;;;0.0
1747095884.784393;2025-05-13 02:24:44.784;242.90227198608545;peak;False;;0.0;;640;[320, 100];;;;;0.0
1747095884.962034;2025-05-13 02:24:44.962;242.80618719774466;peak;False;;0.0;;640;[320, 100];;;;;0.0
1747095885.144833;2025-05-13 02:24:45.144;242.73238502325117;peak;False;;0.0;;640;[320, 100];;;;;0.0
1747095885.3242574;2025-05-13 02:24:45.324;242.60203927425306;peak;False;;0.0;;640;[320, 100];;;;;0.0
1747095885.5038896;2025-05-13 02:24:45.503;242.4566192313474;peak;False;;0.0;;640;[320, 100];;;;;0.0
1747095885.6912835;2025-05-13 02:24:45.691;242.5835456285545;peak;False;;0.0;;640;[320, 100];;;;;0.0
1747095885.870254;2025-05-13 02:24:45.870;242.42991897420129;peak;False;;0.0;;640;[320, 100];;;;;0.0
1747095886.052572;2025-05-13 02:24:46.052;242.66760411735768;peak;False;;0.0;;640;[320, 100];;;;;0.0
1747095886.2316263;2025-05-13 02:24:46.231;243.10862150685801;peak;False;;0.0;;640;[320, 100];;;;;0.0
1747095886.411013;2025-05-13 02:24:46.411;242.47175275690236;peak;False;;0.0;;640;[320, 100];;;;;0.0
1747095886.5958154;2025-05-13 02:24:46.595;242.8658476437084;peak;False;;0.0;;640;[320, 100];;;;;0.0
1747095886.7730544;2025-05-13 02:24:46.773;242.81317228935782;peak;False;;0.0;;640;[320, 100];;;;;0.0
1747095886.952478;2025-05-13 02:24:46.952;242.85469474432298;peak;False;;0.0;;640;[320, 100];;;;;0.0
1747095887.1357305;2025-05-13 02:24:47.135;242.75988782009279;peak;False;;0.0;;640;[320, 100];;;;;0.0
1747095887.3126426;2025-05-13 02:24:47.312;242.781804899101;peak;False;;0.0;;640;[320, 100];;;;;0.0
1747095887.4907525;2025-05-13 02:24:47.490;242.8247554976129;peak;False;;0.0;;640;[320, 100];;;;;0.0
1747095887.6764894;2025-05-13 02:24:47.676;242.8562025442393;peak;False;;0.0;;640;[320, 100];;;;;0.0
1747095887.855901;2025-05-13 02:24:47.855;242.94727966193096;peak;False;;0.0;;640;[320, 100];;;;;0.0
1747095888.0406368;2025-05-13 02:24:48.040;242.90146399182973;peak;False;;0.0;;640;[320, 100];;;;;0.0
1747095888.22016;2025-05-13 02:24:48.220;242.49622873963727;peak;False;;0.0;;640;[320, 100];;;;;0.0
1747095888.3979404;2025-05-13 02:24:48.397;242.6174474934924;peak;False;;0.0;;640;[320, 100];;;;;0.0
1747095888.5793543;2025-05-13 02:24:48.579;242.82337360899228;peak;False;;0.0;;640;[320, 100];;;;;0.0
1747095888.7577689;2025-05-13 02:24:48.757;242.64037014688967;peak;False;;0.0;;640;[320, 100];;;;;0.0
1747095888.9367268;2025-05-13 02:24:48.936;242.59575881771283;peak;False;;0.0;;640;[320, 100];;;;;0.0
1747095889.125262;2025-05-13 02:24:49.125;243.06047807901132;peak;False;;0.0;;640;[320, 100];;;;;0.0
1747095889.304807;2025-05-13 02:24:49.304;242.8383288569357;peak;False;;0.0;;640;[320, 100];;;;;0.0
1747095889.4840963;2025-05-13 02:24:49.484;242.95659649636258;peak;False;;0.0;;640;[320, 100];;;;;0.0
1747095889.6715436;2025-05-13 02:24:49.671;242.9661014321342;peak;False;;0.0;;640;[320, 100];;;;;0.0
1747095889.8479826;2025-05-13 02:24:49.847;242.77005479859955;peak;False;;0.0;;640;[320, 100];;;;;0.0
1747095890.0311432;2025-05-13 02:24:50.031;242.94922724423407;peak;False;;0.0;;640;[320, 100];;;;;0.0
1747095890.2158148;2025-05-13 02:24:50.215;242.91446679629075;peak;False;;0.0;;640;[320, 100];;;;;0.0
1747095890.3958707;2025-05-13 02:24:50.395;243.01396067851644;peak;False;;0.0;;640;[320, 100];;;;;0.0
1747095890.5807698;2025-05-13 02:24:50.580;242.8399146558955;peak;False;;0.0;;640;[320, 100];;;;;0.0
1747095890.7598255;2025-05-13 02:24:50.759;242.88988316151202;peak;False;;0.0;;640;[320, 100];;;;;0.0
1747095890.9368556;2025-05-13 02:24:50.936;243.39404881573887;peak;False;;0.0;;640;[320, 100];;;;;0.0
1747095891.1301692;2025-05-13 02:24:51.130;243.1472933319842;peak;False;;0.0;;640;[320, 100];;;;;0.0
1747095891.3106103;2025-05-13 02:24:51.310;242.79686921253426;peak;False;;0.0;;640;[320, 100];;;;;0.0
1747095891.490545;2025-05-13 02:24:51.490;243.05611724933667;peak;False;;0.0;;640;[320, 100];;;;;0.0
1747095891.6749039;2025-05-13 02:24:51.674;243.1791659010709;peak;False;;0.0;;640;[320, 100];;;;;0.0
1747095891.8545408;2025-05-13 02:24:51.854;243.1118631230192;peak;False;;0.0;;640;[320, 100];;;;;0.0
1747095892.0319753;2025-05-13 02:24:52.031;242.8123789210938;peak;False;;0.0;;640;[320, 100];;;;;0.0
1747095892.2190437;2025-05-13 02:24:52.219;243.182044562166;peak;False;;0.0;;640;[320, 100];;;;;0.0
1747095892.3954704;2025-05-13 02:24:52.395;243.04412681195618;peak;False;;0.0;;640;[320, 100];;;;;0.0
1747095892.58013;2025-05-13 02:24:52.580;243.02530795432145;peak;False;;0.0;;640;[320, 100];;;;;0.0
1747095892.7588243;2025-05-13 02:24:52.758;242.79164996333415;peak;False;;0.0;;640;[320, 100];;;;;0.0
1747095893.0278826;2025-05-13 02:24:53.027;243.05496210274367;peak;False;;0.0;;640;[320, 100];;;;;0.0
1747095893.2143776;2025-05-13 02:24:53.214;243.26627463445647;peak;False;;0.0;;640;[320, 100];;;;;0.0
1747095893.3914099;2025-05-13 02:24:53.391;243.18034912884357;peak;False;;0.0;;640;[320, 100];;;;;0.0
1747095893.57335;2025-05-13 02:24:53.573;242.99286145001656;peak;False;;0.0;;640;[320, 100];;;;;0.0
1747095893.7589414;2025-05-13 02:24:53.758;243.1055274288487;peak;False;;0.0;;640;[320, 100];;;;;0.0
1747095893.935909;2025-05-13 02:24:53.935;243.2194363317757;peak;False;;0.0;;640;[320, 100];;;;;0.0
1747095894.1247437;2025-05-13 02:24:54.124;243.26998336968964;peak;False;;0.0;;640;[320, 100];;;;;0.0
1747095894.303605;2025-05-13 02:24:54.303;242.98456742575962;peak;False;;0.0;;640;[320, 100];;;;;0.0
1747095894.4831703;2025-05-13 02:24:54.483;243.01171558958686;peak;False;;0.0;;640;[320, 100];;;;;0.0
1747095894.6671581;2025-05-13 02:24:54.667;243.32858613070195;peak;False;;0.0;;640;[320, 100];;;;;0.0
1747095894.8462968;2025-05-13 02:24:54.846;243.00701217539222;peak;False;;0.0;;640;[320, 100];;;;;0.0
1747095895.0285642;2025-05-13 02:24:55.028;242.93597925621378;peak;False;;0.0;;640;[320, 100];;;;;0.0
1747095895.2149568;2025-05-13 02:24:55.214;243.06889494592704;peak;False;;0.0;;640;[320, 100];;;;;0.0
1747095895.3936372;2025-05-13 02:24:55.393;243.09634878036272;peak;False;;0.0;;640;[320, 100];;;;;0.0
1747095895.6606755;2025-05-13 02:24:55.660;243.44790786683447;peak;False;;0.0;;640;[320, 100];;;;;0.0
1747095895.8403254;2025-05-13 02:24:55.840;243.62553419946013;peak;False;;0.0;;640;[320, 100];;;;;0.0
1747095896.0186756;2025-05-13 02:24:56.018;243.52156768899755;peak;False;;0.0;;640;[320, 100];;;;;0.0
1747095896.19876;2025-05-13 02:24:56.198;243.2574201821001;peak;False;;0.0;;640;[320, 100];;;;;0.0
1747095896.3775892;2025-05-13 02:24:56.377;243.35261652627526;peak;False;;0.0;;640;[320, 100];;;;;0.0
1747095896.5552514;2025-05-13 02:24:56.555;243.20870988206724;peak;False;;0.0;;640;[320, 100];;;;;0.0
1747095896.7349625;2025-05-13 02:24:56.734;243.30374720527684;peak;False;;0.0;;640;[320, 100];;;;;0.0
1747095896.9118147;2025-05-13 02:24:56.911;243.44759241189433;peak;False;;0.0;;640;[320, 100];;;;;0.0
1747095897.0884352;2025-05-13 02:24:57.088;242.98277635969018;peak;False;;0.0;;640;[320, 100];;;;;0.0
1747095897.2669027;2025-05-13 02:24:57.266;243.63799168740474;peak;False;;0.0;;640;[320, 100];;;;;0.0
1747095897.4460561;2025-05-13 02:24:57.446;243.72193123378042;peak;False;;0.0;;640;[320, 100];;;;;0.0
1747095897.6234252;2025-05-13 02:24:57.623;243.28183649367847;peak;False;;0.0;;640;[320, 100];;;;;0.0
1747095897.8010364;2025-05-13 02:24:57.801;243.37025828640793;peak;False;;0.0;;640;[320, 100];;;;;0.0
1747095897.9806752;2025-05-13 02:24:57.980;243.28388390201;peak;False;;0.0;;640;[320, 100];;;;;0.0
1747095898.1561334;2025-05-13 02:24:58.156;243.45604603499922;peak;False;;0.0;;640;[320, 100];;;;;0.0
1747095898.3356998;2025-05-13 02:24:58.335;243.31160686000018;peak;False;;0.0;;640;[320, 100];;;;;0.0
1747095898.5165145;2025-05-13 02:24:58.516;243.2847396760272;peak;False;;0.0;;640;[320, 100];;;;;0.0
1747095898.6956346;2025-05-13 02:24:58.695;243.15766081188852;peak;False;;0.0;;640;[320, 100];;;;;0.0
1747095898.8734648;2025-05-13 02:24:58.873;243.35708350842341;peak;False;;0.0;;640;[320, 100];;;;;0.0
1747095899.0530005;2025-05-13 02:24:59.053;243.29263061298863;peak;False;;0.0;;640;[320, 100];;;;;0.0
1747095899.23072;2025-05-13 02:24:59.230;243.5556555115749;peak;False;;0.0;;640;[320, 100];;;;;0.0
1747095899.4108887;2025-05-13 02:24:59.410;243.14370261689209;peak;False;;0.0;;640;[320, 100];;;;;0.0
1747095899.5903401;2025-05-13 02:24:59.590;243.52884222174112;peak;False;;0.0;;640;[320, 100];;;;;0.0
1747095899.7677832;2025-05-13 02:24:59.767;243.42096738134586;peak;False;;0.0;;640;[320, 100];;;;;0.0
1747095899.9476638;2025-05-13 02:24:59.947;243.153028929908;peak;False;;0.0;;640;[320, 100];;;;;0.0
1747095900.1261885;2025-05-13 02:25:00.126;243.47383173368698;peak;False;;0.0;;640;[320, 100];;;;;0.0
1747095900.3918192;2025-05-13 02:25:00.391;243.37580362361192;peak;False;;0.0;;640;[320, 100];;;;;0.0
1747095900.5711234;2025-05-13 02:25:00.571;243.40004287651564;peak;False;;0.0;;640;[320, 100];;;;;0.0
1747095900.7579126;2025-05-13 02:25:00.757;243.45959441009987;peak;False;;0.0;;640;[320, 100];;;;;0.0
1747095900.9394302;2025-05-13 02:25:00.939;243.28697837976338;peak;False;;0.0;;640;[320, 100];;;;;0.0
1747095901.1187103;2025-05-13 02:25:01.118;243.40574070927494;peak;False;;0.0;;640;[320, 100];;;;;0.0
1747095901.2963052;2025-05-13 02:25:01.296;243.25239387841063;peak;False;;0.0;;640;[320, 100];;;;;0.0
1747095901.4744241;2025-05-13 02:25:01.474;243.5384639278646;peak;False;;0.0;;640;[320, 100];;;;;0.0
1747095901.6541095;2025-05-13 02:25:01.654;243.63441358109256;peak;False;;0.0;;640;[320, 100];;;;;0.0
1747095901.83423;2025-05-13 02:25:01.834;243.51980591615614;peak;False;;0.0;;640;[320, 100];;;;;0.0
1747095902.013181;2025-05-13 02:25:02.013;243.27781162591043;peak;False;;0.0;;640;[320, 100];;;;;0.0
1747095902.192487;2025-05-13 02:25:02.192;243.4903449568804;peak;False;;0.0;;640;[320, 100];;;;;0.0
1747095902.370045;2025-05-13 02:25:02.370;243.53043482741919;peak;False;;0.0;;640;[320, 100];;;;;0.0
1747095902.5466704;2025-05-13 02:25:02.546;243.45716084051514;peak;False;;0.0;;640;[320, 100];;;;;0.0
1747095902.7267287;2025-05-13 02:25:02.726;243.35179169319665;peak;False;;0.0;;640;[320, 100];;;;;0.0
1747095902.906437;2025-05-13 02:25:02.906;243.7620741749275;peak;False;;0.0;;640;[320, 100];;;;;0.0
1747095903.0831556;2025-05-13 02:25:03.083;243.44267236445495;peak;False;;0.0;;640;[320, 100];;;;;0.0
1747095903.261216;2025-05-13 02:25:03.261;243.5456532343686;peak;False;;0.0;;640;[320, 100];;;;;0.0
1747095903.440621;2025-05-13 02:25:03.440;243.7251677595489;peak;False;;0.0;;640;[320, 100];;;;;0.0
1747095903.616383;2025-05-13 02:25:03.616;243.76074581704134;peak;False;;0.0;;640;[320, 100];;;;;0.0
1747095903.796687;2025-05-13 02:25:03.796;243.48453306269286;peak;False;;0.0;;640;[320, 100];;;;;0.0
1747095903.9752567;2025-05-13 02:25:03.975;243.54035236534722;peak;False;;0.0;;640;[320, 100];;;;;0.0
1747095904.151716;2025-05-13 02:25:04.151;243.51819240216378;peak;False;;0.0;;640;[320, 100];;;;;0.0
1747095904.330842;2025-05-13 02:25:04.330;243.43861886879967;peak;False;;0.0;;640;[320, 100];;;;;0.0
1747095904.5099766;2025-05-13 02:25:04.509;243.61890770191354;peak;False;;0.0;;640;[320, 100];;;;;0.0
1747095904.6874566;2025-05-13 02:25:04.687;243.53766962326065;peak;False;;0.0;;640;[320, 100];;;;;0.0
1747095904.8668573;2025-05-13 02:25:04.866;243.4789687783499;peak;False;;0.0;;640;[320, 100];;;;;0.0
1747095905.0431883;2025-05-13 02:25:05.043;243.74433527845338;peak;False;;0.0;;640;[320, 100];;;;;0.0
1747095905.2210355;2025-05-13 02:25:05.221;243.5091545138721;peak;False;;0.0;;640;[320, 100];;;;;0.0
1747095905.400102;2025-05-13 02:25:05.400;243.90024921865898;peak;False;;0.0;;640;[320, 100];;;;;0.0
1747095905.5764148;2025-05-13 02:25:05.576;243.7614620878546;peak;False;;0.0;;640;[320, 100];;;;;0.0
1747095905.7544858;2025-05-13 02:25:05.754;243.91512736351416;peak;False;;0.0;;640;[320, 100];;;;;0.0
1747095905.934015;2025-05-13 02:25:05.934;243.5419507488072;peak;False;;0.0;;640;[320, 100];;;;;0.0
1747095906.112413;2025-05-13 02:25:06.112;243.62187764859286;peak;False;;0.0;;640;[320, 100];;;;;0.0
1747095906.2918098;2025-05-13 02:25:06.291;243.7472667094266;peak;False;;0.0;;640;[320, 100];;;;;0.0
1747095906.4707274;2025-05-13 02:25:06.470;244.1834643234966;peak;False;;0.0;;640;[320, 100];;;;;0.0
1747095906.6494663;2025-05-13 02:25:06.649;243.65980108162998;peak;False;;0.0;;640;[320, 100];;;;;0.0
1747095906.8299267;2025-05-13 02:25:06.829;243.77265725947922;peak;False;;0.0;;640;[320, 100];;;;;0.0
1747095907.0085638;2025-05-13 02:25:07.008;243.97739443824833;peak;False;;0.0;;640;[320, 100];;;;;0.0
1747095907.1868582;2025-05-13 02:25:07.186;243.73603631175985;peak;False;;0.0;;640;[320, 100];;;;;0.0
1747095907.4524817;2025-05-13 02:25:07.452;243.60869204071463;peak;False;;0.0;;640;[320, 100];;;;;0.0
1747095907.8532548;2025-05-13 02:25:07.853;243.57422319514836;peak;False;;0.0;;640;[320, 100];;;;;0.0
1747095908.1604636;2025-05-13 02:25:08.160;243.94052099180612;peak;False;;0.0;;640;[320, 100];;;;;0.0
1747095908.4638312;2025-05-13 02:25:08.463;243.77822761153487;peak;False;;0.0;;640;[320, 100];;;;;0.0
1747095908.7704837;2025-05-13 02:25:08.770;243.91238176085375;peak;False;;0.0;;640;[320, 100];;;;;0.0
1747095909.0768528;2025-05-13 02:25:09.076;243.83397052316866;peak;False;;0.0;;640;[320, 100];;;;;0.0
1747095909.3828797;2025-05-13 02:25:09.382;243.9217996761508;peak;False;;0.0;;640;[320, 100];;;;;0.0
1747095909.6883779;2025-05-13 02:25:09.688;243.74702140325002;peak;False;;0.0;;640;[320, 100];;;;;0.0
1747095909.9931233;2025-05-13 02:25:09.993;243.81868890335656;peak;False;;0.0;;640;[320, 100];;;;;0.0
1747095910.298778;2025-05-13 02:25:10.298;244.14591930255952;peak;False;;0.0;;640;[320, 100];;;;;0.0
1747095910.609448;2025-05-13 02:25:10.609;244.05348668960823;peak;False;;0.0;;640;[320, 100];;;;;0.0
1747095910.9124792;2025-05-13 02:25:10.912;244.02528998691045;peak;False;;0.0;;640;[320, 100];;;;;0.0
1747095911.2189095;2025-05-13 02:25:11.218;243.61309502276475;peak;False;;0.0;;640;[320, 100];;;;;0.0
1747095911.5239131;2025-05-13 02:25:11.523;243.82121858949316;peak;False;;0.0;;640;[320, 100];;;;;0.0
1747095911.827752;2025-05-13 02:25:11.827;243.9177089155953;peak;False;;0.0;;640;[320, 100];;;;;0.0
1747095912.1367195;2025-05-13 02:25:12.136;243.6479339377272;peak;False;;0.0;;640;[320, 100];;;;;0.0
1747095912.4423048;2025-05-13 02:25:12.442;244.1616965174364;peak;False;;0.0;;640;[320, 100];;;;;0.0
1747095912.7508125;2025-05-13 02:25:12.750;243.99080795972188;peak;False;;0.0;;640;[320, 100];;;;;0.0
1747095913.0547714;2025-05-13 02:25:13.054;243.98932959970782;peak;False;;0.0;;640;[320, 100];;;;;0.0
1747095913.3734958;2025-05-13 02:25:13.373;244.3033337989477;peak;False;;0.0;;640;[320, 100];;;;;0.0
1747095913.6821125;2025-05-13 02:25:13.682;244.26372515229406;peak;False;;0.0;;640;[320, 100];;;;;0.0
1747095913.9893112;2025-05-13 02:25:13.989;244.10583305365998;peak;False;;0.0;;640;[320, 100];;;;;0.0
1747095914.2967236;2025-05-13 02:25:14.296;243.8085281087687;peak;False;;0.0;;640;[320, 100];;;;;0.0
1747095914.6062725;2025-05-13 02:25:14.606;243.95837642850955;peak;False;;0.0;;640;[320, 100];;;;;0.0
1747095914.9099967;2025-05-13 02:25:14.909;244.27606794282627;peak;False;;0.0;;640;[320, 100];;;;;0.0
1747095915.2175455;2025-05-13 02:25:15.217;244.2632244078835;peak;False;;0.0;;640;[320, 100];;;;;0.0
1747095915.5249305;2025-05-13 02:25:15.524;243.941042047532;peak;False;;0.0;;640;[320, 100];;;;;0.0
1747095915.8352904;2025-05-13 02:25:15.835;244.4355865212228;peak;False;;0.0;;640;[320, 100];;;;;0.0
1747095916.1422637;2025-05-13 02:25:16.142;244.13302218891235;peak;False;;0.0;;640;[320, 100];;;;;0.0
1747095916.4563673;2025-05-13 02:25:16.456;243.96644371232554;peak;False;;0.0;;640;[320, 100];;;;;0.0
1747095916.7620943;2025-05-13 02:25:16.762;243.93718205877192;peak;False;;0.0;;640;[320, 100];;;;;0.0
1747095917.0666986;2025-05-13 02:25:17.066;244.37761973319726;peak;False;;0.0;;640;[320, 100];;;;;0.0
1747095917.3780184;2025-05-13 02:25:17.378;244.21734535861466;peak;False;;0.0;;640;[320, 100];;;;;0.0
1747095917.688391;2025-05-13 02:25:17.688;244.17529587119117;peak;False;;0.0;;640;[320, 100];;;;;0.0
1747095917.9975288;2025-05-13 02:25:17.997;244.21096781529687;peak;False;;0.0;;640;[320, 100];;;;;0.0
1747095918.3050058;2025-05-13 02:25:18.305;244.48001914157402;peak;False;;0.0;;640;[320, 100];;;;;0.0
1747095918.6161852;2025-05-13 02:25:18.616;244.19052869690316;peak;False;;0.0;;640;[320, 100];;;;;0.0
1747095918.922597;2025-05-13 02:25:18.922;244.27297222843958;peak;False;;0.0;;640;[320, 100];;;;;0.0
1747095919.2296479;2025-05-13 02:25:19.229;244.3359597629089;peak;False;;0.0;;640;[320, 100];;;;;0.0
1747095919.5366857;2025-05-13 02:25:19.536;244.19148551396668;peak;False;;0.0;;640;[320, 100];;;;;0.0
1747095919.84531;2025-05-13 02:25:19.845;244.23066109990287;peak;False;;0.0;;640;[320, 100];;;;;0.0
1747095920.152253;2025-05-13 02:25:20.152;244.21937356090456;peak;False;;0.0;;640;[320, 100];;;;;0.0
1747095920.4605792;2025-05-13 02:25:20.460;244.3940211298861;peak;False;;0.0;;640;[320, 100];;;;;0.0
1747095920.7642627;2025-05-13 02:25:20.764;244.69088235294117;peak;False;;0.0;;640;[320, 100];;;;;0.0
1747095921.0704725;2025-05-13 02:25:21.070;244.22199259731715;peak;False;;0.0;;640;[320, 100];;;;;0.0
1747095921.375134;2025-05-13 02:25:21.375;244.15064382183704;peak;False;;0.0;;640;[320, 100];;;;;0.0
1747095921.682202;2025-05-13 02:25:21.682;244.56349027400026;peak;False;;0.0;;640;[320, 100];;;;;0.0
1747095921.9901154;2025-05-13 02:25:21.990;244.49094982238805;peak;False;;0.0;;640;[320, 100];;;;;0.0
1747095922.298207;2025-05-13 02:25:22.298;244.6214411043361;peak;False;;0.0;;640;[320, 100];;;;;0.0
1747095922.6080506;2025-05-13 02:25:22.608;244.6084233464499;peak;False;;0.0;;640;[320, 100];;;;;0.0
1747095922.914386;2025-05-13 02:25:22.914;244.54551466931875;peak;False;;0.0;;640;[320, 100];;;;;0.0
1747095923.2209754;2025-05-13 02:25:23.220;244.45362198044265;peak;False;;0.0;;640;[320, 100];;;;;0.0
1747095923.5296407;2025-05-13 02:25:23.529;244.5471857338254;peak;False;;0.0;;640;[320, 100];;;;;0.0
1747095923.843199;2025-05-13 02:25:23.843;244.3409098532026;peak;False;;0.0;;640;[320, 100];;;;;0.0
1747095924.1508331;2025-05-13 02:25:24.150;244.47987331511612;peak;False;;0.0;;640;[320, 100];;;;;0.0
1747095924.461024;2025-05-13 02:25:24.461;244.77601656340596;peak;False;;0.0;;640;[320, 100];;;;;0.0
1747095924.7680483;2025-05-13 02:25:24.768;244.4761675653256;peak;False;;0.0;;640;[320, 100];;;;;0.0
1747095925.0726311;2025-05-13 02:25:25.072;244.38874104454638;peak;False;;0.0;;640;[320, 100];;;;;0.0
1747095925.3787756;2025-05-13 02:25:25.378;244.62821731681473;peak;False;;0.0;;640;[320, 100];;;;;0.0
1747095925.6872137;2025-05-13 02:25:25.687;244.51411612281177;peak;False;;0.0;;640;[320, 100];;;;;0.0
1747095925.9917793;2025-05-13 02:25:25.991;244.48722247682485;peak;False;;0.0;;640;[320, 100];;;;;0.0
1747095926.2962506;2025-05-13 02:25:26.296;244.80788626436967;peak;False;;0.0;;640;[320, 100];;;;;0.0
1747095926.603138;2025-05-13 02:25:26.603;244.67309062834065;peak;False;;0.0;;640;[320, 100];;;;;0.0
1747095926.9076784;2025-05-13 02:25:26.907;244.57525788315814;peak;False;;0.0;;640;[320, 100];;;;;0.0
1747095927.2182806;2025-05-13 02:25:27.218;244.56041549977087;peak;False;;0.0;;640;[320, 100];;;;;0.0
1747095927.5233676;2025-05-13 02:25:27.523;244.6443337176742;peak;False;;0.0;;640;[320, 100];;;;;0.0
1747095927.8342228;2025-05-13 02:25:27.834;244.96066934522494;peak;False;;0.0;;640;[320, 100];;;;;0.0
1747095928.1765962;2025-05-13 02:25:28.176;244.98930104578378;peak;False;;0.0;;640;[320, 100];;;;;0.0
1747095928.4249516;2025-05-13 02:25:28.424;244.75212084366086;peak;False;;0.0;;640;[320, 100];;;;;0.0
1747095928.737434;2025-05-13 02:25:28.737;244.86281155645017;peak;False;;0.0;;640;[320, 100];;;;;0.0
1747095929.0453424;2025-05-13 02:25:29.045;244.8392928159218;peak;False;;0.0;;640;[320, 100];;;;;0.0
1747095929.3556948;2025-05-13 02:25:29.355;244.8961443093246;peak;False;;0.0;;640;[320, 100];;;;;0.0
1747095929.6631641;2025-05-13 02:25:29.663;244.66123990149126;peak;False;;0.0;;640;[320, 100];;;;;0.0
1747095929.9771705;2025-05-13 02:25:29.977;245.0710473207259;peak;False;;0.0;;640;[320, 100];;;;;0.0
1747095930.3049078;2025-05-13 02:25:30.304;244.83376725340796;peak;False;;0.0;;640;[320, 100];;;;;0.0
1747095930.670028;2025-05-13 02:25:30.670;244.74957219955246;peak;False;;0.0;;640;[320, 100];;;;;0.0
1747095930.980676;2025-05-13 02:25:30.980;244.98203383872584;peak;False;;0.0;;640;[320, 100];;;;;0.0
1747095931.2925148;2025-05-13 02:25:31.292;244.60012515046716;peak;False;;0.0;;640;[320, 100];;;;;0.0
1747095931.6024873;2025-05-13 02:25:31.602;245.02527528690237;peak;False;;0.0;;640;[320, 100];;;;;0.0
1747095931.9112957;2025-05-13 02:25:31.911;244.59133889416884;peak;False;;0.0;;640;[320, 100];;;;;0.0
1747095932.218386;2025-05-13 02:25:32.218;245.065575527452;peak;False;;0.0;;640;[320, 100];;;;;0.0
1747095932.5325131;2025-05-13 02:25:32.532;245.1506956799416;peak;False;;0.0;;640;[320, 100];;;;;0.0
1747095932.840909;2025-05-13 02:25:32.840;244.7474087148373;peak;False;;0.0;;640;[320, 100];;;;;0.0
1747095933.1542394;2025-05-13 02:25:33.154;244.78597659836305;peak;False;;0.0;;640;[320, 100];;;;;0.0
1747095933.4598403;2025-05-13 02:25:33.459;244.8843637582798;peak;False;;0.0;;640;[320, 100];;;;;0.0
1747095933.7682192;2025-05-13 02:25:33.768;244.91939510276256;peak;False;;0.0;;640;[320, 100];;;;;0.0
1747095934.0727925;2025-05-13 02:25:34.072;244.7016615567204;peak;False;;0.0;;640;[320, 100];;;;;0.0
1747095934.3815799;2025-05-13 02:25:34.381;244.82997575163193;peak;False;;0.0;;640;[320, 100];;;;;0.0
1747095934.7411168;2025-05-13 02:25:34.741;244.9378019964315;peak;False;;0.0;;640;[320, 100];;;;;0.0
1747095934.9806352;2025-05-13 02:25:34.980;245.1083964639922;peak;False;;0.0;;640;[320, 100];;;;;0.0
1747095935.2982183;2025-05-13 02:25:35.298;245.3058425562569;peak;False;;0.0;;640;[320, 100];;;;;0.0
1747095935.6076894;2025-05-13 02:25:35.607;244.76952190699717;peak;False;;0.0;;640;[320, 100];;;;;0.0
1747095935.9877007;2025-05-13 02:25:35.987;245.33103601136926;peak;False;;0.0;;640;[320, 100];;;;;0.0
1747095936.2145355;2025-05-13 02:25:36.214;245.21484401603058;peak;False;;0.0;;640;[320, 100];;;;;0.0
1747095936.5184767;2025-05-13 02:25:36.518;245.13533998924737;peak;False;;0.0;;640;[320, 100];;;;;0.0
1747095936.8378086;2025-05-13 02:25:36.837;245.3198102675965;peak;False;;0.0;;640;[320, 100];;;;;0.0
1747095937.1526144;2025-05-13 02:25:37.152;245.1122508922929;peak;False;;0.0;;640;[320, 100];;;;;0.0
1747095937.503414;2025-05-13 02:25:37.503;244.92217005468993;peak;False;;0.0;;640;[320, 100];;;;;0.0
1747095937.8501115;2025-05-13 02:25:37.850;245.26289190080004;peak;False;;0.0;;640;[320, 100];;;;;0.0
1747095938.1580198;2025-05-13 02:25:38.158;245.41815595557793;peak;False;;0.0;;640;[320, 100];;;;;0.0
1747095938.4754112;2025-05-13 02:25:38.475;245.20824806124725;peak;False;;0.0;;640;[320, 100];;;;;0.0
1747095938.808228;2025-05-13 02:25:38.808;245.42074878396306;peak;False;;0.0;;640;[320, 100];;;;;0.0
1747095939.178051;2025-05-13 02:25:39.178;245.19337894314995;peak;False;;0.0;;640;[320, 100];;;;;0.0
1747095939.4928524;2025-05-13 02:25:39.492;245.26987663633025;peak;False;;0.0;;640;[320, 100];;;;;0.0
1747095939.8272955;2025-05-13 02:25:39.827;245.23964378244534;peak;False;;0.0;;640;[320, 100];;;;;0.0
1747095940.20451;2025-05-13 02:25:40.204;245.51686600719424;peak;False;;0.0;;640;[320, 100];;;;;0.0
1747095940.5128593;2025-05-13 02:25:40.512;245.24454384609635;peak;False;;0.0;;640;[320, 100];;;;;0.0
1747095940.8702326;2025-05-13 02:25:40.870;245.20245875989093;peak;False;;0.0;;640;[320, 100];;;;;0.0
1747095941.1154387;2025-05-13 02:25:41.115;245.33169144981412;peak;False;;0.0;;640;[320, 100];;;;;0.0
1747095941.4241147;2025-05-13 02:25:41.424;245.5561691958681;peak;False;;0.0;;640;[320, 100];;;;;0.0
1747095941.7601042;2025-05-13 02:25:41.760;245.37421339915863;peak;False;;0.0;;640;[320, 100];;;;;0.0
1747095942.0185559;2025-05-13 02:25:42.018;245.2611438719519;peak;False;;0.0;;640;[320, 100];;;;;0.0
1747095942.3383608;2025-05-13 02:25:42.338;245.64043950371828;peak;False;;0.0;;640;[320, 100];;;;;0.0
1747095942.6499982;2025-05-13 02:25:42.649;245.5305281373453;peak;False;;0.0;;640;[320, 100];;;;;0.0
1747095943.0033476;2025-05-13 02:25:43.003;245.65388132123894;peak;False;;0.0;;640;[320, 100];;;;;0.0
1747095943.254177;2025-05-13 02:25:43.254;245.55176210949483;peak;False;;0.0;;640;[320, 100];;;;;0.0
1747095943.571755;2025-05-13 02:25:43.571;245.71165650235739;peak;False;;0.0;;640;[320, 100];;;;;0.0
1747095943.9533842;2025-05-13 02:25:43.953;245.27915055399663;peak;False;;0.0;;640;[320, 100];;;;;0.0
1747095945.7244222;2025-05-13 02:25:45.724;245.52845373254294;peak;False;;0.0;;640;[320, 100];;;;;0.0
1747095946.0390394;2025-05-13 02:25:46.039;245.41076266440646;peak;False;;0.0;;640;[320, 100];;;;;0.0
1747095946.4171836;2025-05-13 02:25:46.417;245.64264305305522;peak;False;;0.0;;640;[320, 100];;;;;0.0
1747095946.6462588;2025-05-13 02:25:46.646;245.89347183412303;peak;False;;0.0;;640;[320, 100];;;;;0.0
1747095946.9995759;2025-05-13 02:25:46.999;245.55260154738878;peak;False;;0.0;;640;[320, 100];;;;;0.0
1747095947.2420115;2025-05-13 02:25:47.242;245.66747012509302;peak;False;;0.0;;640;[320, 100];;;;;0.0
1747095947.5534663;2025-05-13 02:25:47.553;245.45235513852887;peak;False;;0.0;;640;[320, 100];;;;;0.0
1747095947.8642235;2025-05-13 02:25:47.864;245.6601921208148;peak;False;;0.0;;640;[320, 100];;;;;0.0
1747095948.2068734;2025-05-13 02:25:48.206;245.7517919837885;peak;False;;0.0;;640;[320, 100];;;;;0.0
1747095948.5757182;2025-05-13 02:25:48.575;245.72699746413838;peak;False;;0.0;;640;[320, 100];;;;;0.0
1747095948.8917313;2025-05-13 02:25:48.891;245.46786161661853;peak;False;;0.0;;640;[320, 100];;;;;0.0
1747095949.236151;2025-05-13 02:25:49.236;245.58327098189517;peak;False;;0.0;;640;[320, 100];;;;;0.0
1747095949.4933236;2025-05-13 02:25:49.493;245.72774826822757;peak;False;;0.0;;640;[320, 100];;;;;0.0
1747095949.809976;2025-05-13 02:25:49.809;245.967489344831;peak;False;;0.0;;640;[320, 100];;;;;0.0
1747095950.1197238;2025-05-13 02:25:50.119;245.92757175947455;peak;False;;0.0;;640;[320, 100];;;;;0.0
1747095950.4272382;2025-05-13 02:25:50.427;245.9172583315558;peak;False;;0.0;;640;[320, 100];;;;;0.0
1747095950.7357495;2025-05-13 02:25:50.735;245.65005511341226;peak;False;;0.0;;640;[320, 100];;;;;0.0
1747095951.044753;2025-05-13 02:25:51.044;246.02855826911411;peak;False;;0.0;;640;[320, 100];;;;;0.0
1747095951.3623443;2025-05-13 02:25:51.362;245.82089952715086;peak;False;;0.0;;640;[320, 100];;;;;0.0
1747095951.6900928;2025-05-13 02:25:51.690;245.78179910251305;peak;False;;0.0;;640;[320, 100];;;;;0.0
1747095951.9506307;2025-05-13 02:25:51.950;245.72671120502406;peak;False;;0.0;;640;[320, 100];;;;;0.0
1747095952.1628287;2025-05-13 02:25:52.162;246.0292745076415;peak;False;;0.0;;640;[320, 100];;;;;0.0
1747095952.4677382;2025-05-13 02:25:52.467;245.66561449610555;peak;False;;0.0;;640;[320, 100];;;;;0.0
1747095952.7848606;2025-05-13 02:25:52.784;245.8519316072391;peak;False;;0.0;;640;[320, 100];;;;;0.0
1747095953.0943398;2025-05-13 02:25:53.094;245.8460977272243;peak;False;;0.0;;640;[320, 100];;;;;0.0
1747095953.510572;2025-05-13 02:25:53.510;246.37163023121886;peak;False;;0.0;;640;[320, 100];;;;;0.0
1747095953.8698926;2025-05-13 02:25:53.869;246.03219763097144;peak;False;;0.0;;640;[320, 100];;;;;0.0
1747095954.1055543;2025-05-13 02:25:54.105;245.939204300634;peak;False;;0.0;;640;[320, 100];;;;;0.0
1747095954.4157534;2025-05-13 02:25:54.415;245.85530889000503;peak;False;;0.0;;640;[320, 100];;;;;0.0
1747095954.7511046;2025-05-13 02:25:54.751;246.01683591371662;peak;False;;0.0;;640;[320, 100];;;;;0.0
1747095955.0164888;2025-05-13 02:25:55.016;245.77600429377625;peak;False;;0.0;;640;[320, 100];;;;;0.0
1747095955.3339093;2025-05-13 02:25:55.333;246.09317828911773;peak;False;;0.0;;640;[320, 100];;;;;0.0
1747095955.6519895;2025-05-13 02:25:55.651;246.22157682975205;peak;False;;0.0;;640;[320, 100];;;;;0.0
1747095956.0035243;2025-05-13 02:25:56.003;246.1122070595268;peak;False;;0.0;;640;[320, 100];;;;;0.0
1747095956.2542849;2025-05-13 02:25:56.254;245.89140122602743;peak;False;;0.0;;640;[320, 100];;;;;0.0
1747095956.5652704;2025-05-13 02:25:56.565;246.00460825132475;peak;False;;0.0;;640;[320, 100];;;;;0.0
1747095956.954137;2025-05-13 02:25:56.954;245.88501168547114;peak;False;;0.0;;640;[320, 100];;;;;0.0
1747095957.1720538;2025-05-13 02:25:57.172;245.60597125050367;peak;False;;0.0;;640;[320, 100];;;;;0.0
1747095957.4759023;2025-05-13 02:25:57.475;246.121914980137;peak;False;;0.0;;640;[320, 100];;;;;0.0
1747095957.7908628;2025-05-13 02:25:57.790;246.06896914737868;peak;False;;0.0;;640;[320, 100];;;;;0.0
1747095958.1049185;2025-05-13 02:25:58.104;245.997317862453;peak;False;;0.0;;640;[320, 100];;;;;0.0
1747095958.488072;2025-05-13 02:25:58.488;246.11605665768857;peak;False;;0.0;;640;[320, 100];;;;;0.0
1747095958.807014;2025-05-13 02:25:58.807;246.08494284588096;peak;False;;0.0;;640;[320, 100];;;;;0.0
1747095959.1165066;2025-05-13 02:25:59.116;246.15403866381342;peak;False;;0.0;;640;[320, 100];;;;;0.0
1747095959.4261003;2025-05-13 02:25:59.426;246.24471891327065;peak;False;;0.0;;640;[320, 100];;;;;0.0
1747095959.7402759;2025-05-13 02:25:59.740;246.12598530361677;peak;False;;0.0;;640;[320, 100];;;;;0.0
1747095960.050744;2025-05-13 02:26:00.050;246.23592228453435;peak;False;;0.0;;640;[320, 100];;;;;0.0
1747095960.383073;2025-05-13 02:26:00.383;245.82814641784532;peak;False;;0.0;;640;[320, 100];;;;;0.0
1747095960.7580798;2025-05-13 02:26:00.758;246.1174675587997;peak;False;;0.0;;640;[320, 100];;;;;0.0
1747095961.0600643;2025-05-13 02:26:01.060;246.08640554114572;peak;False;;0.0;;640;[320, 100];;;;;0.0
1747095961.4991693;2025-05-13 02:26:01.499;246.38128272611394;peak;False;;0.0;;640;[320, 100];;;;;0.0
1747095961.764217;2025-05-13 02:26:01.764;246.47750674746652;peak;False;;0.0;;640;[320, 100];;;;;0.0
1747095962.0833988;2025-05-13 02:26:02.083;246.256725309041;peak;False;;0.0;;640;[320, 100];;;;;0.0
1747095962.433635;2025-05-13 02:26:02.433;246.34879547701252;peak;False;;0.0;;640;[320, 100];;;;;0.0
1747095962.685384;2025-05-13 02:26:02.685;246.40616374916803;peak;False;;0.0;;640;[320, 100];;;;;0.0
1747095962.988223;2025-05-13 02:26:02.988;246.29936928017267;peak;False;;0.0;;640;[320, 100];;;;;0.0
1747095963.3038425;2025-05-13 02:26:03.303;246.41479482996613;peak;False;;0.0;;640;[320, 100];;;;;0.0
1747095963.617635;2025-05-13 02:26:03.617;246.5034147723725;peak;False;;0.0;;640;[320, 100];;;;;0.0
1747095963.9541917;2025-05-13 02:26:03.954;246.50838470570966;peak;False;;0.0;;640;[320, 100];;;;;0.0
1747095964.2191405;2025-05-13 02:26:04.219;246.71870187018703;peak;False;;0.0;;640;[320, 100];;;;;0.0
1747095964.5328352;2025-05-13 02:26:04.532;246.41839507005824;peak;False;;0.0;;640;[320, 100];;;;;0.0
1747095964.9132075;2025-05-13 02:26:04.913;246.31116138037254;peak;False;;0.0;;640;[320, 100];;;;;0.0
1747095965.1509743;2025-05-13 02:26:05.150;246.31906536740922;peak;False;;0.0;;640;[320, 100];;;;;0.0
1747095965.5259476;2025-05-13 02:26:05.525;246.43902087448615;peak;False;;0.0;;640;[320, 100];;;;;0.0
1747095965.8452904;2025-05-13 02:26:05.845;246.44643195062423;peak;False;;0.0;;640;[320, 100];;;;;0.0
1747095966.1849084;2025-05-13 02:26:06.184;246.6012181497978;peak;False;;0.0;;640;[320, 100];;;;;0.0
1747095966.4430535;2025-05-13 02:26:06.443;246.44541720938324;peak;False;;0.0;;640;[320, 100];;;;;0.0
1747095966.760275;2025-05-13 02:26:06.760;246.3595469599091;peak;False;;0.0;;640;[320, 100];;;;;0.0
1747095967.075782;2025-05-13 02:26:07.075;246.7085161626549;peak;False;;0.0;;640;[320, 100];;;;;0.0
1747095967.3852043;2025-05-13 02:26:07.385;246.63013811594953;peak;False;;0.0;;640;[320, 100];;;;;0.0
1747095967.712694;2025-05-13 02:26:07.712;246.76976141151934;peak;False;;0.0;;640;[320, 100];;;;;0.0
1747095968.0930598;2025-05-13 02:26:08.093;246.8128970846918;peak;False;;0.0;;640;[320, 100];;;;;0.0
1747095968.4013073;2025-05-13 02:26:08.401;246.60503430239848;peak;False;;0.0;;640;[320, 100];;;;;0.0
1747095968.7156913;2025-05-13 02:26:08.715;246.57095920498327;peak;False;;0.0;;640;[320, 100];;;;;0.0
1747095969.027724;2025-05-13 02:26:09.027;246.5510974936177;peak;False;;0.0;;640;[320, 100];;;;;0.0
1747095969.3899925;2025-05-13 02:26:09.389;246.80459343559295;peak;False;;0.0;;640;[320, 100];;;;;0.0
1747095969.6249669;2025-05-13 02:26:09.624;246.77452667814114;peak;False;;0.0;;640;[320, 100];;;;;0.0
1747095969.9344506;2025-05-13 02:26:09.934;246.83477812279395;peak;False;;0.0;;640;[320, 100];;;;;0.0
1747095970.271688;2025-05-13 02:26:10.271;246.59300901821743;peak;False;;0.0;;640;[320, 100];;;;;0.0
1747095970.530775;2025-05-13 02:26:10.530;246.4677735515618;peak;False;;0.0;;640;[320, 100];;;;;0.0
1747095970.8419812;2025-05-13 02:26:10.841;246.56223160606928;peak;False;;0.0;;640;[320, 100];;;;;0.0
1747095971.1512454;2025-05-13 02:26:11.151;246.98826915176943;peak;False;;0.0;;640;[320, 100];;;;;0.0
1747095971.463046;2025-05-13 02:26:11.463;246.5440234710911;peak;False;;0.0;;640;[320, 100];;;;;0.0
1747095971.7908368;2025-05-13 02:26:11.790;246.64923963398485;peak;False;;0.0;;640;[320, 100];;;;;0.0
1747095972.1703427;2025-05-13 02:26:12.170;246.91373036436892;peak;False;;0.0;;640;[320, 100];;;;;0.0
1747095972.4790437;2025-05-13 02:26:12.479;246.82021578194292;peak;False;;0.0;;640;[320, 100];;;;;0.0
1747095972.7901545;2025-05-13 02:26:12.790;246.77643051576274;peak;False;;0.0;;640;[320, 100];;;;;0.0
1747095973.1048825;2025-05-13 02:26:13.104;246.8746096577955;peak;False;;0.0;;640;[320, 100];;;;;0.0
1747095973.4185061;2025-05-13 02:26:13.418;246.87924535485837;peak;False;;0.0;;640;[320, 100];;;;;0.0
1747095973.7552621;2025-05-13 02:26:13.755;246.98390766854283;peak;False;;0.0;;640;[320, 100];;;;;0.0
1747095974.0117347;2025-05-13 02:26:14.011;247.06637654392242;peak;False;;0.0;;640;[320, 100];;;;;0.0
1747095974.3282394;2025-05-13 02:26:14.328;246.8912432386388;peak;False;;0.0;;640;[320, 100];;;;;0.0
1747095974.6414733;2025-05-13 02:26:14.641;247.16633658530088;peak;False;;0.0;;640;[320, 100];;;;;0.0
1747095974.9935145;2025-05-13 02:26:14.993;247.1470852103535;peak;False;;0.0;;640;[320, 100];;;;;0.0
1747095975.2469387;2025-05-13 02:26:15.246;246.85943156510905;peak;False;;0.0;;640;[320, 100];;;;;0.0
1747095975.5564435;2025-05-13 02:26:15.556;246.7840396059922;peak;False;;0.0;;640;[320, 100];;;;;0.0
1747095975.86848;2025-05-13 02:26:15.868;246.8998043727257;peak;False;;0.0;;640;[320, 100];;;;;0.0
1747095976.183411;2025-05-13 02:26:16.183;246.7895519672504;peak;False;;0.0;;640;[320, 100];;;;;0.0
1747095976.5978084;2025-05-13 02:26:16.597;247.13055570022394;peak;False;;0.0;;640;[320, 100];;;;;0.0
1747095976.943768;2025-05-13 02:26:16.943;247.25215633215973;peak;False;;0.0;;640;[320, 100];;;;;0.0
1747095977.3053086;2025-05-13 02:26:17.305;246.90696400921485;peak;False;;0.0;;640;[320, 100];;;;;0.0
1747095977.6133249;2025-05-13 02:26:17.613;246.9577695453789;peak;False;;0.0;;640;[320, 100];;;;;0.0
1747095977.9255621;2025-05-13 02:26:17.925;247.07519096155036;peak;False;;0.0;;640;[320, 100];;;;;0.0
1747095978.2427557;2025-05-13 02:26:18.242;247.00844044621064;peak;False;;0.0;;640;[320, 100];;;;;0.0
1747095978.5570083;2025-05-13 02:26:18.557;247.12103888807974;peak;False;;0.0;;640;[320, 100];;;;;0.0
1747095978.943564;2025-05-13 02:26:18.943;247.22306658870036;peak;False;;0.0;;640;[320, 100];;;;;0.0
1747095979.1632345;2025-05-13 02:26:19.163;247.05649665587308;peak;False;;0.0;;640;[320, 100];;;;;0.0
1747095979.4674006;2025-05-13 02:26:19.467;247.35844662086438;peak;False;;0.0;;640;[320, 100];;;;;0.0
1747095979.7838032;2025-05-13 02:26:19.783;247.09231367023924;peak;False;;0.0;;640;[320, 100];;;;;0.0
1747095980.1660306;2025-05-13 02:26:20.166;247.14887257224063;peak;False;;0.0;;640;[320, 100];;;;;0.0
1747095980.4767182;2025-05-13 02:26:20.476;247.48649358619696;peak;False;;0.0;;640;[320, 100];;;;;0.0
1747095980.7924821;2025-05-13 02:26:20.792;247.36335478198313;peak;False;;0.0;;640;[320, 100];;;;;0.0
1747095981.1074505;2025-05-13 02:26:21.107;247.24820494881803;peak;False;;0.0;;640;[320, 100];;;;;0.0
1747095981.457124;2025-05-13 02:26:21.457;247.41513052526344;peak;False;;0.0;;640;[320, 100];;;;;0.0
1747095981.7080326;2025-05-13 02:26:21.708;247.33021462335705;peak;False;;0.0;;640;[320, 100];;;;;0.0
1747095982.0204298;2025-05-13 02:26:22.020;247.24745527041233;peak;False;;0.0;;640;[320, 100];;;;;0.0
1747095982.3851528;2025-05-13 02:26:22.385;247.2511769550225;peak;False;;0.0;;640;[320, 100];;;;;0.0
1747095982.6204464;2025-05-13 02:26:22.620;247.0888995966043;peak;False;;0.0;;640;[320, 100];;;;;0.0
1747095982.9311748;2025-05-13 02:26:22.931;247.20743989757693;peak;False;;0.0;;640;[320, 100];;;;;0.0
1747095983.245911;2025-05-13 02:26:23.245;247.46123056897545;peak;False;;0.0;;640;[320, 100];;;;;0.0
1747095983.5642798;2025-05-13 02:26:23.564;247.66586401618875;peak;False;;0.0;;640;[320, 100];;;;;0.0
1747095983.940764;2025-05-13 02:26:23.940;247.25995637908292;peak;False;;0.0;;640;[320, 100];;;;;0.0
1747095984.1582875;2025-05-13 02:26:24.158;247.3663682593495;peak;False;;0.0;;640;[320, 100];;;;;0.0
1747095984.4666488;2025-05-13 02:26:24.466;247.40614651643963;peak;False;;0.0;;640;[320, 100];;;;;0.0
1747095984.7797644;2025-05-13 02:26:24.779;247.12323539608676;peak;False;;0.0;;640;[320, 100];;;;;0.0
1747095985.0872972;2025-05-13 02:26:25.087;247.37366415116284;peak;False;;0.0;;640;[320, 100];;;;;0.0
1747095985.3939629;2025-05-13 02:26:25.393;247.6207453303329;peak;False;;0.0;;640;[320, 100];;;;;0.0
1747095985.7022543;2025-05-13 02:26:25.702;247.52437657607172;peak;False;;0.0;;640;[320, 100];;;;;0.0
1747095986.0117226;2025-05-13 02:26:26.011;247.52672280582374;peak;False;;0.0;;640;[320, 100];;;;;0.0
1747095986.3254533;2025-05-13 02:26:26.325;247.43068621482018;peak;False;;0.0;;640;[320, 100];;;;;0.0
1747095986.7008083;2025-05-13 02:26:26.700;246.97887426298527;peak;False;;0.0;;640;[320, 100];;;;;0.0
1747095986.9128702;2025-05-13 02:26:26.912;247.3683259218176;peak;False;;0.0;;640;[320, 100];;;;;0.0
1747095987.218954;2025-05-13 02:26:27.218;247.49650465667003;peak;False;;0.0;;640;[320, 100];;;;;0.0
1747095987.5338202;2025-05-13 02:26:27.533;247.74952286515477;peak;False;;0.0;;640;[320, 100];;;;;0.0
1747095987.8433254;2025-05-13 02:26:27.843;247.23259328955797;peak;False;;0.0;;640;[320, 100];;;;;0.0
1747095988.153374;2025-05-13 02:26:28.153;247.60536976341714;peak;False;;0.0;;640;[320, 100];;;;;0.0
1747095988.4625978;2025-05-13 02:26:28.462;247.47339698471959;peak;False;;0.0;;640;[320, 100];;;;;0.0
1747095988.7728555;2025-05-13 02:26:28.772;247.80750864817202;peak;False;;0.0;;640;[320, 100];;;;;0.0
1747095989.081356;2025-05-13 02:26:29.081;247.50497053452074;peak;False;;0.0;;640;[320, 100];;;;;0.0
1747095989.3880863;2025-05-13 02:26:29.388;247.64238167849393;peak;False;;0.0;;640;[320, 100];;;;;0.0
1747095989.6947992;2025-05-13 02:26:29.694;247.44473298645678;peak;False;;0.0;;640;[320, 100];;;;;0.0
1747095989.9993277;2025-05-13 02:26:29.999;247.33604605001986;peak;False;;0.0;;640;[320, 100];;;;;0.0
1747095990.3091576;2025-05-13 02:26:30.309;247.52991017435144;peak;False;;0.0;;640;[320, 100];;;;;0.0
1747095990.616756;2025-05-13 02:26:30.616;247.3951612903226;peak;False;;0.0;;640;[320, 100];;;;;0.0
1747095990.924239;2025-05-13 02:26:30.924;247.66649395824868;peak;False;;0.0;;640;[320, 100];;;;;0.0
1747095991.2304583;2025-05-13 02:26:31.230;247.9307577624633;peak;False;;0.0;;640;[320, 100];;;;;0.0
1747095991.5388246;2025-05-13 02:26:31.538;247.64990061885376;peak;False;;0.0;;640;[320, 100];;;;;0.0
1747095991.8489854;2025-05-13 02:26:31.848;247.58093172623765;peak;False;;0.0;;640;[320, 100];;;;;0.0
1747095992.157422;2025-05-13 02:26:32.157;247.63407088132274;peak;False;;0.0;;640;[320, 100];;;;;0.0
1747095992.4652228;2025-05-13 02:26:32.465;247.6742196411905;peak;False;;0.0;;640;[320, 100];;;;;0.0
1747095992.7712932;2025-05-13 02:26:32.771;247.87759060294644;peak;False;;0.0;;640;[320, 100];;;;;0.0
1747095993.0819254;2025-05-13 02:26:33.081;247.6136579306061;peak;False;;0.0;;640;[320, 100];;;;;0.0
1747095993.392184;2025-05-13 02:26:33.392;247.6401303487266;peak;False;;0.0;;640;[320, 100];;;;;0.0
1747095993.6962626;2025-05-13 02:26:33.696;247.96620997462102;peak;False;;0.0;;640;[320, 100];;;;;0.0
1747095994.0061512;2025-05-13 02:26:34.006;247.76858421708502;peak;False;;0.0;;640;[320, 100];;;;;0.0
1747095994.314792;2025-05-13 02:26:34.314;247.55418523970803;peak;False;;0.0;;640;[320, 100];;;;;0.0
1747095994.6241367;2025-05-13 02:26:34.624;247.81943712372157;peak;False;;0.0;;640;[320, 100];;;;;0.0
1747095994.9327924;2025-05-13 02:26:34.932;248.1435782056188;peak;False;;0.0;;640;[320, 100];;;;;0.0
1747095995.2415483;2025-05-13 02:26:35.241;247.8722203659467;peak;False;;0.0;;640;[320, 100];;;;;0.0
1747095995.551023;2025-05-13 02:26:35.551;247.80709516548725;peak;False;;0.0;;640;[320, 100];;;;;0.0
1747095995.864809;2025-05-13 02:26:35.864;247.8019435411988;peak;False;;0.0;;640;[320, 100];;;;;0.0
1747095996.1688614;2025-05-13 02:26:36.168;247.8001769894053;peak;False;;0.0;;640;[320, 100];;;;;0.0
1747095996.4754186;2025-05-13 02:26:36.475;248.0890193905817;peak;False;;0.0;;640;[320, 100];;;;;0.0
1747095996.7849226;2025-05-13 02:26:36.784;248.09518542331875;peak;False;;0.0;;640;[320, 100];;;;;0.0
1747095997.0946217;2025-05-13 02:26:37.094;247.8673381852395;peak;False;;0.0;;640;[320, 100];;;;;0.0
1747095997.404925;2025-05-13 02:26:37.404;247.9314920444311;peak;False;;0.0;;640;[320, 100];;;;;0.0
1747095997.712624;2025-05-13 02:26:37.712;247.9422301690507;peak;False;;0.0;;640;[320, 100];;;;;0.0
1747095998.0216448;2025-05-13 02:26:38.021;247.46424884838729;peak;False;;0.0;;640;[320, 100];;;;;0.0
1747095998.3243754;2025-05-13 02:26:38.324;247.993939482875;peak;False;;0.0;;640;[320, 100];;;;;0.0
1747095998.6322925;2025-05-13 02:26:38.632;247.9899240628946;peak;False;;0.0;;640;[320, 100];;;;;0.0
1747095998.9374306;2025-05-13 02:26:38.937;247.84911594398397;peak;False;;0.0;;640;[320, 100];;;;;0.0
1747095999.2453132;2025-05-13 02:26:39.245;247.92905348969296;peak;False;;0.0;;640;[320, 100];;;;;0.0
1747095999.5479424;2025-05-13 02:26:39.547;247.9073249771359;peak;False;;0.0;;640;[320, 100];;;;;0.0
1747095999.8600872;2025-05-13 02:26:39.860;247.99037055152402;peak;False;;0.0;;640;[320, 100];;;;;0.0
1747096000.2670097;2025-05-13 02:26:40.267;248.1547950906944;peak;False;;0.0;;640;[320, 100];;;;;0.0
1747096000.5707223;2025-05-13 02:26:40.570;248.08431449207805;peak;False;;0.0;;640;[320, 100];;;;;0.0
1747096000.883386;2025-05-13 02:26:40.883;248.25083998544739;peak;False;;0.0;;640;[320, 100];;;;;0.0
1747096001.187983;2025-05-13 02:26:41.187;248.02505421116393;peak;False;;0.0;;640;[320, 100];;;;;0.0
1747096001.500171;2025-05-13 02:26:41.500;248.15692620676901;peak;False;;0.0;;640;[320, 100];;;;;0.0
1747096001.8034792;2025-05-13 02:26:41.803;247.90676823939435;peak;False;;0.0;;640;[320, 100];;;;;0.0
1747096002.109126;2025-05-13 02:26:42.109;248.17131836001388;peak;False;;0.0;;640;[320, 100];;;;;0.0
1747096002.4208179;2025-05-13 02:26:42.420;247.82857489506483;peak;False;;0.0;;640;[320, 100];;;;;0.0
1747096002.723994;2025-05-13 02:26:42.723;248.05154135266983;peak;False;;0.0;;640;[320, 100];;;;;0.0
1747096003.0325046;2025-05-13 02:26:43.032;248.10425676811093;peak;False;;0.0;;640;[320, 100];;;;;0.0
1747096003.3442163;2025-05-13 02:26:43.344;248.35480092662755;peak;False;;0.0;;640;[320, 100];;;;;0.0
1747096003.647063;2025-05-13 02:26:43.647;248.31459436810383;peak;False;;0.0;;640;[320, 100];;;;;0.0
1747096003.9538794;2025-05-13 02:26:43.953;248.21383544071836;peak;False;;0.0;;640;[320, 100];;;;;0.0
1747096004.2625337;2025-05-13 02:26:44.262;248.24773406728988;peak;False;;0.0;;640;[320, 100];;;;;0.0
1747096004.5714748;2025-05-13 02:26:44.571;248.33236782902136;peak;False;;0.0;;640;[320, 100];;;;;0.0
1747096004.8763745;2025-05-13 02:26:44.876;248.2654402993802;peak;False;;0.0;;640;[320, 100];;;;;0.0
1747096005.1842632;2025-05-13 02:26:45.184;248.54299063387253;peak;False;;0.0;;640;[320, 100];;;;;0.0
1747096005.5222437;2025-05-13 02:26:45.522;248.49089764597738;peak;False;;0.0;;640;[320, 100];;;;;0.0
1747096005.7763298;2025-05-13 02:26:45.776;248.00988363002836;peak;False;;0.0;;640;[320, 100];;;;;0.0
1747096005.993448;2025-05-13 02:26:45.993;248.29400852708451;peak;False;;0.0;;640;[320, 100];;;;;0.0
1747096006.2980566;2025-05-13 02:26:46.298;248.095442207125;peak;False;;0.0;;640;[320, 100];;;;;0.0
1747096006.6049366;2025-05-13 02:26:46.604;248.1865821943255;peak;False;;0.0;;640;[320, 100];;;;;0.0
1747096006.9125364;2025-05-13 02:26:46.912;248.40027906339705;peak;False;;0.0;;640;[320, 100];;;;;0.0
1747096007.2205746;2025-05-13 02:26:47.220;248.44894291110705;peak;False;;0.0;;640;[320, 100];;;;;0.0
1747096007.526313;2025-05-13 02:26:47.526;248.1003460815047;peak;False;;0.0;;640;[320, 100];;;;;0.0
1747096007.836649;2025-05-13 02:26:47.836;248.2496669736363;peak;False;;0.0;;640;[320, 100];;;;;0.0
1747096008.1452358;2025-05-13 02:26:48.145;248.2450030903702;peak;False;;0.0;;640;[320, 100];;;;;0.0
1747096008.448309;2025-05-13 02:26:48.448;248.74252635608545;peak;False;;0.0;;640;[320, 100];;;;;0.0
1747096008.7593322;2025-05-13 02:26:48.759;248.39210396097928;peak;False;;0.0;;640;[320, 100];;;;;0.0
1747096009.0657904;2025-05-13 02:26:49.065;248.0953700719166;peak;False;;0.0;;640;[320, 100];;;;;0.0
1747096009.3759909;2025-05-13 02:26:49.375;248.61729018159113;peak;False;;0.0;;640;[320, 100];;;;;0.0
1747096009.6771817;2025-05-13 02:26:49.677;248.45394069749577;peak;False;;0.0;;640;[320, 100];;;;;0.0
1747096009.9866092;2025-05-13 02:26:49.986;248.6701666993113;peak;False;;0.0;;640;[320, 100];;;;;0.0
1747096010.2936366;2025-05-13 02:26:50.293;248.96086296832544;peak;False;;0.0;;640;[320, 100];;;;;0.0
1747096010.5994165;2025-05-13 02:26:50.599;248.4462140306896;peak;False;;0.0;;640;[320, 100];;;;;0.0
1747096010.907861;2025-05-13 02:26:50.907;248.59389188271737;peak;False;;0.0;;640;[320, 100];;;;;0.0
1747096011.2159827;2025-05-13 02:26:51.215;248.78626904897328;peak;False;;0.0;;640;[320, 100];;;;;0.0
1747096011.5225034;2025-05-13 02:26:51.522;248.62304516419852;peak;False;;0.0;;640;[320, 100];;;;;0.0
1747096011.8299825;2025-05-13 02:26:51.829;248.38492065381448;peak;False;;0.0;;640;[320, 100];;;;;0.0
1747096012.1344182;2025-05-13 02:26:52.134;248.5492094223943;peak;False;;0.0;;640;[320, 100];;;;;0.0
1747096012.4436498;2025-05-13 02:26:52.443;248.502971236014;peak;False;;0.0;;640;[320, 100];;;;;0.0
1747096012.7504373;2025-05-13 02:26:52.750;248.4476517778162;peak;False;;0.0;;640;[320, 100];;;;;0.0
1747096013.0573595;2025-05-13 02:26:53.057;248.6580773067208;peak;False;;0.0;;640;[320, 100];;;;;0.0
1747096013.3632238;2025-05-13 02:26:53.363;248.50477929135482;peak;False;;0.0;;640;[320, 100];;;;;0.0
1747096013.6728084;2025-05-13 02:26:53.672;248.47538067980614;peak;False;;0.0;;640;[320, 100];;;;;0.0
1747096013.976848;2025-05-13 02:26:53.976;248.7218481127021;peak;False;;0.0;;640;[320, 100];;;;;0.0
1747096014.284272;2025-05-13 02:26:54.284;248.77515970743448;peak;False;;0.0;;640;[320, 100];;;;;0.0
1747096014.596252;2025-05-13 02:26:54.596;248.77709026329143;peak;False;;0.0;;640;[320, 100];;;;;0.0
1747096014.9011087;2025-05-13 02:26:54.901;249.02038230396062;peak;False;;0.0;;640;[320, 100];;;;;0.0
1747096015.2114062;2025-05-13 02:26:55.211;248.53163815212008;peak;False;;0.0;;640;[320, 100];;;;;0.0
1747096015.5159993;2025-05-13 02:26:55.515;248.5773642585468;peak;False;;0.0;;640;[320, 100];;;;;0.0
1747096015.824172;2025-05-13 02:26:55.824;248.80483220223206;peak;False;;0.0;;640;[320, 100];;;;;0.0
1747096016.131219;2025-05-13 02:26:56.131;248.54160627001517;peak;False;;0.0;;640;[320, 100];;;;;0.0
1747096016.4362926;2025-05-13 02:26:56.436;248.62418938895303;peak;False;;0.0;;640;[320, 100];;;;;0.0
1747096016.7454166;2025-05-13 02:26:56.745;248.89786725598216;peak;False;;0.0;;640;[320, 100];;;;;0.0
1747096017.055038;2025-05-13 02:26:57.055;248.81541714584182;peak;False;;0.0;;640;[320, 100];;;;;0.0
1747096017.3637056;2025-05-13 02:26:57.363;248.8586961054124;peak;False;;0.0;;640;[320, 100];;;;;0.0
1747096017.6702988;2025-05-13 02:26:57.670;249.062367974154;peak;False;;0.0;;640;[320, 100];;;;;0.0
1747096017.9801614;2025-05-13 02:26:57.980;248.80355474113404;peak;False;;0.0;;640;[320, 100];;;;;0.0
1747096018.2866926;2025-05-13 02:26:58.286;248.83193306658418;peak;False;;0.0;;640;[320, 100];;;;;0.0
1747096018.5946887;2025-05-13 02:26:58.594;248.89514022455003;peak;False;;0.0;;640;[320, 100];;;;;0.0
1747096018.9023473;2025-05-13 02:26:58.902;249.2716093929278;peak;False;;0.0;;640;[320, 100];;;;;0.0
1747096019.2051008;2025-05-13 02:26:59.205;248.77779569719058;peak;False;;0.0;;640;[320, 100];;;;;0.0
1747096019.5124006;2025-05-13 02:26:59.512;248.80854227299844;peak;False;;0.0;;640;[320, 100];;;;;0.0
1747096019.8186102;2025-05-13 02:26:59.818;248.95812996177594;peak;False;;0.0;;640;[320, 100];;;;;0.0
1747096020.1324685;2025-05-13 02:27:00.132;249.0968183041977;peak;False;;0.0;;640;[320, 100];;;;;0.0
1747096020.440167;2025-05-13 02:27:00.440;248.78655402640692;peak;False;;0.0;;640;[320, 100];;;;;0.0
1747096020.7461278;2025-05-13 02:27:00.746;248.77697800352422;peak;False;;0.0;;640;[320, 100];;;;;0.0
1747096021.0512888;2025-05-13 02:27:01.051;248.81050353781686;peak;False;;0.0;;640;[320, 100];;;;;0.0
1747096021.356107;2025-05-13 02:27:01.356;248.95404642142213;peak;False;;0.0;;640;[320, 100];;;;;0.0
1747096021.66224;2025-05-13 02:27:01.662;248.64559117059997;peak;False;;0.0;;640;[320, 100];;;;;0.0
1747096021.9690082;2025-05-13 02:27:01.969;248.76014168381926;peak;False;;0.0;;640;[320, 100];;;;;0.0
1747096022.2767673;2025-05-13 02:27:02.276;249.03758682256625;peak;False;;0.0;;640;[320, 100];;;;;0.0
1747096022.5816145;2025-05-13 02:27:02.581;248.75468513560702;peak;False;;0.0;;640;[320, 100];;;;;0.0
1747096022.888644;2025-05-13 02:27:02.888;248.93038185680132;peak;False;;0.0;;640;[320, 100];;;;;0.0
1747096023.1932948;2025-05-13 02:27:03.193;249.23808703639912;peak;False;;0.0;;640;[320, 100];;;;;0.0
1747096023.5030339;2025-05-13 02:27:03.503;248.8943417003715;peak;False;;0.0;;640;[320, 100];;;;;0.0
1747096023.8088038;2025-05-13 02:27:03.808;249.24269965627226;peak;False;;0.0;;640;[320, 100];;;;;0.0
1747096024.1149564;2025-05-13 02:27:04.114;248.92039481771025;peak;False;;0.0;;640;[320, 100];;;;;0.0
1747096024.4235616;2025-05-13 02:27:04.423;249.20885380695753;peak;False;;0.0;;640;[320, 100];;;;;0.0
1747096024.7331014;2025-05-13 02:27:04.733;249.09050017827593;peak;False;;0.0;;640;[320, 100];;;;;0.0
1747096025.0365145;2025-05-13 02:27:05.036;249.09899396475964;peak;False;;0.0;;640;[320, 100];;;;;0.0
1747096025.3445358;2025-05-13 02:27:05.344;248.97177467608054;peak;False;;0.0;;640;[320, 100];;;;;0.0
1747096025.6527627;2025-05-13 02:27:05.652;249.17047493665407;peak;False;;0.0;;640;[320, 100];;;;;0.0
1747096025.9599411;2025-05-13 02:27:05.959;249.23767486046788;peak;False;;0.0;;640;[320, 100];;;;;0.0
1747096026.2680087;2025-05-13 02:27:06.268;249.2465894661443;peak;False;;0.0;;640;[320, 100];;;;;0.0
1747096026.573977;2025-05-13 02:27:06.573;249.20119717121344;peak;False;;0.0;;640;[320, 100];;;;;0.0
1747096026.8824797;2025-05-13 02:27:06.882;249.3100191237736;peak;False;;0.0;;640;[320, 100];;;;;0.0
1747096027.1935468;2025-05-13 02:27:07.193;249.07338815758345;peak;False;;0.0;;640;[320, 100];;;;;0.0
1747096027.498463;2025-05-13 02:27:07.498;248.96352240088046;peak;False;;0.0;;640;[320, 100];;;;;0.0
1747096027.8011827;2025-05-13 02:27:07.801;249.47286234701812;peak;False;;0.0;;640;[320, 100];;;;;0.0
1747096028.110083;2025-05-13 02:27:08.110;249.18451414281301;peak;False;;0.0;;640;[320, 100];;;;;0.0
1747096028.4177449;2025-05-13 02:27:08.417;249.22240234516622;peak;False;;0.0;;640;[320, 100];;;;;0.0
1747096028.7254782;2025-05-13 02:27:08.725;249.48686088232895;peak;False;;0.0;;640;[320, 100];;;;;0.0
1747096029.0358586;2025-05-13 02:27:09.035;249.20080465722944;peak;False;;0.0;;640;[320, 100];;;;;0.0
1747096029.3433864;2025-05-13 02:27:09.343;249.33041310398687;peak;False;;0.0;;640;[320, 100];;;;;0.0
1747096029.6569111;2025-05-13 02:27:09.656;249.22021003106792;peak;False;;0.0;;640;[320, 100];;;;;0.0
1747096029.963523;2025-05-13 02:27:09.963;249.59438166794848;peak;False;;0.0;;640;[320, 100];;;;;0.0
1747096030.2735882;2025-05-13 02:27:10.273;249.30574114812754;peak;False;;0.0;;640;[320, 100];;;;;0.0
1747096030.582924;2025-05-13 02:27:10.582;249.3217602753717;peak;False;;0.0;;640;[320, 100];;;;;0.0
1747096030.890482;2025-05-13 02:27:10.890;249.20055444105708;peak;False;;0.0;;640;[320, 100];;;;;0.0
1747096031.2001462;2025-05-13 02:27:11.200;249.3776168222122;peak;False;;0.0;;640;[320, 100];;;;;0.0
1747096031.5067942;2025-05-13 02:27:11.506;249.3784045169664;peak;False;;0.0;;640;[320, 100];;;;;0.0
1747096031.9159532;2025-05-13 02:27:11.915;249.43931054980757;peak;False;;0.0;;640;[320, 100];;;;;0.0
1747096032.2244031;2025-05-13 02:27:12.224;249.28536163281925;peak;False;;0.0;;640;[320, 100];;;;;0.0
1747096032.5316484;2025-05-13 02:27:12.531;249.4912860868424;peak;False;;0.0;;640;[320, 100];;;;;0.0
1747096032.8357205;2025-05-13 02:27:12.835;249.65039672302046;peak;False;;0.0;;640;[320, 100];;;;;0.0
1747096033.1462116;2025-05-13 02:27:13.146;249.85631341952995;peak;False;;0.0;;640;[320, 100];;;;;0.0
1747096033.4586809;2025-05-13 02:27:13.458;249.93689386695806;peak;False;;0.0;;640;[320, 100];;;;;0.0
1747096033.7640088;2025-05-13 02:27:13.764;249.96828995888816;peak;False;;0.0;;640;[320, 100];;;;;0.0
1747096034.0737739;2025-05-13 02:27:14.073;249.95085011048369;peak;False;;0.0;;640;[320, 100];;;;;0.0
1747096034.3830714;2025-05-13 02:27:14.383;249.54840741078763;peak;False;;0.0;;640;[320, 100];;;;;0.0
1747096034.6878188;2025-05-13 02:27:14.687;249.90796712044244;peak;False;;0.0;;640;[320, 100];;;;;0.0
1747096034.9929829;2025-05-13 02:27:14.992;249.56354003855694;peak;False;;0.0;;640;[320, 100];;;;;0.0
1747096035.2981777;2025-05-13 02:27:15.298;249.5778775808241;peak;False;;0.0;;640;[320, 100];;;;;0.0
1747096035.711797;2025-05-13 02:27:15.711;249.80165134261753;peak;False;;0.0;;640;[320, 100];;;;;0.0
1747096036.0222576;2025-05-13 02:27:16.022;249.3801348243676;peak;False;;0.0;;640;[320, 100];;;;;0.0
1747096036.3303525;2025-05-13 02:27:16.330;249.44474697642505;peak;False;;0.0;;640;[320, 100];;;;;0.0
1747096036.6349745;2025-05-13 02:27:16.634;249.8436313384397;peak;False;;0.0;;640;[320, 100];;;;;0.0
1747096037.0446362;2025-05-13 02:27:17.044;249.56693865857412;peak;False;;0.0;;640;[320, 100];;;;;0.0
1747096037.349495;2025-05-13 02:27:17.349;249.88899999496243;peak;False;;0.0;;640;[320, 100];;;;;0.0
1747096037.655019;2025-05-13 02:27:17.655;249.59853447376656;peak;False;;0.0;;640;[320, 100];;;;;0.0
1747096038.064672;2025-05-13 02:27:18.064;249.5504919169592;peak;False;;0.0;;640;[320, 100];;;;;0.0
1747096039.490774;2025-05-13 02:27:19.490;249.614691620587;peak;False;;0.0;;640;[320, 100];;;;;0.0
1747096039.9023259;2025-05-13 02:27:19.902;249.4112856811091;peak;False;;0.0;;640;[320, 100];;;;;0.0
1747096040.2115495;2025-05-13 02:27:20.211;249.66707906844562;peak;False;;0.0;;640;[320, 100];;;;;0.0
1747096040.5192015;2025-05-13 02:27:20.519;249.62018749405692;peak;False;;0.0;;640;[320, 100];;;;;0.0
1747096040.8376002;2025-05-13 02:27:20.837;249.90928152958605;peak;False;;0.0;;640;[320, 100];;;;;0.0
1747096041.14136;2025-05-13 02:27:21.141;249.91335793357933;peak;False;;0.0;;640;[320, 100];;;;;0.0
1747096041.4478195;2025-05-13 02:27:21.447;249.84596981965404;peak;False;;0.0;;640;[320, 100];;;;;0.0
1747096041.7554238;2025-05-13 02:27:21.755;249.93755491535714;peak;False;;0.0;;640;[320, 100];;;;;0.0
1747096042.0629904;2025-05-13 02:27:22.062;249.62703384427752;peak;False;;0.0;;640;[320, 100];;;;;0.0
1747096042.367272;2025-05-13 02:27:22.367;249.48287321838035;peak;False;;0.0;;640;[320, 100];;;;;0.0
1747096042.6763043;2025-05-13 02:27:22.676;249.88110370412218;peak;False;;0.0;;640;[320, 100];;;;;0.0
1747096042.9801378;2025-05-13 02:27:22.980;250.08493673691422;peak;False;;0.0;;640;[320, 100];;;;;0.0
1747096043.2906501;2025-05-13 02:27:23.290;249.99562455405436;peak;False;;0.0;;640;[320, 100];;;;;0.0
1747096043.5960307;2025-05-13 02:27:23.596;249.9516130708899;peak;False;;0.0;;640;[320, 100];;;;;0.0
1747096043.9033036;2025-05-13 02:27:23.903;249.8516823944333;peak;False;;0.0;;640;[320, 100];;;;;0.0
1747096044.2121372;2025-05-13 02:27:24.212;250.1942935841205;peak;False;;0.0;;640;[320, 100];;;;;0.0
1747096044.5180135;2025-05-13 02:27:24.518;249.8954819083653;peak;False;;0.0;;640;[320, 100];;;;;0.0
1747096044.8245082;2025-05-13 02:27:24.824;250.0795501615442;peak;False;;0.0;;640;[320, 100];;;;;0.0
1747096045.13031;2025-05-13 02:27:25.130;249.90336861315603;peak;False;;0.0;;640;[320, 100];;;;;0.0
1747096045.4367678;2025-05-13 02:27:25.436;249.95139320096416;peak;False;;0.0;;640;[320, 100];;;;;0.0
1747096045.7538266;2025-05-13 02:27:25.753;250.12363426987858;peak;False;;0.0;;640;[320, 100];;;;;0.0
1747096046.059361;2025-05-13 02:27:26.059;250.4540128881078;peak;False;;0.0;;640;[320, 100];;;;;0.0
1747096046.3655455;2025-05-13 02:27:26.365;250.1564746030527;peak;False;;0.0;;640;[320, 100];;;;;0.0
1747096046.6709101;2025-05-13 02:27:26.670;250.1766615262746;peak;False;;0.0;;640;[320, 100];;;;;0.0
1747096047.0782337;2025-05-13 02:27:27.078;250.11203426775486;peak;False;;0.0;;640;[320, 100];;;;;0.0
1747096047.3898132;2025-05-13 02:27:27.389;249.93797359214287;peak;False;;0.0;;640;[320, 100];;;;;0.0
1747096047.6975317;2025-05-13 02:27:27.697;250.26004680857366;peak;False;;0.0;;640;[320, 100];;;;;0.0
1747096048.004151;2025-05-13 02:27:28.004;250.06440699922274;peak;False;;0.0;;640;[320, 100];;;;;0.0
1747096048.3157682;2025-05-13 02:27:28.315;250.1980493278896;peak;False;;0.0;;640;[320, 100];;;;;0.0
1747096048.6237764;2025-05-13 02:27:28.623;249.99850090449627;peak;False;;0.0;;640;[320, 100];;;;;0.0
1747096048.9340374;2025-05-13 02:27:28.934;250.35841601692442;peak;False;;0.0;;640;[320, 100];;;;;0.0
1747096049.2407851;2025-05-13 02:27:29.240;249.97183612989397;peak;False;;0.0;;640;[320, 100];;;;;0.0
1747096049.5510247;2025-05-13 02:27:29.551;250.1696635906827;peak;False;;0.0;;640;[320, 100];;;;;0.0
1747096049.8615959;2025-05-13 02:27:29.861;250.03122496433946;peak;False;;0.0;;640;[320, 100];;;;;0.0
1747096050.1656406;2025-05-13 02:27:30.165;250.12702106338287;peak;False;;0.0;;640;[320, 100];;;;;0.0
1747096050.4765992;2025-05-13 02:27:30.476;250.44991961087592;peak;False;;0.0;;640;[320, 100];;;;;0.0
1747096050.7854328;2025-05-13 02:27:30.785;250.34129687516227;peak;False;;0.0;;640;[320, 100];;;;;0.0
1747096051.0966868;2025-05-13 02:27:31.096;250.30196849699257;peak;False;;0.0;;640;[320, 100];;;;;0.0
1747096051.405083;2025-05-13 02:27:31.405;250.21442806325805;peak;False;;0.0;;640;[320, 100];;;;;0.0
1747096051.7139122;2025-05-13 02:27:31.713;250.17243874298453;peak;False;;0.0;;640;[320, 100];;;;;0.0
1747096052.0265586;2025-05-13 02:27:32.026;250.33436035806093;peak;False;;0.0;;640;[320, 100];;;;;0.0
1747096052.332081;2025-05-13 02:27:32.332;250.24687314538002;peak;False;;0.0;;640;[320, 100];;;;;0.0
1747096052.6392887;2025-05-13 02:27:32.639;250.43490198720755;peak;False;;0.0;;640;[320, 100];;;;;0.0
1747096052.9502728;2025-05-13 02:27:32.950;250.08143878084613;peak;False;;0.0;;640;[320, 100];;;;;0.0
1747096053.2562234;2025-05-13 02:27:33.256;250.22306642773756;peak;False;;0.0;;640;[320, 100];;;;;0.0
1747096053.5593715;2025-05-13 02:27:33.559;250.4510309398607;peak;False;;0.0;;640;[320, 100];;;;;0.0
1747096053.8670945;2025-05-13 02:27:33.867;250.24396587498433;peak;False;;0.0;;640;[320, 100];;;;;0.0
1747096054.1763072;2025-05-13 02:27:34.176;250.53430714686323;peak;False;;0.0;;640;[320, 100];;;;;0.0
1747096054.4837906;2025-05-13 02:27:34.483;250.33353817146184;peak;False;;0.0;;640;[320, 100];;;;;0.0
1747096054.7924602;2025-05-13 02:27:34.792;250.67067873225324;peak;False;;0.0;;640;[320, 100];;;;;0.0
1747096055.1039958;2025-05-13 02:27:35.103;250.68658856124225;peak;False;;0.0;;640;[320, 100];;;;;0.0
1747096055.4152186;2025-05-13 02:27:35.415;250.46996764413646;peak;False;;0.0;;640;[320, 100];;;;;0.0
1747096055.721768;2025-05-13 02:27:35.721;250.45605382031582;peak;False;;0.0;;640;[320, 100];;;;;0.0
1747096056.0306537;2025-05-13 02:27:36.030;250.44288108530466;peak;False;;0.0;;640;[320, 100];;;;;0.0
1747096056.3365414;2025-05-13 02:27:36.336;250.57916375689737;peak;False;;0.0;;640;[320, 100];;;;;0.0
1747096056.6425803;2025-05-13 02:27:36.642;250.58330172501294;peak;False;;0.0;;640;[320, 100];;;;;0.0
1747096056.947459;2025-05-13 02:27:36.947;250.4427535389202;peak;False;;0.0;;640;[320, 100];;;;;0.0
1747096057.254058;2025-05-13 02:27:37.254;250.31664455225922;peak;False;;0.0;;640;[320, 100];;;;;0.0
1747096057.5666518;2025-05-13 02:27:37.566;250.2092213348404;peak;False;;0.0;;640;[320, 100];;;;;0.0
1747096057.8768299;2025-05-13 02:27:37.876;250.50459461773352;peak;False;;0.0;;640;[320, 100];;;;;0.0
1747096058.1808667;2025-05-13 02:27:38.180;250.4013621544851;peak;False;;0.0;;640;[320, 100];;;;;0.0
1747096058.486508;2025-05-13 02:27:38.486;250.7450284551966;peak;False;;0.0;;640;[320, 100];;;;;0.0
1747096058.7941124;2025-05-13 02:27:38.794;250.56033740842088;peak;False;;0.0;;640;[320, 100];;;;;0.0
1747096059.1033294;2025-05-13 02:27:39.103;250.71129844536895;peak;False;;0.0;;640;[320, 100];;;;;0.0
1747096059.410049;2025-05-13 02:27:39.410;250.3888921262978;peak;False;;0.0;;640;[320, 100];;;;;0.0
1747096059.7205777;2025-05-13 02:27:39.720;250.36359853775969;peak;False;;0.0;;640;[320, 100];;;;;0.0
1747096060.0252466;2025-05-13 02:27:40.025;250.4512587796878;peak;False;;0.0;;640;[320, 100];;;;;0.0
1747096060.3324227;2025-05-13 02:27:40.332;250.56996389210894;peak;False;;0.0;;640;[320, 100];;;;;0.0
1747096060.6366951;2025-05-13 02:27:40.636;250.56614797650914;peak;False;;0.0;;640;[320, 100];;;;;0.0
1747096060.9426923;2025-05-13 02:27:40.942;250.59668880137312;peak;False;;0.0;;640;[320, 100];;;;;0.0
1747096061.2543757;2025-05-13 02:27:41.254;250.57599786467117;peak;False;;0.0;;640;[320, 100];;;;;0.0
1747096061.562456;2025-05-13 02:27:41.562;250.8818705167451;peak;False;;0.0;;640;[320, 100];;;;;0.0
1747096061.8672876;2025-05-13 02:27:41.867;250.77278599894655;peak;False;;0.0;;640;[320, 100];;;;;0.0
1747096062.1707873;2025-05-13 02:27:42.170;250.79634920972128;peak;False;;0.0;;640;[320, 100];;;;;0.0
1747096062.4801123;2025-05-13 02:27:42.480;250.51884228540888;peak;False;;0.0;;640;[320, 100];;;;;0.0
1747096062.7930598;2025-05-13 02:27:42.793;250.5431662000509;peak;False;;0.0;;640;[320, 100];;;;;0.0
1747096063.1011035;2025-05-13 02:27:43.101;250.71748935779917;peak;False;;0.0;;640;[320, 100];;;;;0.0
1747096063.4069073;2025-05-13 02:27:43.406;250.82603972604934;peak;False;;0.0;;640;[320, 100];;;;;0.0
1747096063.713276;2025-05-13 02:27:43.713;250.6136718063609;peak;False;;0.0;;640;[320, 100];;;;;0.0
1747096064.0159001;2025-05-13 02:27:44.015;251.0794871259859;peak;False;;0.0;;640;[320, 100];;;;;0.0
1747096064.322431;2025-05-13 02:27:44.322;250.61896209110364;peak;False;;0.0;;640;[320, 100];;;;;0.0
1747096064.6312068;2025-05-13 02:27:44.631;250.91623572934483;peak;False;;0.0;;640;[320, 100];;;;;0.0
1747096064.943029;2025-05-13 02:27:44.943;250.62706812491766;peak;False;;0.0;;640;[320, 100];;;;;0.0
1747096065.2512403;2025-05-13 02:27:45.251;250.81990508199144;peak;False;;0.0;;640;[320, 100];;;;;0.0
1747096065.5587816;2025-05-13 02:27:45.558;250.8613947836033;peak;False;;0.0;;640;[320, 100];;;;;0.0
1747096065.868417;2025-05-13 02:27:45.868;250.72391320330635;peak;False;;0.0;;640;[320, 100];;;;;0.0
1747096066.1762888;2025-05-13 02:27:46.176;250.98496581902697;peak;False;;0.0;;640;[320, 100];;;;;0.0
1747096066.4857204;2025-05-13 02:27:46.485;250.90154310634014;peak;False;;0.0;;640;[320, 100];;;;;0.0
1747096066.7971218;2025-05-13 02:27:46.797;250.7370397591696;peak;False;;0.0;;640;[320, 100];;;;;0.0
1747096067.1023076;2025-05-13 02:27:47.102;250.95803239640358;peak;False;;0.0;;640;[320, 100];;;;;0.0
1747096067.4090803;2025-05-13 02:27:47.409;251.01039542548037;peak;False;;0.0;;640;[320, 100];;;;;0.0
1747096067.713752;2025-05-13 02:27:47.713;250.61643674835273;peak;False;;0.0;;640;[320, 100];;;;;0.0
1747096068.0220685;2025-05-13 02:27:48.022;250.96980320229483;peak;False;;0.0;;640;[320, 100];;;;;0.0
1747096068.3289661;2025-05-13 02:27:48.328;251.13104120780494;peak;False;;0.0;;640;[320, 100];;;;;0.0
1747096068.633364;2025-05-13 02:27:48.633;251.06828444187272;peak;False;;0.0;;640;[320, 100];;;;;0.0
1747096068.9411623;2025-05-13 02:27:48.941;250.78049431394706;peak;False;;0.0;;640;[320, 100];;;;;0.0
1747096069.2450752;2025-05-13 02:27:49.245;250.96635895721127;peak;False;;0.0;;640;[320, 100];;;;;0.0
1747096069.5497506;2025-05-13 02:27:49.549;250.93425010546395;peak;False;;0.0;;640;[320, 100];;;;;0.0
1747096069.8575401;2025-05-13 02:27:49.857;250.84113136507645;peak;False;;0.0;;640;[320, 100];;;;;0.0
1747096070.16556;2025-05-13 02:27:50.165;251.1826870776634;peak;False;;0.0;;640;[320, 100];;;;;0.0
1747096070.475525;2025-05-13 02:27:50.475;251.03584132055377;peak;False;;0.0;;640;[320, 100];;;;;0.0
1747096070.7809343;2025-05-13 02:27:50.780;250.94666915949006;peak;False;;0.0;;640;[320, 100];;;;;0.0
1747096071.086566;2025-05-13 02:27:51.086;251.11524343521012;peak;False;;0.0;;640;[320, 100];;;;;0.0
1747096071.402373;2025-05-13 02:27:51.402;251.1764680089347;peak;False;;0.0;;640;[320, 100];;;;;0.0
1747096071.7073667;2025-05-13 02:27:51.707;251.1702708064676;peak;False;;0.0;;640;[320, 100];;;;;0.0
1747096072.0136275;2025-05-13 02:27:52.013;251.24486861505264;peak;False;;0.0;;640;[320, 100];;;;;0.0
1747096072.318405;2025-05-13 02:27:52.318;251.34556206564952;peak;False;;0.0;;640;[320, 100];;;;;0.0
1747096072.6268444;2025-05-13 02:27:52.626;251.03325377205695;peak;False;;0.0;;640;[320, 100];;;;;0.0
1747096072.9306726;2025-05-13 02:27:52.930;251.3073275697909;peak;False;;0.0;;640;[320, 100];;;;;0.0
1747096073.245547;2025-05-13 02:27:53.245;251.38483269865952;peak;False;;0.0;;640;[320, 100];;;;;0.0
1747096073.5542903;2025-05-13 02:27:53.554;251.04851293607433;peak;False;;0.0;;640;[320, 100];;;;;0.0
1747096073.861828;2025-05-13 02:27:53.861;251.03767246143553;peak;False;;0.0;;640;[320, 100];;;;;0.0
1747096074.1715;2025-05-13 02:27:54.171;251.30347221153403;peak;False;;0.0;;640;[320, 100];;;;;0.0
1747096074.477029;2025-05-13 02:27:54.477;251.45164437859682;peak;False;;0.0;;640;[320, 100];;;;;0.0
1747096074.7851284;2025-05-13 02:27:54.785;251.48429461022602;peak;False;;0.0;;640;[320, 100];;;;;0.0
1747096075.0894117;2025-05-13 02:27:55.089;251.39061815663229;peak;False;;0.0;;640;[320, 100];;;;;0.0
1747096075.3964555;2025-05-13 02:27:55.396;251.3168603041345;peak;False;;0.0;;640;[320, 100];;;;;0.0
1747096075.7063906;2025-05-13 02:27:55.706;251.43080632437417;peak;False;;0.0;;640;[320, 100];;;;;0.0
1747096076.0159156;2025-05-13 02:27:56.015;251.4140212697905;peak;False;;0.0;;640;[320, 100];;;;;0.0
1747096076.3240068;2025-05-13 02:27:56.324;251.40985146545245;peak;False;;0.0;;640;[320, 100];;;;;0.0
1747096076.6325297;2025-05-13 02:27:56.632;251.62211126331138;peak;False;;0.0;;640;[320, 100];;;;;0.0
1747096076.9359546;2025-05-13 02:27:56.935;251.53911219443597;peak;False;;0.0;;640;[320, 100];;;;;0.0
1747096077.2436132;2025-05-13 02:27:57.243;251.29811125128325;peak;False;;0.0;;640;[320, 100];;;;;0.0
1747096077.5524437;2025-05-13 02:27:57.552;251.31684834798392;peak;False;;0.0;;640;[320, 100];;;;;0.0
1747096077.8581734;2025-05-13 02:27:57.858;251.31135601539998;peak;False;;0.0;;640;[320, 100];;;;;0.0
1747096078.16253;2025-05-13 02:27:58.162;251.1403278862479;peak;False;;0.0;;640;[320, 100];;;;;0.0
1747096078.4690084;2025-05-13 02:27:58.469;251.68957325099458;peak;False;;0.0;;640;[320, 100];;;;;0.0
1747096078.7745702;2025-05-13 02:27:58.774;251.39024310134866;peak;False;;0.0;;640;[320, 100];;;;;0.0
1747096079.0825193;2025-05-13 02:27:59.082;251.4708522021016;peak;False;;0.0;;640;[320, 100];;;;;0.0
1747096079.3901687;2025-05-13 02:27:59.390;251.45505698946687;peak;False;;0.0;;640;[320, 100];;;;;0.0
1747096079.6985114;2025-05-13 02:27:59.698;251.29125211843285;peak;False;;0.0;;640;[320, 100];;;;;0.0
1747096080.0107129;2025-05-13 02:28:00.010;251.60475396384234;peak;False;;0.0;;640;[320, 100];;;;;0.0
1747096080.3178344;2025-05-13 02:28:00.317;251.39936018184306;peak;False;;0.0;;640;[320, 100];;;;;0.0
1747096080.6255817;2025-05-13 02:28:00.625;251.59836332016837;peak;False;;0.0;;640;[320, 100];;;;;0.0
1747096080.9313233;2025-05-13 02:28:00.931;251.34807079058274;peak;False;;0.0;;640;[320, 100];;;;;0.0
1747096081.2443306;2025-05-13 02:28:01.244;251.33027173831942;peak;False;;0.0;;640;[320, 100];;;;;0.0
1747096081.5478723;2025-05-13 02:28:01.547;251.88626449495214;peak;False;;0.0;;640;[320, 100];;;;;0.0
1747096081.8566365;2025-05-13 02:28:01.856;251.37365651464705;peak;False;;0.0;;640;[320, 100];;;;;0.0
1747096082.1678882;2025-05-13 02:28:02.167;251.49966460890255;peak;False;;0.0;;640;[320, 100];;;;;0.0
1747096082.4779544;2025-05-13 02:28:02.477;251.57640082260474;peak;False;;0.0;;640;[320, 100];;;;;0.0
1747096082.7879438;2025-05-13 02:28:02.787;251.65626881927093;peak;False;;0.0;;640;[320, 100];;;;;0.0
1747096083.096702;2025-05-13 02:28:03.096;251.85414242373867;peak;False;;0.0;;640;[320, 100];;;;;0.0
1747096083.4063928;2025-05-13 02:28:03.406;251.63100693888308;peak;False;;0.0;;640;[320, 100];;;;;0.0
1747096083.7208078;2025-05-13 02:28:03.720;251.60355570606163;peak;False;;0.0;;640;[320, 100];;;;;0.0
1747096084.029984;2025-05-13 02:28:04.029;251.58630017837925;peak;False;;0.0;;640;[320, 100];;;;;0.0
1747096084.3368607;2025-05-13 02:28:04.336;251.64888129209228;peak;False;;0.0;;640;[320, 100];;;;;0.0
1747096084.6421394;2025-05-13 02:28:04.642;251.23187665810417;peak;False;;0.0;;640;[320, 100];;;;;0.0
1747096084.9500833;2025-05-13 02:28:04.950;251.65805795458334;peak;False;;0.0;;640;[320, 100];;;;;0.0
1747096085.258596;2025-05-13 02:28:05.258;251.95071493624772;peak;False;;0.0;;640;[320, 100];;;;;0.0
1747096085.5658104;2025-05-13 02:28:05.565;251.82960059723777;peak;False;;0.0;;640;[320, 100];;;;;0.0
1747096085.8739703;2025-05-13 02:28:05.873;251.6803673109311;peak;False;;0.0;;640;[320, 100];;;;;0.0
1747096086.1830597;2025-05-13 02:28:06.183;251.65257501975222;peak;False;;0.0;;640;[320, 100];;;;;0.0
1747096086.4903672;2025-05-13 02:28:06.490;251.70765932514848;peak;False;;0.0;;640;[320, 100];;;;;0.0
1747096086.7969608;2025-05-13 02:28:06.796;251.89579451842764;peak;False;;0.0;;640;[320, 100];;;;;0.0
1747096087.105749;2025-05-13 02:28:07.105;252.14491881678862;peak;False;;0.0;;640;[320, 100];;;;;0.0
1747096087.4127817;2025-05-13 02:28:07.412;251.67689715367618;peak;False;;0.0;;640;[320, 100];;;;;0.0
1747096087.7200892;2025-05-13 02:28:07.720;251.58799283626115;peak;False;;0.0;;640;[320, 100];;;;;0.0
1747096088.026855;2025-05-13 02:28:08.026;251.6003850829755;peak;False;;0.0;;640;[320, 100];;;;;0.0
1747096088.3333683;2025-05-13 02:28:08.333;251.80965926992843;peak;False;;0.0;;640;[320, 100];;;;;0.0
1747096088.6402733;2025-05-13 02:28:08.640;251.7036193461863;peak;False;;0.0;;640;[320, 100];;;;;0.0
1747096088.946887;2025-05-13 02:28:08.946;251.62158528795734;peak;False;;0.0;;640;[320, 100];;;;;0.0
1747096089.2495632;2025-05-13 02:28:09.249;251.56905165644312;peak;False;;0.0;;640;[320, 100];;;;;0.0
1747096089.5567048;2025-05-13 02:28:09.556;251.89413745003228;peak;False;;0.0;;640;[320, 100];;;;;0.0
1747096089.8624806;2025-05-13 02:28:09.862;252.0010993787878;peak;False;;0.0;;640;[320, 100];;;;;0.0
1747096090.1672835;2025-05-13 02:28:10.167;252.09286987522282;peak;False;;0.0;;640;[320, 100];;;;;0.0
1747096090.4775865;2025-05-13 02:28:10.477;251.90576569281788;peak;False;;0.0;;640;[320, 100];;;;;0.0
1747096090.7848084;2025-05-13 02:28:10.784;251.9413618319241;peak;False;;0.0;;640;[320, 100];;;;;0.0
1747096091.0882754;2025-05-13 02:28:11.088;252.00445508381227;peak;False;;0.0;;640;[320, 100];;;;;0.0
1747096091.3939242;2025-05-13 02:28:11.393;252.24181571155214;peak;False;;0.0;;640;[320, 100];;;;;0.0
1747096091.6975617;2025-05-13 02:28:11.697;252.12241923597284;peak;False;;0.0;;640;[320, 100];;;;;0.0
1747096092.0068939;2025-05-13 02:28:12.006;251.6617716625894;peak;False;;0.0;;640;[320, 100];;;;;0.0
1747096092.3124;2025-05-13 02:28:12.312;252.10872927749512;peak;False;;0.0;;640;[320, 100];;;;;0.0
1747096092.6172345;2025-05-13 02:28:12.617;251.81518723800912;peak;False;;0.0;;640;[320, 100];;;;;0.0
1747096092.9259887;2025-05-13 02:28:12.925;252.20241290952353;peak;False;;0.0;;640;[320, 100];;;;;0.0
1747096093.2284212;2025-05-13 02:28:13.228;251.97267478945264;peak;False;;0.0;;640;[320, 100];;;;;0.0
1747096093.5369744;2025-05-13 02:28:13.536;251.71598749371648;peak;False;;0.0;;640;[320, 100];;;;;0.0
1747096093.840932;2025-05-13 02:28:13.840;251.95106176938506;peak;False;;0.0;;640;[320, 100];;;;;0.0
1747096094.1476376;2025-05-13 02:28:14.147;252.24157049349753;peak;False;;0.0;;640;[320, 100];;;;;0.0
1747096094.4558084;2025-05-13 02:28:14.455;252.01380514122502;peak;False;;0.0;;640;[320, 100];;;;;0.0
1747096094.767674;2025-05-13 02:28:14.767;252.10195821361822;peak;False;;0.0;;640;[320, 100];;;;;0.0
1747096095.074634;2025-05-13 02:28:15.074;252.10807651775733;peak;False;;0.0;;640;[320, 100];;;;;0.0
1747096095.3811736;2025-05-13 02:28:15.381;252.05341710113652;peak;False;;0.0;;640;[320, 100];;;;;0.0
1747096095.6867068;2025-05-13 02:28:15.686;251.95351654846337;peak;False;;0.0;;640;[320, 100];;;;;0.0
1747096095.9936464;2025-05-13 02:28:15.993;252.0896891249032;peak;False;;0.0;;640;[320, 100];;;;;0.0
1747096096.3278997;2025-05-13 02:28:16.327;252.49970878229396;peak;False;;0.0;;640;[320, 100];;;;;0.0
1747096096.5897498;2025-05-13 02:28:16.589;251.9743569617196;peak;False;;0.0;;640;[320, 100];;;;;0.0
1747096096.8982074;2025-05-13 02:28:16.898;252.12575793603614;peak;False;;0.0;;640;[320, 100];;;;;0.0
1747096097.2091007;2025-05-13 02:28:17.209;252.40861527424167;peak;False;;0.0;;640;[320, 100];;;;;0.0
1747096097.5174298;2025-05-13 02:28:17.517;252.20514518264915;peak;False;;0.0;;640;[320, 100];;;;;0.0
1747096097.8248134;2025-05-13 02:28:17.824;252.40113192597204;peak;False;;0.0;;640;[320, 100];;;;;0.0
1747096098.1297495;2025-05-13 02:28:18.129;252.06978470320072;peak;False;;0.0;;640;[320, 100];;;;;0.0
1747096098.4359396;2025-05-13 02:28:18.435;252.23634474710386;peak;False;;0.0;;640;[320, 100];;;;;0.0
1747096098.7424538;2025-05-13 02:28:18.742;252.1052638117909;peak;False;;0.0;;640;[320, 100];;;;;0.0
1747096099.0529926;2025-05-13 02:28:19.052;252.2250102466427;peak;False;;0.0;;640;[320, 100];;;;;0.0
1747096099.3635788;2025-05-13 02:28:19.363;252.65090938429267;peak;False;;0.0;;640;[320, 100];;;;;0.0
1747096099.700711;2025-05-13 02:28:19.700;252.22561062851304;peak;False;;0.0;;640;[320, 100];;;;;0.0
1747096099.9603963;2025-05-13 02:28:19.960;252.559145480226;peak;False;;0.0;;640;[320, 100];;;;;0.0
1747096100.1695085;2025-05-13 02:28:20.169;252.41526307001877;peak;False;;0.0;;640;[320, 100];;;;;0.0
1747096100.4835675;2025-05-13 02:28:20.483;252.25867148128262;peak;False;;0.0;;640;[320, 100];;;;;0.0
1747096100.7873988;2025-05-13 02:28:20.787;252.65583404134807;peak;False;;0.0;;640;[320, 100];;;;;0.0
1747096101.0960765;2025-05-13 02:28:21.096;252.51120772640243;peak;False;;0.0;;640;[320, 100];;;;;0.0
1747096101.4089024;2025-05-13 02:28:21.408;252.56350043395625;peak;False;;0.0;;640;[320, 100];;;;;0.0
1747096101.7165403;2025-05-13 02:28:21.716;252.33732335488082;peak;False;;0.0;;640;[320, 100];;;;;0.0
1747096102.0241098;2025-05-13 02:28:22.024;252.50152867633008;peak;False;;0.0;;640;[320, 100];;;;;0.0
1747096102.3322778;2025-05-13 02:28:22.332;252.26977171852474;peak;False;;0.0;;640;[320, 100];;;;;0.0
1747096102.639443;2025-05-13 02:28:22.639;252.40062662259803;peak;False;;0.0;;640;[320, 100];;;;;0.0
1747096102.9448023;2025-05-13 02:28:22.944;252.27829484921443;peak;False;;0.0;;640;[320, 100];;;;;0.0
1747096103.2529292;2025-05-13 02:28:23.252;252.50964260438784;peak;False;;0.0;;640;[320, 100];;;;;0.0
1747096103.5548344;2025-05-13 02:28:23.554;252.67985999881355;peak;False;;0.0;;640;[320, 100];;;;;0.0
1747096103.8651006;2025-05-13 02:28:23.865;252.65937800799819;peak;False;;0.0;;640;[320, 100];;;;;0.0
1747096104.1705637;2025-05-13 02:28:24.170;252.25663975543952;peak;False;;0.0;;640;[320, 100];;;;;0.0
1747096104.4811926;2025-05-13 02:28:24.481;252.53736400803825;peak;False;;0.0;;640;[320, 100];;;;;0.0
1747096104.7946599;2025-05-13 02:28:24.794;252.5506636587504;peak;False;;0.0;;640;[320, 100];;;;;0.0
1747096105.1062603;2025-05-13 02:28:25.106;252.4007136192328;peak;False;;0.0;;640;[320, 100];;;;;0.0
1747096105.4185941;2025-05-13 02:28:25.418;252.54025835369256;peak;False;;0.0;;640;[320, 100];;;;;0.0
1747096105.7266839;2025-05-13 02:28:25.726;252.5438215325949;peak;False;;0.0;;640;[320, 100];;;;;0.0
1747096106.035412;2025-05-13 02:28:26.035;252.48976328165745;peak;False;;0.0;;640;[320, 100];;;;;0.0
1747096106.3467221;2025-05-13 02:28:26.346;252.74620813085488;peak;False;;0.0;;640;[320, 100];;;;;0.0
1747096106.654343;2025-05-13 02:28:26.654;252.68196956430654;peak;False;;0.0;;640;[320, 100];;;;;0.0
1747096106.9576616;2025-05-13 02:28:26.957;252.4458479252616;peak;False;;0.0;;640;[320, 100];;;;;0.0
1747096107.262839;2025-05-13 02:28:27.262;252.82681243446274;peak;False;;0.0;;640;[320, 100];;;;;0.0
1747096107.5670984;2025-05-13 02:28:27.567;252.18799542955082;peak;False;;0.0;;640;[320, 100];;;;;0.0
1747096107.8728483;2025-05-13 02:28:27.872;252.60291411609012;peak;False;;0.0;;640;[320, 100];;;;;0.0
1747096108.1863735;2025-05-13 02:28:28.186;252.70361174275254;peak;False;;0.0;;640;[320, 100];;;;;0.0
1747096108.4910393;2025-05-13 02:28:28.491;252.8189554804014;peak;False;;0.0;;640;[320, 100];;;;;0.0
1747096108.795484;2025-05-13 02:28:28.795;252.8812687515204;peak;False;;0.0;;640;[320, 100];;;;;0.0
1747096109.0982802;2025-05-13 02:28:29.098;252.72612450925408;peak;False;;0.0;;640;[320, 100];;;;;0.0
1747096109.4063985;2025-05-13 02:28:29.406;252.51174300681106;peak;False;;0.0;;640;[320, 100];;;;;0.0
1747096109.7109816;2025-05-13 02:28:29.710;252.68280663891886;peak;False;;0.0;;640;[320, 100];;;;;0.0
1747096110.0142105;2025-05-13 02:28:30.014;252.76904272546088;peak;False;;0.0;;640;[320, 100];;;;;0.0
1747096110.3216622;2025-05-13 02:28:30.321;252.41343773600738;peak;False;;0.0;;640;[320, 100];;;;;0.0
1747096110.6294904;2025-05-13 02:28:30.629;252.84714504268865;peak;False;;0.0;;640;[320, 100];;;;;0.0
1747096110.9369292;2025-05-13 02:28:30.936;252.93576568861647;peak;False;;0.0;;640;[320, 100];;;;;0.0
1747096111.244409;2025-05-13 02:28:31.244;252.5582545706239;peak;False;;0.0;;640;[320, 100];;;;;0.0
1747096111.557283;2025-05-13 02:28:31.557;252.7228120481337;peak;False;;0.0;;640;[320, 100];;;;;0.0
1747096111.8668277;2025-05-13 02:28:31.866;252.82303232141652;peak;False;;0.0;;640;[320, 100];;;;;0.0
1747096112.1738932;2025-05-13 02:28:32.173;252.7967943136024;peak;False;;0.0;;640;[320, 100];;;;;0.0
1747096112.4853697;2025-05-13 02:28:32.485;252.98365406785024;peak;False;;0.0;;640;[320, 100];;;;;0.0
1747096112.7927942;2025-05-13 02:28:32.792;252.8616638004501;peak;False;;0.0;;640;[320, 100];;;;;0.0
1747096113.097415;2025-05-13 02:28:33.097;253.14637440731732;peak;False;;0.0;;640;[320, 100];;;;;0.0
1747096113.39912;2025-05-13 02:28:33.399;252.87599522194745;peak;False;;0.0;;640;[320, 100];;;;;0.0
1747096113.7044685;2025-05-13 02:28:33.704;252.90186380648564;peak;False;;0.0;;640;[320, 100];;;;;0.0
1747096114.0173392;2025-05-13 02:28:34.017;252.87541547343847;peak;False;;0.0;;640;[320, 100];;;;;0.0
1747096114.3234406;2025-05-13 02:28:34.323;252.86911340182425;peak;False;;0.0;;640;[320, 100];;;;;0.0
1747096114.6278193;2025-05-13 02:28:34.627;252.7946804313519;peak;False;;0.0;;640;[320, 100];;;;;0.0
1747096114.9363036;2025-05-13 02:28:34.936;253.085395887206;peak;False;;0.0;;640;[320, 100];;;;;0.0
1747096115.2442133;2025-05-13 02:28:35.244;252.88434762029198;peak;False;;0.0;;640;[320, 100];;;;;0.0
1747096115.552979;2025-05-13 02:28:35.552;252.83886075833462;peak;False;;0.0;;640;[320, 100];;;;;0.0
1747096115.8586032;2025-05-13 02:28:35.858;252.7427064181538;peak;False;;0.0;;640;[320, 100];;;;;0.0
1747096116.1642509;2025-05-13 02:28:36.164;252.9281016312665;peak;False;;0.0;;640;[320, 100];;;;;0.0
1747096116.471731;2025-05-13 02:28:36.471;253.02367878470628;peak;False;;0.0;;640;[320, 100];;;;;0.0
1747096116.7780786;2025-05-13 02:28:36.778;252.96168693714108;peak;False;;0.0;;640;[320, 100];;;;;0.0
1747096117.0875115;2025-05-13 02:28:37.087;252.86503551279202;peak;False;;0.0;;640;[320, 100];;;;;0.0
1747096117.3948593;2025-05-13 02:28:37.394;252.97527616071946;peak;False;;0.0;;640;[320, 100];;;;;0.0
1747096117.7020137;2025-05-13 02:28:37.702;252.60963085261804;peak;False;;0.0;;640;[320, 100];;;;;0.0
1747096118.0173786;2025-05-13 02:28:38.017;252.98444967640788;peak;False;;0.0;;640;[320, 100];;;;;0.0
1747096118.3248951;2025-05-13 02:28:38.324;253.16373316755167;peak;False;;0.0;;640;[320, 100];;;;;0.0
1747096118.6326387;2025-05-13 02:28:38.632;253.4147575216376;peak;False;;0.0;;640;[320, 100];;;;;0.0
1747096118.9383714;2025-05-13 02:28:38.938;253.142146731065;peak;False;;0.0;;640;[320, 100];;;;;0.0
1747096119.2446558;2025-05-13 02:28:39.244;252.9353321122694;peak;False;;0.0;;640;[320, 100];;;;;0.0
1747096119.5555692;2025-05-13 02:28:39.555;253.08650302502494;peak;False;;0.0;;640;[320, 100];;;;;0.0
1747096119.8621635;2025-05-13 02:28:39.862;253.39505693067903;peak;False;;0.0;;640;[320, 100];;;;;0.0
1747096120.1716816;2025-05-13 02:28:40.171;253.32746347616057;peak;False;;0.0;;640;[320, 100];;;;;0.0
1747096120.4780655;2025-05-13 02:28:40.478;252.90750136580246;peak;False;;0.0;;640;[320, 100];;;;;0.0
1747096120.7881627;2025-05-13 02:28:40.788;253.36553697296242;peak;False;;0.0;;640;[320, 100];;;;;0.0
1747096121.0942416;2025-05-13 02:28:41.094;252.99827006820306;peak;False;;0.0;;640;[320, 100];;;;;0.0
1747096121.4008527;2025-05-13 02:28:41.400;253.05981096003202;peak;False;;0.0;;640;[320, 100];;;;;0.0
1747096121.7099824;2025-05-13 02:28:41.709;252.91949099876206;peak;False;;0.0;;640;[320, 100];;;;;0.0
1747096122.0185072;2025-05-13 02:28:42.018;253.28222363670284;peak;False;;0.0;;640;[320, 100];;;;;0.0
1747096122.3232298;2025-05-13 02:28:42.323;253.4423925947404;peak;False;;0.0;;640;[320, 100];;;;;0.0
1747096122.630334;2025-05-13 02:28:42.630;252.98245061271436;peak;False;;0.0;;640;[320, 100];;;;;0.0
1747096122.9380536;2025-05-13 02:28:42.938;253.36345925622524;peak;False;;0.0;;640;[320, 100];;;;;0.0
1747096123.2503028;2025-05-13 02:28:43.250;253.2378966560633;peak;False;;0.0;;640;[320, 100];;;;;0.0
1747096123.5548382;2025-05-13 02:28:43.554;252.96321764730774;peak;False;;0.0;;640;[320, 100];;;;;0.0
1747096123.8630722;2025-05-13 02:28:43.863;253.34815089248193;peak;False;;0.0;;640;[320, 100];;;;;0.0
1747096124.1712008;2025-05-13 02:28:44.171;253.31213851252392;peak;False;;0.0;;640;[320, 100];;;;;0.0
1747096124.4769537;2025-05-13 02:28:44.476;253.32204892780413;peak;False;;0.0;;640;[320, 100];;;;;0.0
1747096124.7870193;2025-05-13 02:28:44.787;253.43976025518816;peak;False;;0.0;;640;[320, 100];;;;;0.0
1747096125.0934272;2025-05-13 02:28:45.093;253.5624420053214;peak;False;;0.0;;640;[320, 100];;;;;0.0
1747096125.402575;2025-05-13 02:28:45.402;253.3806152780261;peak;False;;0.0;;640;[320, 100];;;;;0.0
1747096125.7064385;2025-05-13 02:28:45.706;253.27509085632954;peak;False;;0.0;;640;[320, 100];;;;;0.0
1747096126.0122244;2025-05-13 02:28:46.012;253.46785688831872;peak;False;;0.0;;640;[320, 100];;;;;0.0
1747096126.3198888;2025-05-13 02:28:46.319;253.4664754525814;peak;False;;0.0;;640;[320, 100];;;;;0.0
1747096126.626731;2025-05-13 02:28:46.626;253.44320364471096;peak;False;;0.0;;640;[320, 100];;;;;0.0
1747096126.9362562;2025-05-13 02:28:46.936;253.38028507534432;peak;False;;0.0;;640;[320, 100];;;;;0.0
1747096127.2404418;2025-05-13 02:28:47.240;253.88018932932684;peak;False;;0.0;;640;[320, 100];;;;;0.0
1747096127.5534384;2025-05-13 02:28:47.553;253.4667439330148;peak;False;;0.0;;640;[320, 100];;;;;0.0
1747096127.8653944;2025-05-13 02:28:47.865;253.32009487173946;peak;False;;0.0;;640;[320, 100];;;;;0.0
1747096128.1723475;2025-05-13 02:28:48.172;253.53003137129792;peak;False;;0.0;;640;[320, 100];;;;;0.0
1747096128.4810011;2025-05-13 02:28:48.481;253.50793356120255;peak;False;;0.0;;640;[320, 100];;;;;0.0
1747096128.7881215;2025-05-13 02:28:48.788;253.653441148093;peak;False;;0.0;;640;[320, 100];;;;;0.0
1747096129.0983295;2025-05-13 02:28:49.098;253.5239574758568;peak;False;;0.0;;640;[320, 100];;;;;0.0
1747096129.4040818;2025-05-13 02:28:49.404;253.63988689688364;peak;False;;0.0;;640;[320, 100];;;;;0.0
1747096129.708206;2025-05-13 02:28:49.708;253.20873786407768;peak;False;;0.0;;640;[320, 100];;;;;0.0
1747096130.0132585;2025-05-13 02:28:50.013;253.69979820432582;peak;False;;0.0;;640;[320, 100];;;;;0.0
1747096130.3175597;2025-05-13 02:28:50.317;253.4948129345547;peak;False;;0.0;;640;[320, 100];;;;;0.0
1747096130.6238136;2025-05-13 02:28:50.623;253.50207555002075;peak;False;;0.0;;640;[320, 100];;;;;0.0
1747096130.9301393;2025-05-13 02:28:50.930;254.18472151251916;peak;False;;0.0;;640;[320, 100];;;;;0.0
1747096131.2359276;2025-05-13 02:28:51.235;253.70107301767482;peak;False;;0.0;;640;[320, 100];;;;;0.0
1747096131.551761;2025-05-13 02:28:51.551;253.55819942615366;peak;False;;0.0;;640;[320, 100];;;;;0.0
1747096131.8571231;2025-05-13 02:28:51.857;253.67772734026366;peak;False;;0.0;;640;[320, 100];;;;;0.0
1747096132.166981;2025-05-13 02:28:52.166;253.80224125193794;peak;False;;0.0;;640;[320, 100];;;;;0.0
1747096132.4712048;2025-05-13 02:28:52.471;253.5735751163882;peak;False;;0.0;;640;[320, 100];;;;;0.0
1747096132.7765539;2025-05-13 02:28:52.776;253.7071136510238;peak;False;;0.0;;640;[320, 100];;;;;0.0
1747096133.0914178;2025-05-13 02:28:53.091;253.9360873641829;peak;False;;0.0;;640;[320, 100];;;;;0.0
1747096133.3979206;2025-05-13 02:28:53.397;253.52565335574036;peak;False;;0.0;;640;[320, 100];;;;;0.0
1747096133.7062552;2025-05-13 02:28:53.706;253.66141279510654;peak;False;;0.0;;640;[320, 100];;;;;0.0
1747096134.0174158;2025-05-13 02:28:54.017;253.99812056698954;peak;False;;0.0;;640;[320, 100];;;;;0.0
1747096134.3225985;2025-05-13 02:28:54.322;253.4605821505352;peak;False;;0.0;;640;[320, 100];;;;;0.0
1747096134.633055;2025-05-13 02:28:54.633;254.05885142173096;peak;False;;0.0;;640;[320, 100];;;;;0.0
1747096134.936758;2025-05-13 02:28:54.936;253.76243723292112;peak;False;;0.0;;640;[320, 100];;;;;0.0
1747096135.2470255;2025-05-13 02:28:55.247;253.66224732018352;peak;False;;0.0;;640;[320, 100];;;;;0.0
1747096135.5559053;2025-05-13 02:28:55.555;253.3246276484162;peak;False;;0.0;;640;[320, 100];;;;;0.0
1747096135.8613029;2025-05-13 02:28:55.861;253.68587077133182;peak;False;;0.0;;640;[320, 100];;;;;0.0
1747096136.1685922;2025-05-13 02:28:56.168;253.86233705192276;peak;False;;0.0;;640;[320, 100];;;;;0.0
1747096136.471162;2025-05-13 02:28:56.471;253.93697073205445;peak;False;;0.0;;640;[320, 100];;;;;0.0
1747096136.783798;2025-05-13 02:28:56.783;253.92334077657858;peak;False;;0.0;;640;[320, 100];;;;;0.0
1747096137.0975983;2025-05-13 02:28:57.097;253.827371666969;peak;False;;0.0;;640;[320, 100];;;;;0.0
1747096137.3983462;2025-05-13 02:28:57.398;253.6967500692457;peak;False;;0.0;;640;[320, 100];;;;;0.0
1747096137.7048273;2025-05-13 02:28:57.704;253.72858996663967;peak;False;;0.0;;640;[320, 100];;;;;0.0
1747096138.0109005;2025-05-13 02:28:58.010;253.69387883324137;peak;False;;0.0;;640;[320, 100];;;;;0.0
1747096138.3153193;2025-05-13 02:28:58.315;254.04734112950467;peak;False;;0.0;;640;[320, 100];;;;;0.0
1747096138.6237154;2025-05-13 02:28:58.623;253.80717191547927;peak;False;;0.0;;640;[320, 100];;;;;0.0
1747096138.9325154;2025-05-13 02:28:58.932;253.99206716289476;peak;False;;0.0;;640;[320, 100];;;;;0.0
1747096139.2397969;2025-05-13 02:28:59.239;253.8855232363758;peak;False;;0.0;;640;[320, 100];;;;;0.0
1747096139.5419436;2025-05-13 02:28:59.541;253.8243850058571;peak;False;;0.0;;640;[320, 100];;;;;0.0
1747096139.8494716;2025-05-13 02:28:59.849;253.66696359160403;peak;False;;0.0;;640;[320, 100];;;;;0.0
1747096140.1533403;2025-05-13 02:29:00.153;254.22252056904307;peak;False;;0.0;;640;[320, 100];;;;;0.0
1747096140.4654787;2025-05-13 02:29:00.465;254.12456157302285;peak;False;;0.0;;640;[320, 100];;;;;0.0
1747096140.7734065;2025-05-13 02:29:00.773;253.94484795811735;peak;False;;0.0;;640;[320, 100];;;;;0.0
1747096141.0809417;2025-05-13 02:29:01.080;253.82058712522684;peak;False;;0.0;;640;[320, 100];;;;;0.0
1747096141.386183;2025-05-13 02:29:01.386;253.81407414345782;peak;False;;0.0;;640;[320, 100];;;;;0.0
1747096141.690124;2025-05-13 02:29:01.690;254.3093641093537;peak;False;;0.0;;640;[320, 100];;;;;0.0
1747096141.999499;2025-05-13 02:29:01.999;253.67775014216397;peak;False;;0.0;;640;[320, 100];;;;;0.0
1747096142.3065794;2025-05-13 02:29:02.306;253.96333671687012;peak;False;;0.0;;640;[320, 100];;;;;0.0
1747096142.6184914;2025-05-13 02:29:02.618;254.19258256632378;peak;False;;0.0;;640;[320, 100];;;;;0.0
1747096142.9271734;2025-05-13 02:29:02.927;253.76602994984978;peak;False;;0.0;;640;[320, 100];;;;;0.0
1747096143.245215;2025-05-13 02:29:03.245;254.20740396277623;peak;False;;0.0;;640;[320, 100];;;;;0.0
1747096143.6208365;2025-05-13 02:29:03.620;254.03216410096465;peak;False;;0.0;;640;[320, 100];;;;;0.0
1747096143.836806;2025-05-13 02:29:03.836;253.97712600549195;peak;False;;0.0;;640;[320, 100];;;;;0.0
1747096144.144354;2025-05-13 02:29:04.144;254.16698978534086;peak;False;;0.0;;640;[320, 100];;;;;0.0
1747096144.4585595;2025-05-13 02:29:04.458;254.0338110977857;peak;False;;0.0;;640;[320, 100];;;;;0.0
1747096144.7690222;2025-05-13 02:29:04.769;254.17596227835162;peak;False;;0.0;;640;[320, 100];;;;;0.0
1747096145.080953;2025-05-13 02:29:05.080;254.22623711340205;peak;False;;0.0;;640;[320, 100];;;;;0.0
1747096145.3875043;2025-05-13 02:29:05.387;254.27452854985594;peak;False;;0.0;;640;[320, 100];;;;;0.0
1747096145.6955838;2025-05-13 02:29:05.695;253.82405016495736;peak;False;;0.0;;640;[320, 100];;;;;0.0
1747096145.9977872;2025-05-13 02:29:05.997;254.26377386777293;peak;False;;0.0;;640;[320, 100];;;;;0.0
1747096146.303443;2025-05-13 02:29:06.303;254.25823815182963;peak;False;;0.0;;640;[320, 100];;;;;0.0
1747096146.6110198;2025-05-13 02:29:06.611;254.13953818156034;peak;False;;0.0;;640;[320, 100];;;;;0.0
1747096146.9200091;2025-05-13 02:29:06.920;254.3086451544158;peak;False;;0.0;;640;[320, 100];;;;;0.0
1747096147.2274404;2025-05-13 02:29:07.227;254.20722340425533;peak;False;;0.0;;640;[320, 100];;;;;0.0
1747096147.5405207;2025-05-13 02:29:07.540;254.08870126173989;peak;False;;0.0;;640;[320, 100];;;;;0.0
1747096147.8485467;2025-05-13 02:29:07.848;253.9800007701268;peak;False;;0.0;;640;[320, 100];;;;;0.0
1747096148.1594658;2025-05-13 02:29:08.159;254.21228024804492;peak;False;;0.0;;640;[320, 100];;;;;0.0
1747096148.466375;2025-05-13 02:29:08.466;254.27070257081186;peak;False;;0.0;;640;[320, 100];;;;;0.0
1747096148.7802346;2025-05-13 02:29:08.780;254.67593816067654;peak;False;;0.0;;640;[320, 100];;;;;0.0
1747096149.0872912;2025-05-13 02:29:09.087;254.3793551682382;peak;False;;0.0;;640;[320, 100];;;;;0.0
1747096149.3948898;2025-05-13 02:29:09.394;254.26172545573448;peak;False;;0.0;;640;[320, 100];;;;;0.0
1747096149.701489;2025-05-13 02:29:09.701;254.25650082253895;peak;False;;0.0;;640;[320, 100];;;;;0.0
1747096150.0160565;2025-05-13 02:29:10.016;254.33834143725002;peak;False;;0.0;;640;[320, 100];;;;;0.0
1747096150.3196917;2025-05-13 02:29:10.319;254.3847111511222;peak;False;;0.0;;640;[320, 100];;;;;0.0
1747096150.6273463;2025-05-13 02:29:10.627;254.1032973718609;peak;False;;0.0;;640;[320, 100];;;;;0.0
1747096150.9310942;2025-05-13 02:29:10.931;254.2703345783458;peak;False;;0.0;;640;[320, 100];;;;;0.0
1747096151.2390597;2025-05-13 02:29:11.239;254.35664652733013;peak;False;;0.0;;640;[320, 100];;;;;0.0
1747096151.5470896;2025-05-13 02:29:11.547;254.33925489495923;peak;False;;0.0;;640;[320, 100];;;;;0.0
1747096151.857041;2025-05-13 02:29:11.857;254.0787820516143;peak;False;;0.0;;640;[320, 100];;;;;0.0
1747096152.1667607;2025-05-13 02:29:12.166;254.68358424208688;peak;False;;0.0;;640;[320, 100];;;;;0.0
1747096152.4761722;2025-05-13 02:29:12.476;254.73547923312827;peak;False;;0.0;;640;[320, 100];;;;;0.0
1747096152.7868912;2025-05-13 02:29:12.786;254.84542454015892;peak;False;;0.0;;640;[320, 100];;;;;0.0
1747096153.094159;2025-05-13 02:29:13.094;254.43101055992142;peak;False;;0.0;;640;[320, 100];;;;;0.0
1747096153.3981836;2025-05-13 02:29:13.398;254.54872664569675;peak;False;;0.0;;640;[320, 100];;;;;0.0
1747096153.7038884;2025-05-13 02:29:13.703;254.39533086459508;peak;False;;0.0;;640;[320, 100];;;;;0.0
1747096154.009161;2025-05-13 02:29:14.009;254.2480051979514;peak;False;;0.0;;640;[320, 100];;;;;0.0
1747096154.3145094;2025-05-13 02:29:14.314;254.71809066115117;peak;False;;0.0;;640;[320, 100];;;;;0.0
1747096154.6220777;2025-05-13 02:29:14.622;254.3058377336559;peak;False;;0.0;;640;[320, 100];;;;;0.0
1747096154.928284;2025-05-13 02:29:14.928;254.98218039871742;peak;False;;0.0;;640;[320, 100];;;;;0.0
1747096155.2370298;2025-05-13 02:29:15.237;254.4449781615893;peak;False;;0.0;;640;[320, 100];;;;;0.0
1747096155.5416558;2025-05-13 02:29:15.541;254.42726572822707;peak;False;;0.0;;640;[320, 100];;;;;0.0
1747096155.8524816;2025-05-13 02:29:15.852;254.56246489503616;peak;False;;0.0;;640;[320, 100];;;;;0.0
1747096156.157159;2025-05-13 02:29:16.157;254.63183789688253;peak;False;;0.0;;640;[320, 100];;;;;0.0
1747096156.4648921;2025-05-13 02:29:16.464;254.63793554862218;peak;False;;0.0;;640;[320, 100];;;;;0.0
1747096156.7719595;2025-05-13 02:29:16.771;254.70545910202603;peak;False;;0.0;;640;[320, 100];;;;;0.0
1747096157.0752997;2025-05-13 02:29:17.075;254.58178120984545;peak;False;;0.0;;640;[320, 100];;;;;0.0
1747096157.3868911;2025-05-13 02:29:17.386;254.40075805399212;peak;False;;0.0;;640;[320, 100];;;;;0.0
1747096157.6914287;2025-05-13 02:29:17.691;254.6794101081301;peak;False;;0.0;;640;[320, 100];;;;;0.0
1747096157.9959416;2025-05-13 02:29:17.995;254.81783409460755;peak;False;;0.0;;640;[320, 100];;;;;0.0
1747096158.3000383;2025-05-13 02:29:18.300;254.62916654188254;peak;False;;0.0;;640;[320, 100];;;;;0.0
1747096158.606307;2025-05-13 02:29:18.606;254.98209950542466;peak;False;;0.0;;640;[320, 100];;;;;0.0
1747096158.9134448;2025-05-13 02:29:18.913;254.898999130982;peak;False;;0.0;;640;[320, 100];;;;;0.0
1747096159.22103;2025-05-13 02:29:19.221;254.38380801317123;peak;False;;0.0;;640;[320, 100];;;;;0.0
1747096159.525321;2025-05-13 02:29:19.525;254.78939466730722;peak;False;;0.0;;640;[320, 100];;;;;0.0
1747096159.8365855;2025-05-13 02:29:19.836;254.51674676376487;peak;False;;0.0;;640;[320, 100];;;;;0.0
1747096160.1430223;2025-05-13 02:29:20.143;255.03581434246288;peak;False;;0.0;;640;[320, 100];;;;;0.0
1747096160.4472306;2025-05-13 02:29:20.447;254.7946896311834;peak;False;;0.0;;640;[320, 100];;;;;0.0
1747096160.7544205;2025-05-13 02:29:20.754;255.1275817619546;peak;False;;0.0;;640;[320, 100];;;;;0.0
1747096161.0624306;2025-05-13 02:29:21.062;254.57993301323052;peak;False;;0.0;;640;[320, 100];;;;;0.0
1747096161.370808;2025-05-13 02:29:21.370;254.65655656846562;peak;False;;0.0;;640;[320, 100];;;;;0.0
1747096161.6794667;2025-05-13 02:29:21.679;254.4939247266127;peak;False;;0.0;;640;[320, 100];;;;;0.0
1747096161.9864616;2025-05-13 02:29:21.986;254.77527488239352;peak;False;;0.0;;640;[320, 100];;;;;0.0
1747096162.2977607;2025-05-13 02:29:22.297;254.93303220395254;peak;False;;0.0;;640;[320, 100];;;;;0.0
1747096162.6095777;2025-05-13 02:29:22.609;254.86798821355683;peak;False;;0.0;;640;[320, 100];;;;;0.0
1747096162.9161172;2025-05-13 02:29:22.916;254.7214475845274;peak;False;;0.0;;640;[320, 100];;;;;0.0
1747096163.2285428;2025-05-13 02:29:23.228;254.8934313477347;peak;False;;0.0;;640;[320, 100];;;;;0.0
1747096163.5324156;2025-05-13 02:29:23.532;254.76475340997945;peak;False;;0.0;;640;[320, 100];;;;;0.0
1747096163.840961;2025-05-13 02:29:23.840;254.98707781479374;peak;False;;0.0;;640;[320, 100];;;;;0.0
1747096164.151438;2025-05-13 02:29:24.151;255.02838407591187;peak;False;;0.0;;640;[320, 100];;;;;0.0
1747096164.4558654;2025-05-13 02:29:24.455;254.70339190527594;peak;False;;0.0;;640;[320, 100];;;;;0.0
1747096164.7634597;2025-05-13 02:29:24.763;254.87073852857964;peak;False;;0.0;;640;[320, 100];;;;;0.0
1747096165.0690753;2025-05-13 02:29:25.069;255.00815502020052;peak;False;;0.0;;640;[320, 100];;;;;0.0
1747096165.3774724;2025-05-13 02:29:25.377;254.80666754203116;peak;False;;0.0;;640;[320, 100];;;;;0.0
1747096165.6890578;2025-05-13 02:29:25.689;254.8444655573912;peak;False;;0.0;;640;[320, 100];;;;;0.0
1747096165.9968665;2025-05-13 02:29:25.996;254.6836604480983;peak;False;;0.0;;640;[320, 100];;;;;0.0
1747096166.3025768;2025-05-13 02:29:26.302;254.88984163331375;peak;False;;0.0;;640;[320, 100];;;;;0.0
1747096166.6115265;2025-05-13 02:29:26.611;255.0882466964256;peak;False;;0.0;;640;[320, 100];;;;;0.0
1747096166.9188626;2025-05-13 02:29:26.918;254.65578649670138;peak;False;;0.0;;640;[320, 100];;;;;0.0
1747096167.2329419;2025-05-13 02:29:27.232;254.87120974396524;peak;False;;0.0;;640;[320, 100];;;;;0.0
1747096167.5452445;2025-05-13 02:29:27.545;254.7693886159213;peak;False;;0.0;;640;[320, 100];;;;;0.0
1747096167.854338;2025-05-13 02:29:27.854;255.1411263346011;peak;False;;0.0;;640;[320, 100];;;;;0.0
1747096168.163668;2025-05-13 02:29:28.163;254.87576849476812;peak;False;;0.0;;640;[320, 100];;;;;0.0
1747096168.476919;2025-05-13 02:29:28.476;255.26486361387325;peak;False;;0.0;;640;[320, 100];;;;;0.0
1747096168.7845848;2025-05-13 02:29:28.784;255.1615135242422;peak;False;;0.0;;640;[320, 100];;;;;0.0
1747096169.0893629;2025-05-13 02:29:29.089;254.92293837188768;peak;False;;0.0;;640;[320, 100];;;;;0.0
1747096169.3965092;2025-05-13 02:29:29.396;255.1525751655441;peak;False;;0.0;;640;[320, 100];;;;;0.0
1747096169.7019017;2025-05-13 02:29:29.701;255.39521195331764;peak;False;;0.0;;640;[320, 100];;;;;0.0
1747096170.009013;2025-05-13 02:29:30.009;255.09393435224905;peak;False;;0.0;;640;[320, 100];;;;;0.0
1747096170.3195908;2025-05-13 02:29:30.319;254.90208309138586;peak;False;;0.0;;640;[320, 100];;;;;0.0
1747096170.6318269;2025-05-13 02:29:30.631;255.30712300799638;peak;False;;0.0;;640;[320, 100];;;;;0.0
1747096170.9386892;2025-05-13 02:29:30.938;255.28294659374245;peak;False;;0.0;;640;[320, 100];;;;;0.0
1747096171.245316;2025-05-13 02:29:31.245;255.10212277837738;peak;False;;0.0;;640;[320, 100];;;;;0.0
1747096171.5492;2025-05-13 02:29:31.549;255.24597986401147;peak;False;;0.0;;640;[320, 100];;;;;0.0
1747096171.8593552;2025-05-13 02:29:31.859;254.85419647792375;peak;False;;0.0;;640;[320, 100];;;;;0.0
1747096172.166392;2025-05-13 02:29:32.166;255.23319997930713;peak;False;;0.0;;640;[320, 100];;;;;0.0
1747096172.472603;2025-05-13 02:29:32.472;254.86653015636634;peak;False;;0.0;;640;[320, 100];;;;;0.0
1747096172.778185;2025-05-13 02:29:32.778;255.19552675791866;peak;False;;0.0;;640;[320, 100];;;;;0.0
1747096173.086972;2025-05-13 02:29:33.086;255.1418270319791;peak;False;;0.0;;640;[320, 100];;;;;0.0
1747096173.3971906;2025-05-13 02:29:33.397;255.6916437754093;peak;False;;0.0;;640;[320, 100];;;;;0.0
1747096173.7419026;2025-05-13 02:29:33.741;254.89138767813535;peak;False;;0.0;;640;[320, 100];;;;;0.0
1747096173.99047;2025-05-13 02:29:33.990;255.1986193359138;peak;False;;0.0;;640;[320, 100];;;;;0.0
1747096174.2983708;2025-05-13 02:29:34.298;255.20459758266114;peak;False;;0.0;;640;[320, 100];;;;;0.0
1747096174.604234;2025-05-13 02:29:34.604;255.3895111106297;peak;False;;0.0;;640;[320, 100];;;;;0.0
1747096174.9135766;2025-05-13 02:29:34.913;255.28797718808192;peak;False;;0.0;;640;[320, 100];;;;;0.0
1747096175.225858;2025-05-13 02:29:35.225;255.2766155432401;peak;False;;0.0;;640;[320, 100];;;;;0.0
1747096175.533063;2025-05-13 02:29:35.533;255.66427823701403;peak;False;;0.0;;640;[320, 100];;;;;0.0
1747096175.83948;2025-05-13 02:29:35.839;255.21275693723965;peak;False;;0.0;;640;[320, 100];;;;;0.0
1747096176.1464665;2025-05-13 02:29:36.146;255.66959911944681;peak;False;;0.0;;640;[320, 100];;;;;0.0
1747096176.4550574;2025-05-13 02:29:36.455;255.36522992950745;peak;False;;0.0;;640;[320, 100];;;;;0.0
1747096176.7906778;2025-05-13 02:29:36.790;255.41238462891968;peak;False;;0.0;;640;[320, 100];;;;;0.0
1747096177.177884;2025-05-13 02:29:37.177;255.33295775748655;peak;False;;0.0;;640;[320, 100];;;;;0.0
1747096177.4848812;2025-05-13 02:29:37.484;255.3197840665752;peak;False;;0.0;;640;[320, 100];;;;;0.0
1747096177.7946522;2025-05-13 02:29:37.794;255.23385257465318;peak;False;;0.0;;640;[320, 100];;;;;0.0
1747096178.099258;2025-05-13 02:29:38.099;255.27466397357924;peak;False;;0.0;;640;[320, 100];;;;;0.0
1747096178.4056275;2025-05-13 02:29:38.405;255.72553373482592;peak;False;;0.0;;640;[320, 100];;;;;0.0
1747096178.7086725;2025-05-13 02:29:38.708;255.3586428103401;peak;False;;0.0;;640;[320, 100];;;;;0.0
1747096179.0160177;2025-05-13 02:29:39.016;255.51779826713695;peak;False;;0.0;;640;[320, 100];;;;;0.0
1747096179.3180902;2025-05-13 02:29:39.318;255.78188953984414;peak;False;;0.0;;640;[320, 100];;;;;0.0
1747096179.6307664;2025-05-13 02:29:39.630;255.33121358824977;peak;False;;0.0;;640;[320, 100];;;;;0.0
1747096179.9381459;2025-05-13 02:29:39.938;255.71377160950786;peak;False;;0.0;;640;[320, 100];;;;;0.0
1747096180.2490642;2025-05-13 02:29:40.249;255.53927785294533;peak;False;;0.0;;640;[320, 100];;;;;0.0
1747096180.5525157;2025-05-13 02:29:40.552;255.60052523891508;peak;False;;0.0;;640;[320, 100];;;;;0.0
1747096180.8645003;2025-05-13 02:29:40.864;255.49718276971808;peak;False;;0.0;;640;[320, 100];;;;;0.0
1747096181.16812;2025-05-13 02:29:41.168;255.34853566753927;peak;False;;0.0;;640;[320, 100];;;;;0.0
1747096181.4772375;2025-05-13 02:29:41.477;255.47375127734756;peak;False;;0.0;;640;[320, 100];;;;;0.0
1747096181.7869854;2025-05-13 02:29:41.786;255.40236335894753;peak;False;;0.0;;640;[320, 100];;;;;0.0
1747096182.096733;2025-05-13 02:29:42.096;255.61299568203492;peak;False;;0.0;;640;[320, 100];;;;;0.0
1747096182.4022372;2025-05-13 02:29:42.402;255.41804686611306;peak;False;;0.0;;640;[320, 100];;;;;0.0
1747096182.7115967;2025-05-13 02:29:42.711;255.5601648627819;peak;False;;0.0;;640;[320, 100];;;;;0.0
1747096183.0246797;2025-05-13 02:29:43.024;255.34803630551434;peak;False;;0.0;;640;[320, 100];;;;;0.0
1747096183.3304265;2025-05-13 02:29:43.330;255.52201429772919;peak;False;;0.0;;640;[320, 100];;;;;0.0
1747096183.635468;2025-05-13 02:29:43.635;255.63664675225627;peak;False;;0.0;;640;[320, 100];;;;;0.0
1747096183.9394202;2025-05-13 02:29:43.939;255.45096845475658;peak;False;;0.0;;640;[320, 100];;;;;0.0
1747096184.2455192;2025-05-13 02:29:44.245;255.9052100312845;peak;False;;0.0;;640;[320, 100];;;;;0.0
1747096184.5499513;2025-05-13 02:29:44.549;255.8254799442732;peak;False;;0.0;;640;[320, 100];;;;;0.0
1747096184.8559048;2025-05-13 02:29:44.855;255.63951610732838;peak;False;;0.0;;640;[320, 100];;;;;0.0
1747096185.1639526;2025-05-13 02:29:45.163;256.18806360270094;peak;False;;0.0;;640;[320, 100];;;;;0.0
1747096185.474809;2025-05-13 02:29:45.474;255.6817647389915;peak;False;;0.0;;640;[320, 100];;;;;0.0
1747096185.7807107;2025-05-13 02:29:45.780;255.2755641995012;peak;False;;0.0;;640;[320, 100];;;;;0.0
1747096186.09509;2025-05-13 02:29:46.095;255.57539936431934;peak;False;;0.0;;640;[320, 100];;;;;0.0
1747096186.399646;2025-05-13 02:29:46.399;255.690512501505;peak;False;;0.0;;640;[320, 100];;;;;0.0
1747096186.7094777;2025-05-13 02:29:46.709;255.6768961311629;peak;False;;0.0;;640;[320, 100];;;;;0.0
1747096187.0169108;2025-05-13 02:29:47.016;255.94291131308825;peak;False;;0.0;;640;[320, 100];;;;;0.0
1747096187.3245115;2025-05-13 02:29:47.324;256.03366972868133;peak;False;;0.0;;640;[320, 100];;;;;0.0
1747096187.6291516;2025-05-13 02:29:47.629;255.73171273664562;peak;False;;0.0;;640;[320, 100];;;;;0.0
1747096187.934288;2025-05-13 02:29:47.934;255.43043205977466;peak;False;;0.0;;640;[320, 100];;;;;0.0
1747096188.2448363;2025-05-13 02:29:48.244;255.88541827442506;peak;False;;0.0;;640;[320, 100];;;;;0.0
1747096188.553071;2025-05-13 02:29:48.553;256.0498464431213;peak;False;;0.0;;640;[320, 100];;;;;0.0
1747096188.8565948;2025-05-13 02:29:48.856;255.6243722612506;peak;False;;0.0;;640;[320, 100];;;;;0.0
1747096189.1624682;2025-05-13 02:29:49.162;255.85450232372133;peak;False;;0.0;;640;[320, 100];;;;;0.0
1747096189.472521;2025-05-13 02:29:49.472;255.61917845187443;peak;False;;0.0;;640;[320, 100];;;;;0.0
1747096189.7801116;2025-05-13 02:29:49.780;255.35486774754784;peak;False;;0.0;;640;[320, 100];;;;;0.0
1747096190.0837;2025-05-13 02:29:50.083;256.02136546404444;peak;False;;0.0;;640;[320, 100];;;;;0.0
1747096190.395288;2025-05-13 02:29:50.395;255.70816920042193;peak;False;;0.0;;640;[320, 100];;;;;0.0
1747096190.702248;2025-05-13 02:29:50.702;255.7999234889059;peak;False;;0.0;;640;[320, 100];;;;;0.0
1747096191.0068932;2025-05-13 02:29:51.006;255.64316461599168;peak;False;;0.0;;640;[320, 100];;;;;0.0
1747096191.3119326;2025-05-13 02:29:51.311;255.93592866717174;peak;False;;0.0;;640;[320, 100];;;;;0.0
1747096191.6168008;2025-05-13 02:29:51.616;255.8104875270267;peak;False;;0.0;;640;[320, 100];;;;;0.0
1747096191.9256449;2025-05-13 02:29:51.925;255.99284456315095;peak;False;;0.0;;640;[320, 100];;;;;0.0
1747096192.231666;2025-05-13 02:29:52.231;256.0578450100957;peak;False;;0.0;;640;[320, 100];;;;;0.0
1747096192.541631;2025-05-13 02:29:52.541;255.99987217506902;peak;False;;0.0;;640;[320, 100];;;;;0.0
1747096192.8538206;2025-05-13 02:29:52.853;255.75090023051536;peak;False;;0.0;;640;[320, 100];;;;;0.0
1747096193.158637;2025-05-13 02:29:53.158;256.18542009413767;peak;False;;0.0;;640;[320, 100];;;;;0.0
1747096193.4682338;2025-05-13 02:29:53.468;255.93986963352012;peak;False;;0.0;;640;[320, 100];;;;;0.0
1747096193.777517;2025-05-13 02:29:53.777;256.1519932371757;peak;False;;0.0;;640;[320, 100];;;;;0.0
1747096194.088575;2025-05-13 02:29:54.088;256.2609609124281;peak;False;;0.0;;640;[320, 100];;;;;0.0
1747096194.3988183;2025-05-13 02:29:54.398;256.078685586351;peak;False;;0.0;;640;[320, 100];;;;;0.0
1747096194.7057858;2025-05-13 02:29:54.705;255.80754614549403;peak;False;;0.0;;640;[320, 100];;;;;0.0
1747096195.0119672;2025-05-13 02:29:55.011;255.84046763359433;peak;False;;0.0;;640;[320, 100];;;;;0.0
1747096195.3192966;2025-05-13 02:29:55.319;256.29340678722804;peak;False;;0.0;;640;[320, 100];;;;;0.0
1747096195.6308894;2025-05-13 02:29:55.630;255.98810156698232;peak;False;;0.0;;640;[320, 100];;;;;0.0
1747096195.9364011;2025-05-13 02:29:55.936;256.24105967873334;peak;False;;0.0;;640;[320, 100];;;;;0.0
1747096196.2454982;2025-05-13 02:29:56.245;256.10921205551415;peak;False;;0.0;;640;[320, 100];;;;;0.0
1747096196.55149;2025-05-13 02:29:56.551;256.36112543169634;peak;False;;0.0;;640;[320, 100];;;;;0.0
1747096196.8588016;2025-05-13 02:29:56.858;255.9671999432253;peak;False;;0.0;;640;[320, 100];;;;;0.0
1747096197.1674366;2025-05-13 02:29:57.167;255.9966965012205;peak;False;;0.0;;640;[320, 100];;;;;0.0
1747096197.4708347;2025-05-13 02:29:57.470;256.0219800497129;peak;False;;0.0;;640;[320, 100];;;;;0.0
1747096197.7767808;2025-05-13 02:29:57.776;256.1537498447912;peak;False;;0.0;;640;[320, 100];;;;;0.0
1747096198.0820582;2025-05-13 02:29:58.082;256.5689590997351;peak;False;;0.0;;640;[320, 100];;;;;0.0
1747096198.3904028;2025-05-13 02:29:58.390;256.3263017210386;peak;False;;0.0;;640;[320, 100];;;;;0.0
1747096198.6980956;2025-05-13 02:29:58.698;256.35596302554865;peak;False;;0.0;;640;[320, 100];;;;;0.0
1747096199.008355;2025-05-13 02:29:59.008;256.1040156303007;peak;False;;0.0;;640;[320, 100];;;;;0.0
1747096199.3163204;2025-05-13 02:29:59.316;256.2682074794922;peak;False;;0.0;;640;[320, 100];;;;;0.0
1747096199.628037;2025-05-13 02:29:59.628;256.3964448255392;peak;False;;0.0;;640;[320, 100];;;;;0.0
1747096199.9339874;2025-05-13 02:29:59.933;256.1958134244865;peak;False;;0.0;;640;[320, 100];;;;;0.0
1747096200.2400417;2025-05-13 02:30:00.240;256.22787444408493;peak;False;;0.0;;640;[320, 100];;;;;0.0
1747096200.5542576;2025-05-13 02:30:00.554;256.2074404544919;peak;False;;0.0;;640;[320, 100];;;;;0.0
1747096200.8884573;2025-05-13 02:30:00.888;256.4204253796206;peak;False;;0.0;;640;[320, 100];;;;;0.0
1747096201.137222;2025-05-13 02:30:01.137;256.06816977363127;peak;False;;0.0;;640;[320, 100];;;;;0.0
1747096201.3480327;2025-05-13 02:30:01.348;256.05413852732926;peak;False;;0.0;;640;[320, 100];;;;;0.0
1747096201.6605084;2025-05-13 02:30:01.660;256.19490886948626;peak;False;;0.0;;640;[320, 100];;;;;0.0
1747096201.964653;2025-05-13 02:30:01.964;256.30432315253046;peak;False;;0.0;;640;[320, 100];;;;;0.0
1747096202.274527;2025-05-13 02:30:02.274;256.4780958044398;peak;False;;0.0;;640;[320, 100];;;;;0.0
1747096202.5849502;2025-05-13 02:30:02.584;256.5931526479751;peak;False;;0.0;;640;[320, 100];;;;;0.0
1747096202.8923728;2025-05-13 02:30:02.892;256.37596517810715;peak;False;;0.0;;640;[320, 100];;;;;0.0
1747096203.197368;2025-05-13 02:30:03.197;256.1775365477955;peak;False;;0.0;;640;[320, 100];;;;;0.0
1747096203.5073054;2025-05-13 02:30:03.507;256.0836551874662;peak;False;;0.0;;640;[320, 100];;;;;0.0
1747096203.8151193;2025-05-13 02:30:03.815;256.208871275334;peak;False;;0.0;;640;[320, 100];;;;;0.0
1747096204.1227398;2025-05-13 02:30:04.122;256.2298062526034;peak;False;;0.0;;640;[320, 100];;;;;0.0
1747096204.43012;2025-05-13 02:30:04.430;256.3568585871783;peak;False;;0.0;;640;[320, 100];;;;;0.0
1747096204.7350605;2025-05-13 02:30:04.735;256.2919491349193;peak;False;;0.0;;640;[320, 100];;;;;0.0
1747096205.0412796;2025-05-13 02:30:05.041;256.36945604067927;peak;False;;0.0;;640;[320, 100];;;;;0.0
1747096205.353019;2025-05-13 02:30:05.353;256.45178810630705;peak;False;;0.0;;640;[320, 100];;;;;0.0
1747096205.6569455;2025-05-13 02:30:05.656;256.5905161493798;peak;False;;0.0;;640;[320, 100];;;;;0.0
1747096205.9603689;2025-05-13 02:30:05.960;256.5671699998781;peak;False;;0.0;;640;[320, 100];;;;;0.0
1747096206.2703176;2025-05-13 02:30:06.270;256.56555671760964;peak;False;;0.0;;640;[320, 100];;;;;0.0
1747096206.5822635;2025-05-13 02:30:06.582;256.46658751410433;peak;False;;0.0;;640;[320, 100];;;;;0.0
1747096206.8901103;2025-05-13 02:30:06.890;256.3727513078697;peak;False;;0.0;;640;[320, 100];;;;;0.0
1747096207.1947598;2025-05-13 02:30:07.194;256.3713628948539;peak;False;;0.0;;640;[320, 100];;;;;0.0
1747096207.4995937;2025-05-13 02:30:07.499;256.6604391851959;peak;False;;0.0;;640;[320, 100];;;;;0.0
1747096207.8076825;2025-05-13 02:30:07.807;256.2394153638373;peak;False;;0.0;;640;[320, 100];;;;;0.0
1747096208.1167102;2025-05-13 02:30:08.116;256.5721233174121;peak;False;;0.0;;640;[320, 100];;;;;0.0
1747096208.4242427;2025-05-13 02:30:08.424;256.5256139902443;peak;False;;0.0;;640;[320, 100];;;;;0.0
1747096208.730149;2025-05-13 02:30:08.730;256.63100345539294;peak;False;;0.0;;640;[320, 100];;;;;0.0
1747096209.0837688;2025-05-13 02:30:09.083;256.38299276744107;peak;False;;0.0;;640;[320, 100];;;;;0.0
1747096209.3260536;2025-05-13 02:30:09.326;256.59121649273584;peak;False;;0.0;;640;[320, 100];;;;;0.0
1747096209.6401846;2025-05-13 02:30:09.640;256.80250421041035;peak;False;;0.0;;640;[320, 100];;;;;0.0
1747096209.9456036;2025-05-13 02:30:09.945;256.7549769879597;peak;False;;0.0;;640;[320, 100];;;;;0.0
1747096210.256933;2025-05-13 02:30:10.256;256.5396636513937;peak;False;;0.0;;640;[320, 100];;;;;0.0
1747096210.5610232;2025-05-13 02:30:10.561;256.69030029261563;peak;False;;0.0;;640;[320, 100];;;;;0.0
1747096210.874196;2025-05-13 02:30:10.874;256.6557876744848;peak;False;;0.0;;640;[320, 100];;;;;0.0
1747096211.1789942;2025-05-13 02:30:11.178;256.5483139999061;peak;False;;0.0;;640;[320, 100];;;;;0.0
1747096211.4866228;2025-05-13 02:30:11.486;256.8275846928421;peak;False;;0.0;;640;[320, 100];;;;;0.0
1747096211.7960935;2025-05-13 02:30:11.796;256.78646351335726;peak;False;;0.0;;640;[320, 100];;;;;0.0
1747096212.1052763;2025-05-13 02:30:12.105;256.62343075875043;peak;False;;0.0;;640;[320, 100];;;;;0.0
1747096212.4106672;2025-05-13 02:30:12.410;257.00969071499287;peak;False;;0.0;;640;[320, 100];;;;;0.0
1747096212.71984;2025-05-13 02:30:12.719;256.69433003100005;peak;False;;0.0;;640;[320, 100];;;;;0.0
1747096213.0279527;2025-05-13 02:30:13.027;256.9258021701672;peak;False;;0.0;;640;[320, 100];;;;;0.0
1747096213.3379114;2025-05-13 02:30:13.337;256.7688198655282;peak;False;;0.0;;640;[320, 100];;;;;0.0
1747096213.6438336;2025-05-13 02:30:13.643;256.6297368688408;peak;False;;0.0;;640;[320, 100];;;;;0.0
1747096213.9523692;2025-05-13 02:30:13.952;256.6914853816613;peak;False;;0.0;;640;[320, 100];;;;;0.0
1747096214.2565198;2025-05-13 02:30:14.256;256.6908422360544;peak;False;;0.0;;640;[320, 100];;;;;0.0
1747096214.5612717;2025-05-13 02:30:14.561;256.5839245112764;peak;False;;0.0;;640;[320, 100];;;;;0.0
1747096214.8680208;2025-05-13 02:30:14.868;256.58333488623447;peak;False;;0.0;;640;[320, 100];;;;;0.0
1747096215.172645;2025-05-13 02:30:15.172;256.7043295979498;peak;False;;0.0;;640;[320, 100];;;;;0.0
1747096215.4748;2025-05-13 02:30:15.474;256.47982573935855;peak;False;;0.0;;640;[320, 100];;;;;0.0
1747096215.7870855;2025-05-13 02:30:15.787;256.83943147049337;peak;False;;0.0;;640;[320, 100];;;;;0.0
1747096216.0950997;2025-05-13 02:30:16.095;256.5404612653195;peak;False;;0.0;;640;[320, 100];;;;;0.0
1747096216.399927;2025-05-13 02:30:16.399;256.7661205383265;peak;False;;0.0;;640;[320, 100];;;;;0.0
1747096216.7060084;2025-05-13 02:30:16.706;256.6280168578276;peak;False;;0.0;;640;[320, 100];;;;;0.0
1747096217.0213854;2025-05-13 02:30:17.021;256.8824816983128;peak;False;;0.0;;640;[320, 100];;;;;0.0
1747096217.3281102;2025-05-13 02:30:17.328;256.8113508442777;peak;False;;0.0;;640;[320, 100];;;;;0.0
1747096217.640501;2025-05-13 02:30:17.640;256.6100485282056;peak;False;;0.0;;640;[320, 100];;;;;0.0
1747096217.9469109;2025-05-13 02:30:17.946;256.72187098269796;peak;False;;0.0;;640;[320, 100];;;;;0.0
1747096218.252852;2025-05-13 02:30:18.252;256.8150619692449;peak;False;;0.0;;640;[320, 100];;;;;0.0
1747096218.563674;2025-05-13 02:30:18.563;256.98302494607253;peak;False;;0.0;;640;[320, 100];;;;;0.0
1747096218.8705425;2025-05-13 02:30:18.870;257.05710123024255;peak;False;;0.0;;640;[320, 100];;;;;0.0
1747096219.1793249;2025-05-13 02:30:19.179;257.00780677972807;peak;False;;0.0;;640;[320, 100];;;;;0.0
1747096219.4860802;2025-05-13 02:30:19.486;257.1107893325533;peak;False;;0.0;;640;[320, 100];;;;;0.0
1747096219.7946813;2025-05-13 02:30:19.794;256.8946426052326;peak;False;;0.0;;640;[320, 100];;;;;0.0
1747096220.1066256;2025-05-13 02:30:20.106;257.055930585196;peak;False;;0.0;;640;[320, 100];;;;;0.0
1747096220.4138088;2025-05-13 02:30:20.413;257.0218463008421;peak;False;;0.0;;640;[320, 100];;;;;0.0
1747096220.720876;2025-05-13 02:30:20.720;256.99610109516146;peak;False;;0.0;;640;[320, 100];;;;;0.0
1747096221.028536;2025-05-13 02:30:21.028;257.3663951639334;peak;False;;0.0;;640;[320, 100];;;;;0.0
1747096221.337209;2025-05-13 02:30:21.337;256.9547032919019;peak;False;;0.0;;640;[320, 100];;;;;0.0
1747096221.643731;2025-05-13 02:30:21.643;257.0030478687921;peak;False;;0.0;;640;[320, 100];;;;;0.0
1747096221.9511702;2025-05-13 02:30:21.951;256.99503602789554;peak;False;;0.0;;640;[320, 100];;;;;0.0
1747096222.2625246;2025-05-13 02:30:22.262;256.7458139519583;peak;False;;0.0;;640;[320, 100];;;;;0.0
1747096222.5695543;2025-05-13 02:30:22.569;256.7874202771058;peak;False;;0.0;;640;[320, 100];;;;;0.0
1747096222.875955;2025-05-13 02:30:22.875;257.0242638128597;peak;False;;0.0;;640;[320, 100];;;;;0.0
1747096223.1814332;2025-05-13 02:30:23.181;256.9890586416655;peak;False;;0.0;;640;[320, 100];;;;;0.0
1747096223.4980953;2025-05-13 02:30:23.498;257.1734120899294;peak;False;;0.0;;640;[320, 100];;;;;0.0
1747096223.8012633;2025-05-13 02:30:23.801;257.31198321258375;peak;False;;0.0;;640;[320, 100];;;;;0.0
1747096224.115234;2025-05-13 02:30:24.115;257.2170691531606;peak;False;;0.0;;640;[320, 100];;;;;0.0
1747096224.4222443;2025-05-13 02:30:24.422;256.96244831519414;peak;False;;0.0;;640;[320, 100];;;;;0.0
1747096224.7312868;2025-05-13 02:30:24.731;257.0687785952665;peak;False;;0.0;;640;[320, 100];;;;;0.0
1747096225.038344;2025-05-13 02:30:25.038;256.9792326481608;peak;False;;0.0;;640;[320, 100];;;;;0.0
1747096225.3444774;2025-05-13 02:30:25.344;257.1021010856815;peak;False;;0.0;;640;[320, 100];;;;;0.0
1747096225.6504161;2025-05-13 02:30:25.650;257.00769679589837;peak;False;;0.0;;640;[320, 100];;;;;0.0
1747096225.9608579;2025-05-13 02:30:25.960;257.3679828071736;peak;False;;0.0;;640;[320, 100];;;;;0.0
1747096226.2647767;2025-05-13 02:30:26.264;257.3416674543908;peak;False;;0.0;;640;[320, 100];;;;;0.0
1747096226.575007;2025-05-13 02:30:26.575;257.14769710516873;peak;False;;0.0;;640;[320, 100];;;;;0.0
1747096226.88435;2025-05-13 02:30:26.884;257.2374241757352;peak;False;;0.0;;640;[320, 100];;;;;0.0
1747096227.1879938;2025-05-13 02:30:27.187;257.1032406521693;peak;False;;0.0;;640;[320, 100];;;;;0.0
1747096227.4998991;2025-05-13 02:30:27.499;257.1312039664116;peak;False;;0.0;;640;[320, 100];;;;;0.0
1747096227.8067458;2025-05-13 02:30:27.806;257.15350716339157;peak;False;;0.0;;640;[320, 100];;;;;0.0
1747096228.1148403;2025-05-13 02:30:28.114;257.39188212829646;peak;False;;0.0;;640;[320, 100];;;;;0.0
1747096228.4287944;2025-05-13 02:30:28.428;257.0655729883726;peak;False;;0.0;;640;[320, 100];;;;;0.0
1747096228.737469;2025-05-13 02:30:28.737;257.136552606332;peak;False;;0.0;;640;[320, 100];;;;;0.0
1747096229.0491261;2025-05-13 02:30:29.049;257.38020016268666;peak;False;;0.0;;640;[320, 100];;;;;0.0
1747096229.355749;2025-05-13 02:30:29.355;257.194900079202;peak;False;;0.0;;640;[320, 100];;;;;0.0
1747096229.6617496;2025-05-13 02:30:29.661;257.48973285189965;peak;False;;0.0;;640;[320, 100];;;;;0.0
1747096229.970716;2025-05-13 02:30:29.970;257.41859727985246;peak;False;;0.0;;640;[320, 100];;;;;0.0
1747096230.276212;2025-05-13 02:30:30.276;257.47893078538857;peak;False;;0.0;;640;[320, 100];;;;;0.0
1747096230.5835974;2025-05-13 02:30:30.583;257.602138412062;peak;False;;0.0;;640;[320, 100];;;;;0.0
1747096230.8885915;2025-05-13 02:30:30.888;257.56690372335254;peak;False;;0.0;;640;[320, 100];;;;;0.0
1747096231.1934214;2025-05-13 02:30:31.193;257.66392805625196;peak;False;;0.0;;640;[320, 100];;;;;0.0
1747096231.5006707;2025-05-13 02:30:31.500;257.47828304393204;peak;False;;0.0;;640;[320, 100];;;;;0.0
1747096231.8086257;2025-05-13 02:30:31.808;257.46449999706175;peak;False;;0.0;;640;[320, 100];;;;;0.0
1747096232.1126704;2025-05-13 02:30:32.112;257.31233811975073;peak;False;;0.0;;640;[320, 100];;;;;0.0
1747096232.4211695;2025-05-13 02:30:32.421;257.38068345873603;peak;False;;0.0;;640;[320, 100];;;;;0.0
1747096232.7271764;2025-05-13 02:30:32.727;257.3043952601618;peak;False;;0.0;;640;[320, 100];;;;;0.0
1747096233.0325778;2025-05-13 02:30:33.032;257.5182055252221;peak;False;;0.0;;640;[320, 100];;;;;0.0
1747096233.3418696;2025-05-13 02:30:33.341;257.2088180275269;peak;False;;0.0;;640;[320, 100];;;;;0.0
1747096233.6506522;2025-05-13 02:30:33.650;257.75986977530283;peak;False;;0.0;;640;[320, 100];;;;;0.0
1747096233.9589288;2025-05-13 02:30:33.958;257.46896449464856;peak;False;;0.0;;640;[320, 100];;;;;0.0
1747096234.2646499;2025-05-13 02:30:34.264;257.41373461744246;peak;False;;0.0;;640;[320, 100];;;;;0.0
1747096234.578931;2025-05-13 02:30:34.578;257.61040181696904;peak;False;;0.0;;640;[320, 100];;;;;0.0
1747096234.889774;2025-05-13 02:30:34.889;257.4638428899272;peak;False;;0.0;;640;[320, 100];;;;;0.0
1747096235.1968875;2025-05-13 02:30:35.196;257.33517007243006;peak;False;;0.0;;640;[320, 100];;;;;0.0
1747096235.5079384;2025-05-13 02:30:35.507;257.03787799628014;peak;False;;0.0;;640;[320, 100];;;;;0.0
1747096235.8209054;2025-05-13 02:30:35.820;257.5348355145213;peak;False;;0.0;;640;[320, 100];;;;;0.0
1747096236.1313272;2025-05-13 02:30:36.131;257.43370593839313;peak;False;;0.0;;640;[320, 100];;;;;0.0
1747096236.4364033;2025-05-13 02:30:36.436;257.6335724108178;peak;False;;0.0;;640;[320, 100];;;;;0.0
1747096236.7388532;2025-05-13 02:30:36.738;257.78875506061524;peak;False;;0.0;;640;[320, 100];;;;;0.0
1747096237.0506544;2025-05-13 02:30:37.050;257.5376572341369;peak;False;;0.0;;640;[320, 100];;;;;0.0
1747096237.3540344;2025-05-13 02:30:37.354;257.78687441517565;peak;False;;0.0;;640;[320, 100];;;;;0.0
1747096237.6603484;2025-05-13 02:30:37.660;257.5421923168129;peak;False;;0.0;;640;[320, 100];;;;;0.0
1747096237.9728148;2025-05-13 02:30:37.972;257.5716607503098;peak;False;;0.0;;640;[320, 100];;;;;0.0
1747096238.277793;2025-05-13 02:30:38.277;257.7450896096689;peak;False;;0.0;;640;[320, 100];;;;;0.0
1747096238.5868387;2025-05-13 02:30:38.586;257.6131355842915;peak;False;;0.0;;640;[320, 100];;;;;0.0
1747096238.890163;2025-05-13 02:30:38.890;257.65511608425084;peak;False;;0.0;;640;[320, 100];;;;;0.0
1747096239.1973522;2025-05-13 02:30:39.197;257.56703997125885;peak;False;;0.0;;640;[320, 100];;;;;0.0
1747096239.504433;2025-05-13 02:30:39.504;257.5156844867735;peak;False;;0.0;;640;[320, 100];;;;;0.0
1747096239.808997;2025-05-13 02:30:39.808;258.00171483432905;peak;False;;0.0;;640;[320, 100];;;;;0.0
1747096240.1165514;2025-05-13 02:30:40.116;257.88098418178214;peak;False;;0.0;;640;[320, 100];;;;;0.0
1747096240.4221196;2025-05-13 02:30:40.422;257.47689039126794;peak;False;;0.0;;640;[320, 100];;;;;0.0
1747096240.7282565;2025-05-13 02:30:40.728;257.74184779659913;peak;False;;0.0;;640;[320, 100];;;;;0.0
1747096241.0330374;2025-05-13 02:30:41.033;257.5796564468659;peak;False;;0.0;;640;[320, 100];;;;;0.0
1747096241.33895;2025-05-13 02:30:41.338;258.14164820997655;peak;False;;0.0;;640;[320, 100];;;;;0.0
1747096241.6422205;2025-05-13 02:30:41.642;257.691637695555;peak;False;;0.0;;640;[320, 100];;;;;0.0
1747096241.9468007;2025-05-13 02:30:41.946;258.11315949428644;peak;False;;0.0;;640;[320, 100];;;;;0.0
1747096242.25635;2025-05-13 02:30:42.256;257.922902882581;peak;False;;0.0;;640;[320, 100];;;;;0.0
1747096242.5628285;2025-05-13 02:30:42.562;257.69342961215364;peak;False;;0.0;;640;[320, 100];;;;;0.0
1747096242.8698344;2025-05-13 02:30:42.869;257.73926525076416;peak;False;;0.0;;640;[320, 100];;;;;0.0
1747096243.1758213;2025-05-13 02:30:43.175;257.9676194683367;peak;False;;0.0;;640;[320, 100];;;;;0.0
1747096243.4841702;2025-05-13 02:30:43.484;257.9348675790663;peak;False;;0.0;;640;[320, 100];;;;;0.0
1747096243.7958794;2025-05-13 02:30:43.795;257.85531291730723;peak;False;;0.0;;640;[320, 100];;;;;0.0
1747096244.1073425;2025-05-13 02:30:44.107;258.1131699893165;peak;False;;0.0;;640;[320, 100];;;;;0.0
1747096244.4170563;2025-05-13 02:30:44.417;258.1725556319872;peak;False;;0.0;;640;[320, 100];;;;;0.0
1747096244.726511;2025-05-13 02:30:44.726;257.965690261533;peak;False;;0.0;;640;[320, 100];;;;;0.0
1747096245.0330307;2025-05-13 02:30:45.033;257.93719497190665;peak;False;;0.0;;640;[320, 100];;;;;0.0
1747096245.341597;2025-05-13 02:30:45.341;257.7558935693676;peak;False;;0.0;;640;[320, 100];;;;;0.0
1747096245.6513584;2025-05-13 02:30:45.651;257.9109637281371;peak;False;;0.0;;640;[320, 100];;;;;0.0
1747096245.9561834;2025-05-13 02:30:45.956;257.9560805439131;peak;False;;0.0;;640;[320, 100];;;;;0.0
1747096246.2650497;2025-05-13 02:30:46.265;257.73292123531286;peak;False;;0.0;;640;[320, 100];;;;;0.0
1747096246.5744524;2025-05-13 02:30:46.574;258.18128066840546;peak;False;;0.0;;640;[320, 100];;;;;0.0
1747096246.8820322;2025-05-13 02:30:46.882;258.1024564270152;peak;False;;0.0;;640;[320, 100];;;;;0.0
1747096247.1927073;2025-05-13 02:30:47.192;257.5385838228162;peak;False;;0.0;;640;[320, 100];;;;;0.0
1747096247.5011907;2025-05-13 02:30:47.501;258.09047215076214;peak;False;;0.0;;640;[320, 100];;;;;0.0
1747096247.8100953;2025-05-13 02:30:47.810;257.98470386686245;peak;False;;0.0;;640;[320, 100];;;;;0.0
1747096248.1178324;2025-05-13 02:30:48.117;258.043825424436;peak;False;;0.0;;640;[320, 100];;;;;0.0
1747096248.4236622;2025-05-13 02:30:48.423;258.24062033314186;peak;False;;0.0;;640;[320, 100];;;;;0.0
1747096248.7306502;2025-05-13 02:30:48.730;258.184456167709;peak;False;;0.0;;640;[320, 100];;;;;0.0
1747096249.0373511;2025-05-13 02:30:49.037;258.05695920102;peak;False;;0.0;;640;[320, 100];;;;;0.0
1747096249.3424485;2025-05-13 02:30:49.342;257.88405859887894;peak;False;;0.0;;640;[320, 100];;;;;0.0
1747096249.6468067;2025-05-13 02:30:49.646;258.0243018483247;peak;False;;0.0;;640;[320, 100];;;;;0.0
1747096249.960739;2025-05-13 02:30:49.960;258.20379300909775;peak;False;;0.0;;640;[320, 100];;;;;0.0
1747096250.2692547;2025-05-13 02:30:50.269;258.1148387763664;peak;False;;0.0;;640;[320, 100];;;;;0.0
1747096250.5741208;2025-05-13 02:30:50.574;258.1315569090217;peak;False;;0.0;;640;[320, 100];;;;;0.0
1747096250.8775196;2025-05-13 02:30:50.877;258.11206406081664;peak;False;;0.0;;640;[320, 100];;;;;0.0
1747096251.1845305;2025-05-13 02:30:51.184;257.79335850425025;peak;False;;0.0;;640;[320, 100];;;;;0.0
1747096251.4870434;2025-05-13 02:30:51.487;258.0110786335047;peak;False;;0.0;;640;[320, 100];;;;;0.0
1747096251.7930214;2025-05-13 02:30:51.793;257.9456317391779;peak;False;;0.0;;640;[320, 100];;;;;0.0
1747096252.098559;2025-05-13 02:30:52.098;258.1425020168477;peak;False;;0.0;;640;[320, 100];;;;;0.0
1747096252.4101222;2025-05-13 02:30:52.410;258.1623658413732;peak;False;;0.0;;640;[320, 100];;;;;0.0
1747096252.7211127;2025-05-13 02:30:52.721;257.9752467403862;peak;False;;0.0;;640;[320, 100];;;;;0.0
1747096253.0282218;2025-05-13 02:30:53.028;258.0706489832205;peak;False;;0.0;;640;[320, 100];;;;;0.0
1747096253.3358061;2025-05-13 02:30:53.335;258.0344818138979;peak;False;;0.0;;640;[320, 100];;;;;0.0
1747096253.6419067;2025-05-13 02:30:53.641;257.8264788714804;peak;False;;0.0;;640;[320, 100];;;;;0.0
1747096253.947393;2025-05-13 02:30:53.947;258.0270733541075;peak;False;;0.0;;640;[320, 100];;;;;0.0
1747096254.2552712;2025-05-13 02:30:54.255;257.9722515439401;peak;False;;0.0;;640;[320, 100];;;;;0.0
1747096254.5663624;2025-05-13 02:30:54.566;258.2207053301728;peak;False;;0.0;;640;[320, 100];;;;;0.0
1747096254.871043;2025-05-13 02:30:54.871;258.432490668893;peak;False;;0.0;;640;[320, 100];;;;;0.0
1747096255.1762652;2025-05-13 02:30:55.176;257.9477278879228;peak;False;;0.0;;640;[320, 100];;;;;0.0
1747096255.4804106;2025-05-13 02:30:55.480;258.3938751113403;peak;False;;0.0;;640;[320, 100];;;;;0.0
1747096255.7907934;2025-05-13 02:30:55.790;258.09376287733903;peak;False;;0.0;;640;[320, 100];;;;;0.0
1747096256.1012428;2025-05-13 02:30:56.101;258.2675894312488;peak;False;;0.0;;640;[320, 100];;;;;0.0
1747096256.407311;2025-05-13 02:30:56.407;258.20668399423977;peak;False;;0.0;;640;[320, 100];;;;;0.0
1747096256.7113326;2025-05-13 02:30:56.711;258.20103929550044;peak;False;;0.0;;640;[320, 100];;;;;0.0
1747096257.0157638;2025-05-13 02:30:57.015;257.84823355575077;peak;False;;0.0;;640;[320, 100];;;;;0.0
1747096257.321187;2025-05-13 02:30:57.321;258.6772156043153;peak;False;;0.0;;640;[320, 100];;;;;0.0
1747096257.6253266;2025-05-13 02:30:57.625;258.5699336746967;peak;False;;0.0;;640;[320, 100];;;;;0.0
1747096257.9306145;2025-05-13 02:30:57.930;258.3517930876281;peak;False;;0.0;;640;[320, 100];;;;;0.0
1747096258.237246;2025-05-13 02:30:58.237;258.30468508596516;peak;False;;0.0;;640;[320, 100];;;;;0.0
1747096258.5419514;2025-05-13 02:30:58.541;258.5212860648754;peak;False;;0.0;;640;[320, 100];;;;;0.0
1747096258.8485653;2025-05-13 02:30:58.848;258.4028833568264;peak;False;;0.0;;640;[320, 100];;;;;0.0
1747096259.1539078;2025-05-13 02:30:59.153;258.44831482457573;peak;False;;0.0;;640;[320, 100];;;;;0.0
1747096259.4604304;2025-05-13 02:30:59.460;258.84627443695786;peak;False;;0.0;;640;[320, 100];;;;;0.0
1747096259.7688637;2025-05-13 02:30:59.768;258.4279573266395;peak;False;;0.0;;640;[320, 100];;;;;0.0
1747096260.070352;2025-05-13 02:31:00.070;258.267016873196;peak;False;;0.0;;640;[320, 100];;;;;0.0
1747096260.3756669;2025-05-13 02:31:00.375;258.549994823922;peak;False;;0.0;;640;[320, 100];;;;;0.0
1747096260.6815524;2025-05-13 02:31:00.681;258.34382149652;peak;False;;0.0;;640;[320, 100];;;;;0.0
1747096260.9943073;2025-05-13 02:31:00.994;258.4470024783218;peak;False;;0.0;;640;[320, 100];;;;;0.0
1747096261.3051102;2025-05-13 02:31:01.305;258.6069869822229;peak;False;;0.0;;640;[320, 100];;;;;0.0
1747096261.612804;2025-05-13 02:31:01.612;258.7871044628914;peak;False;;0.0;;640;[320, 100];;;;;0.0
1747096261.924535;2025-05-13 02:31:01.924;258.5706541507399;peak;False;;0.0;;640;[320, 100];;;;;0.0
1747096262.2298872;2025-05-13 02:31:02.229;258.67940721444603;peak;False;;0.0;;640;[320, 100];;;;;0.0
1747096262.5366771;2025-05-13 02:31:02.536;258.26810420784415;peak;False;;0.0;;640;[320, 100];;;;;0.0
1747096262.842735;2025-05-13 02:31:02.842;258.33412305132566;peak;False;;0.0;;640;[320, 100];;;;;0.0
1747096263.1486762;2025-05-13 02:31:03.148;258.729733868586;peak;False;;0.0;;640;[320, 100];;;;;0.0
1747096263.4559965;2025-05-13 02:31:03.455;258.3905210966362;peak;False;;0.0;;640;[320, 100];;;;;0.0
1747096263.7651973;2025-05-13 02:31:03.765;258.5360146058393;peak;False;;0.0;;640;[320, 100];;;;;0.0
1747096264.0703106;2025-05-13 02:31:04.070;258.8106241431862;peak;False;;0.0;;640;[320, 100];;;;;0.0
1747096264.3770978;2025-05-13 02:31:04.377;258.62621454712985;peak;False;;0.0;;640;[320, 100];;;;;0.0
1747096264.6895;2025-05-13 02:31:04.689;258.5988344812336;peak;False;;0.0;;640;[320, 100];;;;;0.0
1747096264.9986892;2025-05-13 02:31:04.998;258.658736766599;peak;False;;0.0;;640;[320, 100];;;;;0.0
1747096265.3055153;2025-05-13 02:31:05.305;258.5471966975711;peak;False;;0.0;;640;[320, 100];;;;;0.0
1747096265.6126568;2025-05-13 02:31:05.612;258.8711561478617;peak;False;;0.0;;640;[320, 100];;;;;0.0
1747096265.916512;2025-05-13 02:31:05.916;258.95186231549815;peak;False;;0.0;;640;[320, 100];;;;;0.0
1747096266.2274103;2025-05-13 02:31:06.227;258.7583271106284;peak;False;;0.0;;640;[320, 100];;;;;0.0
1747096266.5320604;2025-05-13 02:31:06.532;258.26432977811504;peak;False;;0.0;;640;[320, 100];;;;;0.0
1747096266.838322;2025-05-13 02:31:06.838;258.53001091080415;peak;False;;0.0;;640;[320, 100];;;;;0.0
1747096267.142112;2025-05-13 02:31:07.142;258.6696259916887;peak;False;;0.0;;640;[320, 100];;;;;0.0
1747096267.454255;2025-05-13 02:31:07.454;258.3630964722609;peak;False;;0.0;;640;[320, 100];;;;;0.0
1747096267.7651544;2025-05-13 02:31:07.765;259.11500130966783;peak;False;;0.0;;640;[320, 100];;;;;0.0
1747096268.074466;2025-05-13 02:31:08.074;258.5102003335882;peak;False;;0.0;;640;[320, 100];;;;;0.0
1747096268.3801177;2025-05-13 02:31:08.380;258.66148627241046;peak;False;;0.0;;640;[320, 100];;;;;0.0
1747096268.6856537;2025-05-13 02:31:08.685;258.86340447745255;peak;False;;0.0;;640;[320, 100];;;;;0.0
1747096268.9951162;2025-05-13 02:31:08.995;258.5852081758169;peak;False;;0.0;;640;[320, 100];;;;;0.0
1747096269.3028195;2025-05-13 02:31:09.302;258.62228911541354;peak;False;;0.0;;640;[320, 100];;;;;0.0
1747096269.6143906;2025-05-13 02:31:09.614;259.04918546949625;peak;False;;0.0;;640;[320, 100];;;;;0.0
1747096269.9183695;2025-05-13 02:31:09.918;258.9087844948716;peak;False;;0.0;;640;[320, 100];;;;;0.0
1747096270.2243118;2025-05-13 02:31:10.224;258.7850710559254;peak;False;;0.0;;640;[320, 100];;;;;0.0
1747096270.5360518;2025-05-13 02:31:10.536;258.8359919543771;peak;False;;0.0;;640;[320, 100];;;;;0.0
1747096270.839103;2025-05-13 02:31:10.839;259.16805937928274;peak;False;;0.0;;640;[320, 100];;;;;0.0
1747096271.1465173;2025-05-13 02:31:11.146;258.7894038573603;peak;False;;0.0;;640;[320, 100];;;;;0.0
1747096271.4542644;2025-05-13 02:31:11.454;258.6849029397694;peak;False;;0.0;;640;[320, 100];;;;;0.0
1747096271.7668064;2025-05-13 02:31:11.766;258.6818852527378;peak;False;;0.0;;640;[320, 100];;;;;0.0
1747096272.0766015;2025-05-13 02:31:12.076;258.82146963836726;peak;False;;0.0;;640;[320, 100];;;;;0.0
1747096272.3825743;2025-05-13 02:31:12.382;258.83124778656594;peak;False;;0.0;;640;[320, 100];;;;;0.0
1747096272.693029;2025-05-13 02:31:12.693;258.6048418887651;peak;False;;0.0;;640;[320, 100];;;;;0.0
1747096273.0092626;2025-05-13 02:31:13.009;258.68090254234835;peak;False;;0.0;;640;[320, 100];;;;;0.0
1747096273.315554;2025-05-13 02:31:13.315;258.80281249247514;peak;False;;0.0;;640;[320, 100];;;;;0.0
1747096273.6242018;2025-05-13 02:31:13.624;258.74798388302037;peak;False;;0.0;;640;[320, 100];;;;;0.0
1747096273.9312925;2025-05-13 02:31:13.931;258.9835425283923;peak;False;;0.0;;640;[320, 100];;;;;0.0
1747096274.2355926;2025-05-13 02:31:14.235;258.5830211013896;peak;False;;0.0;;640;[320, 100];;;;;0.0
1747096274.540907;2025-05-13 02:31:14.540;258.98851432909;peak;False;;0.0;;640;[320, 100];;;;;0.0
1747096274.8471632;2025-05-13 02:31:14.847;258.9849804243131;peak;False;;0.0;;640;[320, 100];;;;;0.0
1747096275.1567001;2025-05-13 02:31:15.156;258.85735997023386;peak;False;;0.0;;640;[320, 100];;;;;0.0
1747096275.4646566;2025-05-13 02:31:15.464;258.98920496938547;peak;False;;0.0;;640;[320, 100];;;;;0.0
1747096275.874283;2025-05-13 02:31:15.874;259.0995090541945;peak;False;;0.0;;640;[320, 100];;;;;0.0
1747096276.185435;2025-05-13 02:31:16.185;258.84304450990527;peak;False;;0.0;;640;[320, 100];;;;;0.0
1747096276.4941924;2025-05-13 02:31:16.494;258.9557762164229;peak;False;;0.0;;640;[320, 100];;;;;0.0
1747096276.8073223;2025-05-13 02:31:16.807;259.2153426003526;peak;False;;0.0;;640;[320, 100];;;;;0.0
1747096277.1197133;2025-05-13 02:31:17.119;258.9672068372988;peak;False;;0.0;;640;[320, 100];;;;;0.0
1747096277.4248433;2025-05-13 02:31:17.424;259.3418121569965;peak;False;;0.0;;640;[320, 100];;;;;0.0
1747096277.7344458;2025-05-13 02:31:17.734;259.0170736113202;peak;False;;0.0;;640;[320, 100];;;;;0.0
1747096278.0425377;2025-05-13 02:31:18.042;259.083649085158;peak;False;;0.0;;640;[320, 100];;;;;0.0
1747096278.3512082;2025-05-13 02:31:18.351;258.94706387663865;peak;False;;0.0;;640;[320, 100];;;;;0.0
1747096278.6581123;2025-05-13 02:31:18.658;259.0709116758031;peak;False;;0.0;;640;[320, 100];;;;;0.0
1747096278.9628792;2025-05-13 02:31:18.962;258.96870971489903;peak;False;;0.0;;640;[320, 100];;;;;0.0
1747096279.2684765;2025-05-13 02:31:19.268;259.0306156463367;peak;False;;0.0;;640;[320, 100];;;;;0.0
1747096279.5701184;2025-05-13 02:31:19.570;258.7263259379166;peak;False;;0.0;;640;[320, 100];;;;;0.0
1747096279.87923;2025-05-13 02:31:19.879;258.8821778665475;peak;False;;0.0;;640;[320, 100];;;;;0.0
1747096280.1861224;2025-05-13 02:31:20.186;259.0053438781287;peak;False;;0.0;;640;[320, 100];;;;;0.0
1747096280.4973922;2025-05-13 02:31:20.497;259.10567507354335;peak;False;;0.0;;640;[320, 100];;;;;0.0
1747096280.803703;2025-05-13 02:31:20.803;259.3210853073488;peak;False;;0.0;;640;[320, 100];;;;;0.0
1747096281.1093385;2025-05-13 02:31:21.109;259.01209715712616;peak;False;;0.0;;640;[320, 100];;;;;0.0
1747096281.419012;2025-05-13 02:31:21.419;259.1861215974568;peak;False;;0.0;;640;[320, 100];;;;;0.0
1747096281.7270832;2025-05-13 02:31:21.727;259.1827885723421;peak;False;;0.0;;640;[320, 100];;;;;0.0
1747096282.0394113;2025-05-13 02:31:22.039;258.9360151129113;peak;False;;0.0;;640;[320, 100];;;;;0.0
1747096282.3434956;2025-05-13 02:31:22.343;259.0521215147889;peak;False;;0.0;;640;[320, 100];;;;;0.0
1747096282.6506352;2025-05-13 02:31:22.650;259.16035161315784;peak;False;;0.0;;640;[320, 100];;;;;0.0
1747096282.955902;2025-05-13 02:31:22.955;258.934114716041;peak;False;;0.0;;640;[320, 100];;;;;0.0
1747096283.2663386;2025-05-13 02:31:23.266;259.04025243642315;peak;False;;0.0;;640;[320, 100];;;;;0.0
1747096283.5769796;2025-05-13 02:31:23.576;259.14140588999203;peak;False;;0.0;;640;[320, 100];;;;;0.0
1747096283.8988369;2025-05-13 02:31:23.898;259.0797240977439;peak;False;;0.0;;640;[320, 100];;;;;0.0
1747096284.2707145;2025-05-13 02:31:24.270;259.3006805763745;peak;False;;0.0;;640;[320, 100];;;;;0.0
1747096284.5843732;2025-05-13 02:31:24.584;259.0022659289025;peak;False;;0.0;;640;[320, 100];;;;;0.0
1747096284.8930888;2025-05-13 02:31:24.893;259.10026865521746;peak;False;;0.0;;640;[320, 100];;;;;0.0
1747096285.1972861;2025-05-13 02:31:25.197;259.5909792695283;peak;False;;0.0;;640;[320, 100];;;;;0.0
1747096285.5198495;2025-05-13 02:31:25.519;259.485770814641;peak;False;;0.0;;640;[320, 100];;;;;0.0
1747096285.897002;2025-05-13 02:31:25.897;259.30985537710336;peak;False;;0.0;;640;[320, 100];;;;;0.0
1747096286.1098013;2025-05-13 02:31:26.109;259.3174132362214;peak;False;;0.0;;640;[320, 100];;;;;0.0
1747096286.4199128;2025-05-13 02:31:26.419;259.48161766983674;peak;False;;0.0;;640;[320, 100];;;;;0.0
1747096286.7285998;2025-05-13 02:31:26.728;259.4937819618782;peak;False;;0.0;;640;[320, 100];;;;;0.0
1747096287.0400631;2025-05-13 02:31:27.040;259.63041487533525;peak;False;;0.0;;640;[320, 100];;;;;0.0
1747096287.3461316;2025-05-13 02:31:27.346;259.0848906767691;peak;False;;0.0;;640;[320, 100];;;;;0.0
1747096287.6533847;2025-05-13 02:31:27.653;259.86502900532315;peak;False;;0.0;;640;[320, 100];;;;;0.0
1747096287.9589987;2025-05-13 02:31:27.958;259.38962448897485;peak;False;;0.0;;640;[320, 100];;;;;0.0
1747096288.2692578;2025-05-13 02:31:28.269;259.6473572010784;peak;False;;0.0;;640;[320, 100];;;;;0.0
1747096288.5753117;2025-05-13 02:31:28.575;259.527987861258;peak;False;;0.0;;640;[320, 100];;;;;0.0
1747096288.8929508;2025-05-13 02:31:28.892;259.3790178956137;peak;False;;0.0;;640;[320, 100];;;;;0.0
1747096289.2682679;2025-05-13 02:31:29.268;259.49984032916757;peak;False;;0.0;;640;[320, 100];;;;;0.0
1747096289.4814363;2025-05-13 02:31:29.481;259.14515616036897;peak;False;;0.0;;640;[320, 100];;;;;0.0
1747096289.7944443;2025-05-13 02:31:29.794;259.3569429093181;peak;False;;0.0;;640;[320, 100];;;;;0.0
1747096290.104241;2025-05-13 02:31:30.104;259.44015538978846;peak;False;;0.0;;640;[320, 100];;;;;0.0
1747096290.410804;2025-05-13 02:31:30.410;259.1948786083282;peak;False;;0.0;;640;[320, 100];;;;;0.0
1747096290.7209635;2025-05-13 02:31:30.720;259.2666176721065;peak;False;;0.0;;640;[320, 100];;;;;0.0
1747096291.0303924;2025-05-13 02:31:31.030;259.5946365999774;peak;False;;0.0;;640;[320, 100];;;;;0.0
1747096291.3400848;2025-05-13 02:31:31.340;259.58508535043103;peak;False;;0.0;;640;[320, 100];;;;;0.0
1747096291.645843;2025-05-13 02:31:31.645;259.53892117670637;peak;False;;0.0;;640;[320, 100];;;;;0.0
1747096291.951941;2025-05-13 02:31:31.951;259.80999634725435;peak;False;;0.0;;640;[320, 100];;;;;0.0
1747096292.2605994;2025-05-13 02:31:32.260;259.90811271629684;peak;False;;0.0;;640;[320, 100];;;;;0.0
1747096292.5677164;2025-05-13 02:31:32.567;259.7334771613307;peak;False;;0.0;;640;[320, 100];;;;;0.0
1747096292.8764367;2025-05-13 02:31:32.876;259.493581184608;peak;False;;0.0;;640;[320, 100];;;;;0.0
1747096293.1798162;2025-05-13 02:31:33.179;259.52968125516105;peak;False;;0.0;;640;[320, 100];;;;;0.0
1747096293.4877617;2025-05-13 02:31:33.487;259.6791665815406;peak;False;;0.0;;640;[320, 100];;;;;0.0
1747096293.7943141;2025-05-13 02:31:33.794;259.95067298001635;peak;False;;0.0;;640;[320, 100];;;;;0.0
1747096294.1012728;2025-05-13 02:31:34.101;259.3730065922204;peak;False;;0.0;;640;[320, 100];;;;;0.0
1747096294.408429;2025-05-13 02:31:34.408;259.15234330305043;peak;False;;0.0;;640;[320, 100];;;;;0.0
1747096294.7148619;2025-05-13 02:31:34.714;259.61418589792436;peak;False;;0.0;;640;[320, 100];;;;;0.0
1747096295.023167;2025-05-13 02:31:35.023;259.5323324988379;peak;False;;0.0;;640;[320, 100];;;;;0.0
1747096295.3304648;2025-05-13 02:31:35.330;259.6439379128529;peak;False;;0.0;;640;[320, 100];;;;;0.0
1747096295.6385744;2025-05-13 02:31:35.638;259.65401026511705;peak;False;;0.0;;640;[320, 100];;;;;0.0
1747096295.943212;2025-05-13 02:31:35.943;259.36431603560567;peak;False;;0.0;;640;[320, 100];;;;;0.0
1747096296.2514708;2025-05-13 02:31:36.251;259.3424586099436;peak;False;;0.0;;640;[320, 100];;;;;0.0
1747096296.5606036;2025-05-13 02:31:36.560;259.457190928695;peak;False;;0.0;;640;[320, 100];;;;;0.0
1747096296.8717425;2025-05-13 02:31:36.871;259.8733008817046;peak;False;;0.0;;640;[320, 100];;;;;0.0
1747096297.1772482;2025-05-13 02:31:37.177;259.65864619123437;peak;False;;0.0;;640;[320, 100];;;;;0.0
1747096297.4944773;2025-05-13 02:31:37.494;259.61553080371044;peak;False;;0.0;;640;[320, 100];;;;;0.0
1747096297.800968;2025-05-13 02:31:37.800;259.33982415640673;peak;False;;0.0;;640;[320, 100];;;;;0.0
1747096298.1080575;2025-05-13 02:31:38.108;259.654003407155;peak;False;;0.0;;640;[320, 100];;;;;0.0
1747096298.4170845;2025-05-13 02:31:38.417;260.1420087115525;peak;False;;0.0;;640;[320, 100];;;;;0.0
1747096298.7242692;2025-05-13 02:31:38.724;259.468569831126;peak;False;;0.0;;640;[320, 100];;;;;0.0
1747096299.0322263;2025-05-13 02:31:39.032;259.9721120505391;peak;False;;0.0;;640;[320, 100];;;;;0.0
1747096299.337173;2025-05-13 02:31:39.337;259.7690113718611;peak;False;;0.0;;640;[320, 100];;;;;0.0
1747096299.6402206;2025-05-13 02:31:39.640;259.80256407252966;peak;False;;0.0;;640;[320, 100];;;;;0.0
1747096299.9526346;2025-05-13 02:31:39.952;259.8922333820496;peak;False;;0.0;;640;[320, 100];;;;;0.0
1747096300.262152;2025-05-13 02:31:40.262;259.81092422999313;peak;False;;0.0;;640;[320, 100];;;;;0.0
1747096300.56977;2025-05-13 02:31:40.569;259.5456394696024;peak;False;;0.0;;640;[320, 100];;;;;0.0
1747096300.8735542;2025-05-13 02:31:40.873;259.65458172852055;peak;False;;0.0;;640;[320, 100];;;;;0.0
1747096301.18677;2025-05-13 02:31:41.186;259.9317612174108;peak;False;;0.0;;640;[320, 100];;;;;0.0
1747096301.4978778;2025-05-13 02:31:41.497;259.43052379908335;peak;False;;0.0;;640;[320, 100];;;;;0.0
1747096301.80691;2025-05-13 02:31:41.806;260.165338412577;peak;False;;0.0;;640;[320, 100];;;;;0.0
1747096302.1157413;2025-05-13 02:31:42.115;260.0073595095607;peak;False;;0.0;;640;[320, 100];;;;;0.0
1747096302.4201303;2025-05-13 02:31:42.420;260.1522069871686;peak;False;;0.0;;640;[320, 100];;;;;0.0
1747096302.7304163;2025-05-13 02:31:42.730;259.6836152833924;peak;False;;0.0;;640;[320, 100];;;;;0.0
1747096303.0378816;2025-05-13 02:31:43.037;259.93520643455076;peak;False;;0.0;;640;[320, 100];;;;;0.0
1747096303.3454082;2025-05-13 02:31:43.345;259.9277722093081;peak;False;;0.0;;640;[320, 100];;;;;0.0
1747096303.6591673;2025-05-13 02:31:43.659;259.99080664788545;peak;False;;0.0;;640;[320, 100];;;;;0.0
1747096303.9733148;2025-05-13 02:31:43.973;260.0751741296674;peak;False;;0.0;;640;[320, 100];;;;;0.0
1747096304.2812064;2025-05-13 02:31:44.281;260.05068576940266;peak;False;;0.0;;640;[320, 100];;;;;0.0
1747096304.5909803;2025-05-13 02:31:44.590;260.3014822951508;peak;False;;0.0;;640;[320, 100];;;;;0.0
1747096304.8957577;2025-05-13 02:31:44.895;259.7565361579963;peak;False;;0.0;;640;[320, 100];;;;;0.0
1747096305.206174;2025-05-13 02:31:45.206;259.6964348110003;peak;False;;0.0;;640;[320, 100];;;;;0.0
1747096305.5168483;2025-05-13 02:31:45.516;260.1104211322658;peak;False;;0.0;;640;[320, 100];;;;;0.0
1747096305.8269935;2025-05-13 02:31:45.826;260.0970823072905;peak;False;;0.0;;640;[320, 100];;;;;0.0
1747096306.1344957;2025-05-13 02:31:46.134;260.0381446639127;peak;False;;0.0;;640;[320, 100];;;;;0.0
1747096306.4390426;2025-05-13 02:31:46.439;260.1434344023324;peak;False;;0.0;;640;[320, 100];;;;;0.0
1747096306.752046;2025-05-13 02:31:46.752;259.8039576081159;peak;False;;0.0;;640;[320, 100];;;;;0.0
1747096307.0600169;2025-05-13 02:31:47.060;260.03798115780967;peak;False;;0.0;;640;[320, 100];;;;;0.0
1747096307.367406;2025-05-13 02:31:47.367;259.82929834577556;peak;False;;0.0;;640;[320, 100];;;;;0.0
1747096307.6742713;2025-05-13 02:31:47.674;259.48478850975334;peak;False;;0.0;;640;[320, 100];;;;;0.0
1747096307.9811943;2025-05-13 02:31:47.981;260.36078248897275;peak;False;;0.0;;640;[320, 100];;;;;0.0
1747096308.2932115;2025-05-13 02:31:48.293;260.0678050425837;peak;False;;0.0;;640;[320, 100];;;;;0.0
1747096308.596112;2025-05-13 02:31:48.596;260.0651113370731;peak;False;;0.0;;640;[320, 100];;;;;0.0
1747096308.903004;2025-05-13 02:31:48.903;259.88838411888725;peak;False;;0.0;;640;[320, 100];;;;;0.0
1747096309.209621;2025-05-13 02:31:49.209;260.6004533182019;peak;False;;0.0;;640;[320, 100];;;;;0.0
1747096309.5186415;2025-05-13 02:31:49.518;260.2816439409239;peak;False;;0.0;;640;[320, 100];;;;;0.0
1747096309.8256369;2025-05-13 02:31:49.825;260.5110811586536;peak;False;;0.0;;640;[320, 100];;;;;0.0
1747096310.1364708;2025-05-13 02:31:50.136;260.05035596115147;peak;False;;0.0;;640;[320, 100];;;;;0.0
1747096310.4422743;2025-05-13 02:31:50.442;259.6827323559756;peak;False;;0.0;;640;[320, 100];;;;;0.0
1747096310.7509441;2025-05-13 02:31:50.750;260.42992798193154;peak;False;;0.0;;640;[320, 100];;;;;0.0
1747096311.0563612;2025-05-13 02:31:51.056;260.4281499185685;peak;False;;0.0;;640;[320, 100];;;;;0.0
1747096311.3645122;2025-05-13 02:31:51.364;260.0653766632104;peak;False;;0.0;;640;[320, 100];;;;;0.0
1747096311.6654963;2025-05-13 02:31:51.665;260.41429231226016;peak;False;;0.0;;640;[320, 100];;;;;0.0
1747096311.9750543;2025-05-13 02:31:51.975;259.95571979985704;peak;False;;0.0;;640;[320, 100];;;;;0.0
1747096312.2833395;2025-05-13 02:31:52.283;260.45278154021827;peak;False;;0.0;;640;[320, 100];;;;;0.0
1747096312.5937624;2025-05-13 02:31:52.593;260.17093772912295;peak;False;;0.0;;640;[320, 100];;;;;0.0
1747096312.904124;2025-05-13 02:31:52.904;260.1268344052903;peak;False;;0.0;;640;[320, 100];;;;;0.0
1747096313.2094457;2025-05-13 02:31:53.209;260.14132278123236;peak;False;;0.0;;640;[320, 100];;;;;0.0
1747096313.522314;2025-05-13 02:31:53.522;259.9877744688273;peak;False;;0.0;;640;[320, 100];;;;;0.0
1747096313.8272064;2025-05-13 02:31:53.827;260.4567607876094;peak;False;;0.0;;640;[320, 100];;;;;0.0
1747096314.132503;2025-05-13 02:31:54.132;259.9666617394567;peak;False;;0.0;;640;[320, 100];;;;;0.0
1747096314.4399428;2025-05-13 02:31:54.439;260.2411730170206;peak;False;;0.0;;640;[320, 100];;;;;0.0
1747096314.7473457;2025-05-13 02:31:54.747;260.0039469886171;peak;False;;0.0;;640;[320, 100];;;;;0.0
1747096315.0550425;2025-05-13 02:31:55.055;260.48506787626917;peak;False;;0.0;;640;[320, 100];;;;;0.0
1747096315.360491;2025-05-13 02:31:55.360;260.360727240183;peak;False;;0.0;;640;[320, 100];;;;;0.0
1747096315.668652;2025-05-13 02:31:55.668;260.0089195729903;peak;False;;0.0;;640;[320, 100];;;;;0.0
1747096315.9732444;2025-05-13 02:31:55.973;260.3454744478547;peak;False;;0.0;;640;[320, 100];;;;;0.0
1747096316.283573;2025-05-13 02:31:56.283;260.28916320303045;peak;False;;0.0;;640;[320, 100];;;;;0.0
1747096316.5881045;2025-05-13 02:31:56.588;260.22770317429297;peak;False;;0.0;;640;[320, 100];;;;;0.0
1747096316.900115;2025-05-13 02:31:56.900;260.69544060544604;peak;False;;0.0;;640;[320, 100];;;;;0.0
1747096317.2079928;2025-05-13 02:31:57.207;260.42515414965754;peak;False;;0.0;;640;[320, 100];;;;;0.0
1747096317.5133662;2025-05-13 02:31:57.513;260.1133558944624;peak;False;;0.0;;640;[320, 100];;;;;0.0
1747096317.816742;2025-05-13 02:31:57.816;260.1628041034619;peak;False;;0.0;;640;[320, 100];;;;;0.0
1747096318.1236942;2025-05-13 02:31:58.123;260.1094330717952;peak;False;;0.0;;640;[320, 100];;;;;0.0
1747096318.4303882;2025-05-13 02:31:58.430;260.67620857584035;peak;False;;0.0;;640;[320, 100];;;;;0.0
1747096318.7418456;2025-05-13 02:31:58.741;260.32176647321177;peak;False;;0.0;;640;[320, 100];;;;;0.0
1747096319.0515969;2025-05-13 02:31:59.051;260.03437462549437;peak;False;;0.0;;640;[320, 100];;;;;0.0
1747096319.3558214;2025-05-13 02:31:59.355;260.517091857308;peak;False;;0.0;;640;[320, 100];;;;;0.0
1747096319.6631618;2025-05-13 02:31:59.663;260.79948539196175;peak;False;;0.0;;640;[320, 100];;;;;0.0
1747096319.974546;2025-05-13 02:31:59.974;260.45767581223197;peak;False;;0.0;;640;[320, 100];;;;;0.0
1747096320.2829895;2025-05-13 02:32:00.282;260.5652706486234;peak;False;;0.0;;640;[320, 100];;;;;0.0
1747096320.5876052;2025-05-13 02:32:00.587;260.2064784990868;peak;False;;0.0;;640;[320, 100];;;;;0.0
1747096320.8959203;2025-05-13 02:32:00.895;260.68696037366914;peak;False;;0.0;;640;[320, 100];;;;;0.0
1747096321.2009387;2025-05-13 02:32:01.200;260.5966426980808;peak;False;;0.0;;640;[320, 100];;;;;0.0
1747096321.5082858;2025-05-13 02:32:01.508;260.53972979930825;peak;False;;0.0;;640;[320, 100];;;;;0.0
1747096321.812515;2025-05-13 02:32:01.812;260.50385952111213;peak;False;;0.0;;640;[320, 100];;;;;0.0
1747096322.1270113;2025-05-13 02:32:02.127;260.33933653426453;peak;False;;0.0;;640;[320, 100];;;;;0.0
1747096322.4349396;2025-05-13 02:32:02.434;260.47884795120274;peak;False;;0.0;;640;[320, 100];;;;;0.0
1747096322.7442415;2025-05-13 02:32:02.744;260.47196707154313;peak;False;;0.0;;640;[320, 100];;;;;0.0
1747096323.0564127;2025-05-13 02:32:03.056;260.5243780335175;peak;False;;0.0;;640;[320, 100];;;;;0.0
1747096323.3695908;2025-05-13 02:32:03.369;260.4213275362319;peak;False;;0.0;;640;[320, 100];;;;;0.0
1747096323.677861;2025-05-13 02:32:03.677;260.6759658115772;peak;False;;0.0;;640;[320, 100];;;;;0.0
1747096323.9850342;2025-05-13 02:32:03.985;260.6792121291272;peak;False;;0.0;;640;[320, 100];;;;;0.0
1747096324.2915323;2025-05-13 02:32:04.291;260.54400048072506;peak;False;;0.0;;640;[320, 100];;;;;0.0
1747096324.5989738;2025-05-13 02:32:04.598;261.02058325948605;peak;False;;0.0;;640;[320, 100];;;;;0.0
1747096324.9049926;2025-05-13 02:32:04.904;260.6880259778228;peak;False;;0.0;;640;[320, 100];;;;;0.0
1747096325.2120965;2025-05-13 02:32:05.212;260.2912703553449;peak;False;;0.0;;640;[320, 100];;;;;0.0
1747096325.5161397;2025-05-13 02:32:05.516;260.4828706611643;peak;False;;0.0;;640;[320, 100];;;;;0.0
1747096325.82309;2025-05-13 02:32:05.823;260.4990275947015;peak;False;;0.0;;640;[320, 100];;;;;0.0
1747096326.1372945;2025-05-13 02:32:06.137;260.7773875020638;peak;False;;0.0;;640;[320, 100];;;;;0.0
1747096326.44679;2025-05-13 02:32:06.446;260.46735533800046;peak;False;;0.0;;640;[320, 100];;;;;0.0
1747096326.7530093;2025-05-13 02:32:06.753;260.7968202575688;peak;False;;0.0;;640;[320, 100];;;;;0.0
1747096327.0616524;2025-05-13 02:32:07.061;260.69456103781033;peak;False;;0.0;;640;[320, 100];;;;;0.0
1747096327.3667164;2025-05-13 02:32:07.366;260.79540848615864;peak;False;;0.0;;640;[320, 100];;;;;0.0
1747096327.6761901;2025-05-13 02:32:07.676;260.4516351883891;peak;False;;0.0;;640;[320, 100];;;;;0.0
1747096327.9862878;2025-05-13 02:32:07.986;260.8530925866071;peak;False;;0.0;;640;[320, 100];;;;;0.0
1747096328.2957973;2025-05-13 02:32:08.295;260.9767685609638;peak;False;;0.0;;640;[320, 100];;;;;0.0
1747096328.60789;2025-05-13 02:32:08.607;260.5355220915999;peak;False;;0.0;;640;[320, 100];;;;;0.0
1747096328.9175086;2025-05-13 02:32:08.917;260.72690493423517;peak;False;;0.0;;640;[320, 100];;;;;0.0
1747096329.2228217;2025-05-13 02:32:09.222;260.63621973867697;peak;False;;0.0;;640;[320, 100];;;;;0.0
1747096329.5319662;2025-05-13 02:32:09.531;260.86218056772975;peak;False;;0.0;;640;[320, 100];;;;;0.0
1747096329.8399875;2025-05-13 02:32:09.839;260.7579579951676;peak;False;;0.0;;640;[320, 100];;;;;0.0
1747096330.145506;2025-05-13 02:32:10.145;260.86953866275127;peak;False;;0.0;;640;[320, 100];;;;;0.0
1747096330.4540005;2025-05-13 02:32:10.454;260.6408554273373;peak;False;;0.0;;640;[320, 100];;;;;0.0
1747096330.7604969;2025-05-13 02:32:10.760;260.8674121405751;peak;False;;0.0;;640;[320, 100];;;;;0.0
1747096331.0667098;2025-05-13 02:32:11.066;260.6262264015161;peak;False;;0.0;;640;[320, 100];;;;;0.0
1747096331.3744123;2025-05-13 02:32:11.374;260.93080052076925;peak;False;;0.0;;640;[320, 100];;;;;0.0
1747096331.6809099;2025-05-13 02:32:11.680;260.56785633024543;peak;False;;0.0;;640;[320, 100];;;;;0.0
1747096331.986672;2025-05-13 02:32:11.986;260.9975037657289;peak;False;;0.0;;640;[320, 100];;;;;0.0
1747096332.2969615;2025-05-13 02:32:12.296;260.5734142905544;peak;False;;0.0;;640;[320, 100];;;;;0.0
1747096332.6018033;2025-05-13 02:32:12.601;260.8820506748757;peak;False;;0.0;;640;[320, 100];;;;;0.0
1747096332.91854;2025-05-13 02:32:12.918;260.791350771849;peak;False;;0.0;;640;[320, 100];;;;;0.0
1747096333.230564;2025-05-13 02:32:13.230;260.7611571612173;peak;False;;0.0;;640;[320, 100];;;;;0.0
1747096333.5406525;2025-05-13 02:32:13.540;260.95466205702155;peak;False;;0.0;;640;[320, 100];;;;;0.0
1747096333.8471537;2025-05-13 02:32:13.847;260.9627712134497;peak;False;;0.0;;640;[320, 100];;;;;0.0
1747096334.1567044;2025-05-13 02:32:14.156;260.932997898568;peak;False;;0.0;;640;[320, 100];;;;;0.0
1747096334.4649866;2025-05-13 02:32:14.464;260.91787407071735;peak;False;;0.0;;640;[320, 100];;;;;0.0
1747096334.7721224;2025-05-13 02:32:14.772;260.932225093985;peak;False;;0.0;;640;[320, 100];;;;;0.0
1747096335.0812137;2025-05-13 02:32:15.081;260.7109437694791;peak;False;;0.0;;640;[320, 100];;;;;0.0
1747096335.3889802;2025-05-13 02:32:15.388;261.0809372732119;peak;False;;0.0;;640;[320, 100];;;;;0.0
1747096335.693721;2025-05-13 02:32:15.693;260.7356897952064;peak;False;;0.0;;640;[320, 100];;;;;0.0
1747096335.9999003;2025-05-13 02:32:15.999;260.7991816712768;peak;False;;0.0;;640;[320, 100];;;;;0.0
1747096336.3044713;2025-05-13 02:32:16.304;260.8704391025456;peak;False;;0.0;;640;[320, 100];;;;;0.0
1747096336.6212049;2025-05-13 02:32:16.621;261.1905486234626;peak;False;;0.0;;640;[320, 100];;;;;0.0
1747096336.9351668;2025-05-13 02:32:16.935;260.8951763014778;peak;False;;0.0;;640;[320, 100];;;;;0.0
1747096337.245639;2025-05-13 02:32:17.245;260.9191528640219;peak;False;;0.0;;640;[320, 100];;;;;0.0
1747096337.549002;2025-05-13 02:32:17.549;260.70674226214953;peak;False;;0.0;;640;[320, 100];;;;;0.0
1747096337.8527145;2025-05-13 02:32:17.852;261.34786495241354;peak;False;;0.0;;640;[320, 100];;;;;0.0
1747096338.16156;2025-05-13 02:32:18.161;260.9509776235813;peak;False;;0.0;;640;[320, 100];;;;;0.0
1747096338.4721634;2025-05-13 02:32:18.472;260.6776342695814;peak;False;;0.0;;640;[320, 100];;;;;0.0
1747096338.777953;2025-05-13 02:32:18.777;260.8504132663737;peak;False;;0.0;;640;[320, 100];;;;;0.0
1747096339.0826955;2025-05-13 02:32:19.082;260.94048661676055;peak;False;;0.0;;640;[320, 100];;;;;0.0
1747096339.39333;2025-05-13 02:32:19.393;261.10210078993816;peak;False;;0.0;;640;[320, 100];;;;;0.0
1747096339.7031121;2025-05-13 02:32:19.703;261.16900049097745;peak;False;;0.0;;640;[320, 100];;;;;0.0
1747096340.0131373;2025-05-13 02:32:20.013;260.94194103967993;peak;False;;0.0;;640;[320, 100];;;;;0.0
1747096340.3181381;2025-05-13 02:32:20.318;261.31300101410085;peak;False;;0.0;;640;[320, 100];;;;;0.0
1747096340.625863;2025-05-13 02:32:20.625;260.8089495621224;peak;False;;0.0;;640;[320, 100];;;;;0.0
1747096340.9322278;2025-05-13 02:32:20.932;261.3426446656775;peak;False;;0.0;;640;[320, 100];;;;;0.0
1747096341.2451923;2025-05-13 02:32:21.245;261.36229731995303;peak;False;;0.0;;640;[320, 100];;;;;0.0
1747096341.5512013;2025-05-13 02:32:21.551;261.0314995563443;peak;False;;0.0;;640;[320, 100];;;;;0.0
1747096341.8600361;2025-05-13 02:32:21.860;260.83014047013523;peak;False;;0.0;;640;[320, 100];;;;;0.0
1747096342.164774;2025-05-13 02:32:22.164;261.2090031729244;peak;False;;0.0;;640;[320, 100];;;;;0.0
1747096342.4852078;2025-05-13 02:32:22.485;261.31065017710273;peak;False;;0.0;;640;[320, 100];;;;;0.0
1747096342.8603978;2025-05-13 02:32:22.860;261.5433163211183;peak;False;;0.0;;640;[320, 100];;;;;0.0
1747096343.0761166;2025-05-13 02:32:23.076;261.3855730524049;peak;False;;0.0;;640;[320, 100];;;;;0.0
1747096343.3881004;2025-05-13 02:32:23.388;261.39923052400627;peak;False;;0.0;;640;[320, 100];;;;;0.0
1747096343.6936626;2025-05-13 02:32:23.693;261.2899987809651;peak;False;;0.0;;640;[320, 100];;;;;0.0
1747096344.0013266;2025-05-13 02:32:24.001;261.31324666309047;peak;False;;0.0;;640;[320, 100];;;;;0.0
1747096344.3068328;2025-05-13 02:32:24.306;260.9876094503014;peak;False;;0.0;;640;[320, 100];;;;;0.0
1747096344.6180649;2025-05-13 02:32:24.618;261.28826228495257;peak;False;;0.0;;640;[320, 100];;;;;0.0
1747096344.9262166;2025-05-13 02:32:24.926;261.1725552994702;peak;False;;0.0;;640;[320, 100];;;;;0.0
1747096345.2358196;2025-05-13 02:32:25.235;261.0792493318257;peak;False;;0.0;;640;[320, 100];;;;;0.0
1747096345.5432687;2025-05-13 02:32:25.543;260.9530991289324;peak;False;;0.0;;640;[320, 100];;;;;0.0
1747096345.8532073;2025-05-13 02:32:25.853;261.2368287845292;peak;False;;0.0;;640;[320, 100];;;;;0.0
1747096346.1600354;2025-05-13 02:32:26.160;261.1822354417945;peak;False;;0.0;;640;[320, 100];;;;;0.0
1747096346.4722614;2025-05-13 02:32:26.472;261.1893147113821;peak;False;;0.0;;640;[320, 100];;;;;0.0
1747096346.7807012;2025-05-13 02:32:26.780;261.57106560237287;peak;False;;0.0;;640;[320, 100];;;;;0.0
1747096347.0891335;2025-05-13 02:32:27.089;260.98856976830444;peak;False;;0.0;;640;[320, 100];;;;;0.0
1747096347.399925;2025-05-13 02:32:27.399;261.1605302595793;peak;False;;0.0;;640;[320, 100];;;;;0.0
1747096347.7073183;2025-05-13 02:32:27.707;260.991177236439;peak;False;;0.0;;640;[320, 100];;;;;0.0
1747096348.0165768;2025-05-13 02:32:28.016;261.2373855289776;peak;False;;0.0;;640;[320, 100];;;;;0.0
1747096348.3226962;2025-05-13 02:32:28.322;261.22799629264904;peak;False;;0.0;;640;[320, 100];;;;;0.0
1747096348.632739;2025-05-13 02:32:28.632;261.28199603218343;peak;False;;0.0;;640;[320, 100];;;;;0.0
1747096348.9445474;2025-05-13 02:32:28.944;261.2927626955553;peak;False;;0.0;;640;[320, 100];;;;;0.0
1747096349.2532704;2025-05-13 02:32:29.253;261.5060858959516;peak;False;;0.0;;640;[320, 100];;;;;0.0
1747096349.5605006;2025-05-13 02:32:29.560;261.28032821011;peak;False;;0.0;;640;[320, 100];;;;;0.0
1747096349.866198;2025-05-13 02:32:29.866;261.4526560303197;peak;False;;0.0;;640;[320, 100];;;;;0.0
1747096350.1709511;2025-05-13 02:32:30.170;261.2382328227005;peak;False;;0.0;;640;[320, 100];;;;;0.0
1747096350.4852703;2025-05-13 02:32:30.485;261.3349757450149;peak;False;;0.0;;640;[320, 100];;;;;0.0
1747096350.7911985;2025-05-13 02:32:30.791;261.36183137214067;peak;False;;0.0;;640;[320, 100];;;;;0.0
1747096351.0963938;2025-05-13 02:32:31.096;261.48587836056487;peak;False;;0.0;;640;[320, 100];;;;;0.0
1747096351.40445;2025-05-13 02:32:31.404;261.4881799294888;peak;False;;0.0;;640;[320, 100];;;;;0.0
1747096351.7085197;2025-05-13 02:32:31.708;261.79640566516827;peak;False;;0.0;;640;[320, 100];;;;;0.0
1747096352.0120442;2025-05-13 02:32:32.012;261.4263175025719;peak;False;;0.0;;640;[320, 100];;;;;0.0
1747096352.3199685;2025-05-13 02:32:32.319;261.536393611075;peak;False;;0.0;;640;[320, 100];;;;;0.0
1747096352.6279454;2025-05-13 02:32:32.627;261.4880947947314;peak;False;;0.0;;640;[320, 100];;;;;0.0
1747096352.9353945;2025-05-13 02:32:32.935;261.66056823871963;peak;False;;0.0;;640;[320, 100];;;;;0.0
1747096353.2431428;2025-05-13 02:32:33.243;261.4714561416531;peak;False;;0.0;;640;[320, 100];;;;;0.0
1747096353.5525656;2025-05-13 02:32:33.552;262.06358796453196;peak;False;;0.0;;640;[320, 100];;;;;0.0
1747096353.8560076;2025-05-13 02:32:33.856;261.92009652334804;peak;False;;0.0;;640;[320, 100];;;;;0.0
1747096354.1646159;2025-05-13 02:32:34.164;261.65266572029253;peak;False;;0.0;;640;[320, 100];;;;;0.0
1747096354.4669986;2025-05-13 02:32:34.466;261.4505885396456;peak;False;;0.0;;640;[320, 100];;;;;0.0
1747096354.7744775;2025-05-13 02:32:34.774;261.60428536198253;peak;False;;0.0;;640;[320, 100];;;;;0.0
1747096355.0820198;2025-05-13 02:32:35.082;261.85689313770996;peak;False;;0.0;;640;[320, 100];;;;;0.0
1747096355.390436;2025-05-13 02:32:35.390;261.4463743261222;peak;False;;0.0;;640;[320, 100];;;;;0.0
1747096355.7035313;2025-05-13 02:32:35.703;261.29481121327586;peak;False;;0.0;;640;[320, 100];;;;;0.0
1747096356.0115628;2025-05-13 02:32:36.011;261.8564386786669;peak;False;;0.0;;640;[320, 100];;;;;0.0
1747096356.324152;2025-05-13 02:32:36.324;261.78874165127183;peak;False;;0.0;;640;[320, 100];;;;;0.0
1747096356.6295602;2025-05-13 02:32:36.629;261.52137718275696;peak;False;;0.0;;640;[320, 100];;;;;0.0
1747096356.9409158;2025-05-13 02:32:36.940;261.53851985676033;peak;False;;0.0;;640;[320, 100];;;;;0.0
1747096357.2462456;2025-05-13 02:32:37.246;261.5280610924152;peak;False;;0.0;;640;[320, 100];;;;;0.0
1747096357.554271;2025-05-13 02:32:37.554;261.709032241785;peak;False;;0.0;;640;[320, 100];;;;;0.0
1747096357.8625157;2025-05-13 02:32:37.862;261.7570562595618;peak;False;;0.0;;640;[320, 100];;;;;0.0
1747096358.1701255;2025-05-13 02:32:38.170;261.73542623017414;peak;False;;0.0;;640;[320, 100];;;;;0.0
1747096358.477104;2025-05-13 02:32:38.477;261.578135929308;peak;False;;0.0;;640;[320, 100];;;;;0.0
1747096358.7831645;2025-05-13 02:32:38.783;261.6335614813811;peak;False;;0.0;;640;[320, 100];;;;;0.0
1747096359.0917428;2025-05-13 02:32:39.091;261.35292638710615;peak;False;;0.0;;640;[320, 100];;;;;0.0
1747096359.4013762;2025-05-13 02:32:39.401;261.4826853258;peak;False;;0.0;;640;[320, 100];;;;;0.0
1747096359.7094457;2025-05-13 02:32:39.709;261.49815968570806;peak;False;;0.0;;640;[320, 100];;;;;0.0
1747096360.016856;2025-05-13 02:32:40.016;261.2693511521117;peak;False;;0.0;;640;[320, 100];;;;;0.0
1747096360.3282225;2025-05-13 02:32:40.328;261.66109546206326;peak;False;;0.0;;640;[320, 100];;;;;0.0
1747096360.6406288;2025-05-13 02:32:40.640;261.43715862347995;peak;False;;0.0;;640;[320, 100];;;;;0.0
1747096360.9479058;2025-05-13 02:32:40.947;261.72451835498777;peak;False;;0.0;;640;[320, 100];;;;;0.0
1747096361.257368;2025-05-13 02:32:41.257;261.80457373910417;peak;False;;0.0;;640;[320, 100];;;;;0.0
1747096361.5604157;2025-05-13 02:32:41.560;261.48082083344514;peak;False;;0.0;;640;[320, 100];;;;;0.0
1747096361.8681602;2025-05-13 02:32:41.868;261.9439689510103;peak;False;;0.0;;640;[320, 100];;;;;0.0
1747096362.1749094;2025-05-13 02:32:42.174;261.75690602217117;peak;False;;0.0;;640;[320, 100];;;;;0.0
1747096362.479747;2025-05-13 02:32:42.479;261.5931745363928;peak;False;;0.0;;640;[320, 100];;;;;0.0
1747096362.788169;2025-05-13 02:32:42.788;261.71868457199247;peak;False;;0.0;;640;[320, 100];;;;;0.0
1747096363.0995855;2025-05-13 02:32:43.099;262.0834312343358;peak;False;;0.0;;640;[320, 100];;;;;0.0
1747096363.4105003;2025-05-13 02:32:43.410;262.1829791150779;peak;False;;0.0;;640;[320, 100];;;;;0.0
1747096363.7176092;2025-05-13 02:32:43.717;261.67117534047213;peak;False;;0.0;;640;[320, 100];;;;;0.0
1747096364.022615;2025-05-13 02:32:44.022;261.9967646844989;peak;False;;0.0;;640;[320, 100];;;;;0.0
1747096364.3321524;2025-05-13 02:32:44.332;262.13364015231014;peak;False;;0.0;;640;[320, 100];;;;;0.0
1747096364.6369832;2025-05-13 02:32:44.636;261.7993008758589;peak;False;;0.0;;640;[320, 100];;;;;0.0
1747096364.9459891;2025-05-13 02:32:44.945;261.85403510198864;peak;False;;0.0;;640;[320, 100];;;;;0.0
1747096365.2490392;2025-05-13 02:32:45.249;261.7051445962284;peak;False;;0.0;;640;[320, 100];;;;;0.0
1747096365.5526526;2025-05-13 02:32:45.552;261.96848872744044;peak;False;;0.0;;640;[320, 100];;;;;0.0
1747096365.865274;2025-05-13 02:32:45.865;262.192230228707;peak;False;;0.0;;640;[320, 100];;;;;0.0
1747096366.1672947;2025-05-13 02:32:46.167;261.81645011180274;peak;False;;0.0;;640;[320, 100];;;;;0.0
1747096366.476581;2025-05-13 02:32:46.476;262.0277776054879;peak;False;;0.0;;640;[320, 100];;;;;0.0
1747096366.7812166;2025-05-13 02:32:46.781;261.70443863354456;peak;False;;0.0;;640;[320, 100];;;;;0.0
1747096367.0887322;2025-05-13 02:32:47.088;261.88897564681554;peak;False;;0.0;;640;[320, 100];;;;;0.0
1747096367.3966384;2025-05-13 02:32:47.396;261.95076969881353;peak;False;;0.0;;640;[320, 100];;;;;0.0
1747096367.7018967;2025-05-13 02:32:47.701;261.9242037843146;peak;False;;0.0;;640;[320, 100];;;;;0.0
1747096368.0106506;2025-05-13 02:32:48.010;261.92885781993266;peak;False;;0.0;;640;[320, 100];;;;;0.0
1747096368.3207524;2025-05-13 02:32:48.320;262.362584252659;peak;False;;0.0;;640;[320, 100];;;;;0.0
1747096368.628633;2025-05-13 02:32:48.628;261.6940710513682;peak;False;;0.0;;640;[320, 100];;;;;0.0
1747096368.9380558;2025-05-13 02:32:48.938;262.05866764725175;peak;False;;0.0;;640;[320, 100];;;;;0.0
1747096369.2464776;2025-05-13 02:32:49.246;262.02205406183293;peak;False;;0.0;;640;[320, 100];;;;;0.0
1747096369.5601864;2025-05-13 02:32:49.560;261.8661638081239;peak;False;;0.0;;640;[320, 100];;;;;0.0
1747096369.8680363;2025-05-13 02:32:49.868;262.33923016599135;peak;False;;0.0;;640;[320, 100];;;;;0.0
1747096370.1788142;2025-05-13 02:32:50.178;262.0217057607165;peak;False;;0.0;;640;[320, 100];;;;;0.0
1747096370.4869566;2025-05-13 02:32:50.486;261.8441164294131;peak;False;;0.0;;640;[320, 100];;;;;0.0
1747096370.7969716;2025-05-13 02:32:50.796;262.3568053031881;peak;False;;0.0;;640;[320, 100];;;;;0.0
1747096371.105218;2025-05-13 02:32:51.105;262.1577932583141;peak;False;;0.0;;640;[320, 100];;;;;0.0
1747096371.4125333;2025-05-13 02:32:51.412;262.12166626033985;peak;False;;0.0;;640;[320, 100];;;;;0.0
1747096371.7195003;2025-05-13 02:32:51.719;261.99417105593176;peak;False;;0.0;;640;[320, 100];;;;;0.0
1747096372.026225;2025-05-13 02:32:52.026;261.9208523494247;peak;False;;0.0;;640;[320, 100];;;;;0.0
1747096372.3288136;2025-05-13 02:32:52.328;262.0157219857408;peak;False;;0.0;;640;[320, 100];;;;;0.0
1747096372.6327028;2025-05-13 02:32:52.632;262.4588586709149;peak;False;;0.0;;640;[320, 100];;;;;0.0
1747096372.938507;2025-05-13 02:32:52.938;262.40366932631815;peak;False;;0.0;;640;[320, 100];;;;;0.0
1747096373.2516868;2025-05-13 02:32:53.251;261.7831987431265;peak;False;;0.0;;640;[320, 100];;;;;0.0
1747096373.557049;2025-05-13 02:32:53.557;261.88789979792347;peak;False;;0.0;;640;[320, 100];;;;;0.0
1747096373.8638937;2025-05-13 02:32:53.863;262.3927470979588;peak;False;;0.0;;640;[320, 100];;;;;0.0
1747096374.1704893;2025-05-13 02:32:54.170;262.29827656518734;peak;False;;0.0;;640;[320, 100];;;;;0.0
1747096374.4759917;2025-05-13 02:32:54.475;262.25864792878434;peak;False;;0.0;;640;[320, 100];;;;;0.0
1747096374.7864072;2025-05-13 02:32:54.786;262.5666262155472;peak;False;;0.0;;640;[320, 100];;;;;0.0
1747096375.0935724;2025-05-13 02:32:55.093;262.09052497261376;peak;False;;0.0;;640;[320, 100];;;;;0.0
1747096375.403479;2025-05-13 02:32:55.403;262.11586949170925;peak;False;;0.0;;640;[320, 100];;;;;0.0
1747096375.7097256;2025-05-13 02:32:55.709;262.01499768696993;peak;False;;0.0;;640;[320, 100];;;;;0.0
1747096376.0169156;2025-05-13 02:32:56.016;262.0335578437008;peak;False;;0.0;;640;[320, 100];;;;;0.0
1747096376.3218064;2025-05-13 02:32:56.321;262.29222160112766;peak;False;;0.0;;640;[320, 100];;;;;0.0
1747096376.6309521;2025-05-13 02:32:56.630;262.43675367994047;peak;False;;0.0;;640;[320, 100];;;;;0.0
1747096376.9374812;2025-05-13 02:32:56.937;262.66473108816706;peak;False;;0.0;;640;[320, 100];;;;;0.0
1747096377.2460928;2025-05-13 02:32:57.246;262.09944804323663;peak;False;;0.0;;640;[320, 100];;;;;0.0
1747096377.5529633;2025-05-13 02:32:57.552;262.4272108112465;peak;False;;0.0;;640;[320, 100];;;;;0.0
1747096377.8605762;2025-05-13 02:32:57.860;262.13232900915983;peak;False;;0.0;;640;[320, 100];;;;;0.0
1747096378.169805;2025-05-13 02:32:58.169;262.2766190614981;peak;False;;0.0;;640;[320, 100];;;;;0.0
1747096378.4790108;2025-05-13 02:32:58.479;262.3624582834834;peak;False;;0.0;;640;[320, 100];;;;;0.0
1747096378.7883408;2025-05-13 02:32:58.788;262.0039388000253;peak;False;;0.0;;640;[320, 100];;;;;0.0
1747096379.0951307;2025-05-13 02:32:59.095;262.38517928037766;peak;False;;0.0;;640;[320, 100];;;;;0.0
1747096379.4015634;2025-05-13 02:32:59.401;262.5616459789298;peak;False;;0.0;;640;[320, 100];;;;;0.0
1747096379.7085752;2025-05-13 02:32:59.708;262.6192074089529;peak;False;;0.0;;640;[320, 100];;;;;0.0
1747096380.0208342;2025-05-13 02:33:00.020;262.16787637410357;peak;False;;0.0;;640;[320, 100];;;;;0.0
1747096380.326525;2025-05-13 02:33:00.326;262.3179004103037;peak;False;;0.0;;640;[320, 100];;;;;0.0
1747096380.6371317;2025-05-13 02:33:00.637;262.31473706412163;peak;False;;0.0;;640;[320, 100];;;;;0.0
1747096380.941597;2025-05-13 02:33:00.941;261.8904701031445;peak;False;;0.0;;640;[320, 100];;;;;0.0
1747096381.2480757;2025-05-13 02:33:01.248;262.27280174767884;peak;False;;0.0;;640;[320, 100];;;;;0.0
1747096381.556522;2025-05-13 02:33:01.556;262.18382478775567;peak;False;;0.0;;640;[320, 100];;;;;0.0
1747096381.8602583;2025-05-13 02:33:01.860;262.50112012407527;peak;False;;0.0;;640;[320, 100];;;;;0.0
1747096382.1700556;2025-05-13 02:33:02.170;262.7620885217606;peak;False;;0.0;;640;[320, 100];;;;;0.0
1747096382.4734886;2025-05-13 02:33:02.473;262.61326957017485;peak;False;;0.0;;640;[320, 100];;;;;0.0
1747096382.7823648;2025-05-13 02:33:02.782;262.5768817447569;peak;False;;0.0;;640;[320, 100];;;;;0.0
1747096383.0927305;2025-05-13 02:33:03.092;262.3797859786349;peak;False;;0.0;;640;[320, 100];;;;;0.0
1747096383.3974009;2025-05-13 02:33:03.397;262.44815574777607;peak;False;;0.0;;640;[320, 100];;;;;0.0
1747096383.7030127;2025-05-13 02:33:03.703;262.3841085247681;peak;False;;0.0;;640;[320, 100];;;;;0.0
1747096384.0137684;2025-05-13 02:33:04.013;262.6914264111246;peak;False;;0.0;;640;[320, 100];;;;;0.0
1747096384.323143;2025-05-13 02:33:04.323;262.4215189730632;peak;False;;0.0;;640;[320, 100];;;;;0.0
1747096384.6290493;2025-05-13 02:33:04.629;262.45202981344926;peak;False;;0.0;;640;[320, 100];;;;;0.0
1747096384.9355156;2025-05-13 02:33:04.935;262.2875162785063;peak;False;;0.0;;640;[320, 100];;;;;0.0
1747096385.2488642;2025-05-13 02:33:05.248;262.3693667524276;peak;False;;0.0;;640;[320, 100];;;;;0.0
1747096385.5541193;2025-05-13 02:33:05.554;262.1551389978835;peak;False;;0.0;;640;[320, 100];;;;;0.0
1747096385.8601985;2025-05-13 02:33:05.860;262.53438283358656;peak;False;;0.0;;640;[320, 100];;;;;0.0
1747096386.167278;2025-05-13 02:33:06.167;262.60375011393137;peak;False;;0.0;;640;[320, 100];;;;;0.0
1747096386.4718816;2025-05-13 02:33:06.471;262.7609311802451;peak;False;;0.0;;640;[320, 100];;;;;0.0
1747096386.7768333;2025-05-13 02:33:06.776;262.38698842126524;peak;False;;0.0;;640;[320, 100];;;;;0.0
1747096387.0804935;2025-05-13 02:33:07.080;262.62067159241286;peak;False;;0.0;;640;[320, 100];;;;;0.0
1747096387.3868892;2025-05-13 02:33:07.386;262.58661863037605;peak;False;;0.0;;640;[320, 100];;;;;0.0
1747096387.6950543;2025-05-13 02:33:07.695;262.1953854045416;peak;False;;0.0;;640;[320, 100];;;;;0.0
1747096388.0049403;2025-05-13 02:33:08.004;262.80225011968724;peak;False;;0.0;;640;[320, 100];;;;;0.0
1747096388.3105502;2025-05-13 02:33:08.310;262.6546712718605;peak;False;;0.0;;640;[320, 100];;;;;0.0
1747096388.616678;2025-05-13 02:33:08.616;262.3821445468268;peak;False;;0.0;;640;[320, 100];;;;;0.0
1747096388.9286397;2025-05-13 02:33:08.928;262.49028805940105;peak;False;;0.0;;640;[320, 100];;;;;0.0
1747096389.2365706;2025-05-13 02:33:09.236;262.59666806874174;peak;False;;0.0;;640;[320, 100];;;;;0.0
1747096389.5446339;2025-05-13 02:33:09.544;262.81508213041315;peak;False;;0.0;;640;[320, 100];;;;;0.0
1747096389.848477;2025-05-13 02:33:09.848;262.3318173021095;peak;False;;0.0;;640;[320, 100];;;;;0.0
1747096390.154119;2025-05-13 02:33:10.154;262.7162178440453;peak;False;;0.0;;640;[320, 100];;;;;0.0
1747096390.4594872;2025-05-13 02:33:10.459;262.6084093543507;peak;False;;0.0;;640;[320, 100];;;;;0.0
1747096390.7651203;2025-05-13 02:33:10.765;262.85525123351124;peak;False;;0.0;;640;[320, 100];;;;;0.0
1747096391.0710733;2025-05-13 02:33:11.071;262.5556223114935;peak;False;;0.0;;640;[320, 100];;;;;0.0
1747096391.3782244;2025-05-13 02:33:11.378;262.15318527594223;peak;False;;0.0;;640;[320, 100];;;;;0.0
1747096391.68597;2025-05-13 02:33:11.685;262.63678172039545;peak;False;;0.0;;640;[320, 100];;;;;0.0
1747096391.993087;2025-05-13 02:33:11.993;262.80662796060665;peak;False;;0.0;;640;[320, 100];;;;;0.0
1747096392.298586;2025-05-13 02:33:12.298;262.59120147299706;peak;False;;0.0;;640;[320, 100];;;;;0.0
1747096392.6039593;2025-05-13 02:33:12.603;262.72137202655534;peak;False;;0.0;;640;[320, 100];;;;;0.0
1747096392.9117537;2025-05-13 02:33:12.911;262.91977934632325;peak;False;;0.0;;640;[320, 100];;;;;0.0
1747096393.2194214;2025-05-13 02:33:13.219;262.91238915712074;peak;False;;0.0;;640;[320, 100];;;;;0.0
1747096393.5276198;2025-05-13 02:33:13.527;262.77223701641935;peak;False;;0.0;;640;[320, 100];;;;;0.0
1747096393.8347561;2025-05-13 02:33:13.834;262.7348612817363;peak;False;;0.0;;640;[320, 100];;;;;0.0
1747096394.1421475;2025-05-13 02:33:14.142;262.0558815542647;peak;False;;0.0;;640;[320, 100];;;;;0.0
1747096394.446678;2025-05-13 02:33:14.446;262.85991912324914;peak;False;;0.0;;640;[320, 100];;;;;0.0
1747096394.7594283;2025-05-13 02:33:14.759;262.7673860911271;peak;False;;0.0;;640;[320, 100];;;;;0.0
1747096395.068102;2025-05-13 02:33:15.068;262.6030758493306;peak;False;;0.0;;640;[320, 100];;;;;0.0
1747096395.3766477;2025-05-13 02:33:15.376;262.7384502036925;peak;False;;0.0;;640;[320, 100];;;;;0.0
1747096395.6857738;2025-05-13 02:33:15.685;262.80235000576727;peak;False;;0.0;;640;[320, 100];;;;;0.0
1747096395.9934802;2025-05-13 02:33:15.993;262.73215603584606;peak;False;;0.0;;640;[320, 100];;;;;0.0
1747096396.3014517;2025-05-13 02:33:16.301;262.85794405077746;peak;False;;0.0;;640;[320, 100];;;;;0.0
1747096396.6059322;2025-05-13 02:33:16.605;262.7277690412372;peak;False;;0.0;;640;[320, 100];;;;;0.0
1747096396.9121337;2025-05-13 02:33:16.912;262.68553735626307;peak;False;;0.0;;640;[320, 100];;;;;0.0
1747096397.2172627;2025-05-13 02:33:17.217;262.4952054472566;peak;False;;0.0;;640;[320, 100];;;;;0.0
1747096397.5261533;2025-05-13 02:33:17.526;262.8828554406173;peak;False;;0.0;;640;[320, 100];;;;;0.0
1747096397.8282652;2025-05-13 02:33:17.828;262.7196740104359;peak;False;;0.0;;640;[320, 100];;;;;0.0
1747096398.1387522;2025-05-13 02:33:18.138;262.7301568276158;peak;False;;0.0;;640;[320, 100];;;;;0.0
1747096398.445127;2025-05-13 02:33:18.445;262.91629710243507;peak;False;;0.0;;640;[320, 100];;;;;0.0
1747096398.7495968;2025-05-13 02:33:18.749;262.4494622994673;peak;False;;0.0;;640;[320, 100];;;;;0.0
1747096399.0560377;2025-05-13 02:33:19.056;263.11851754184175;peak;False;;0.0;;640;[320, 100];;;;;0.0
1747096399.3639228;2025-05-13 02:33:19.363;263.0909408853386;peak;False;;0.0;;640;[320, 100];;;;;0.0
1747096399.6775105;2025-05-13 02:33:19.677;262.611419301154;peak;False;;0.0;;640;[320, 100];;;;;0.0
1747096399.9807713;2025-05-13 02:33:19.980;262.9477657665543;peak;False;;0.0;;640;[320, 100];;;;;0.0
1747096400.2863498;2025-05-13 02:33:20.286;262.72618002371263;peak;False;;0.0;;640;[320, 100];;;;;0.0
1747096400.59415;2025-05-13 02:33:20.594;263.24557696772695;peak;False;;0.0;;640;[320, 100];;;;;0.0
1747096400.9001966;2025-05-13 02:33:20.900;262.605894555827;peak;False;;0.0;;640;[320, 100];;;;;0.0
1747096401.2089787;2025-05-13 02:33:21.208;263.0831481848112;peak;False;;0.0;;640;[320, 100];;;;;0.0
1747096401.515849;2025-05-13 02:33:21.515;262.92701708042677;peak;False;;0.0;;640;[320, 100];;;;;0.0
1747096401.8281682;2025-05-13 02:33:21.828;263.19927290791674;peak;False;;0.0;;640;[320, 100];;;;;0.0
1747096402.1361842;2025-05-13 02:33:22.136;262.85322979388167;peak;False;;0.0;;640;[320, 100];;;;;0.0
1747096402.4425206;2025-05-13 02:33:22.442;263.02446675031365;peak;False;;0.0;;640;[320, 100];;;;;0.0
1747096402.7598317;2025-05-13 02:33:22.759;263.19182083029864;peak;False;;0.0;;640;[320, 100];;;;;0.0
1747096403.0947967;2025-05-13 02:33:23.094;263.2664162315888;peak;False;;0.0;;640;[320, 100];;;;;0.0
1747096403.4560478;2025-05-13 02:33:23.456;263.17483467942185;peak;False;;0.0;;640;[320, 100];;;;;0.0
1747096403.7658038;2025-05-13 02:33:23.765;263.01735092459074;peak;False;;0.0;;640;[320, 100];;;;;0.0
1747096404.074802;2025-05-13 02:33:24.074;263.0087477751021;peak;False;;0.0;;640;[320, 100];;;;;0.0
1747096404.3870864;2025-05-13 02:33:24.387;263.16360103970504;peak;False;;0.0;;640;[320, 100];;;;;0.0
1747096404.697573;2025-05-13 02:33:24.697;262.7672070314823;peak;False;;0.0;;640;[320, 100];;;;;0.0
1747096405.009655;2025-05-13 02:33:25.009;263.1163854004547;peak;False;;0.0;;640;[320, 100];;;;;0.0
1747096405.3233943;2025-05-13 02:33:25.323;263.2404652799958;peak;False;;0.0;;640;[320, 100];;;;;0.0
1747096405.6285086;2025-05-13 02:33:25.628;263.13062921700924;peak;False;;0.0;;640;[320, 100];;;;;0.0
1747096405.940313;2025-05-13 02:33:25.940;263.23566681484164;peak;False;;0.0;;640;[320, 100];;;;;0.0
1747096406.2466588;2025-05-13 02:33:26.246;263.3723026421999;peak;False;;0.0;;640;[320, 100];;;;;0.0
1747096406.5520344;2025-05-13 02:33:26.552;263.2210805832694;peak;False;;0.0;;640;[320, 100];;;;;0.0
1747096406.8667202;2025-05-13 02:33:26.866;263.2621600364284;peak;False;;0.0;;640;[320, 100];;;;;0.0
1747096407.1736479;2025-05-13 02:33:27.173;263.59223032315504;peak;False;;0.0;;640;[320, 100];;;;;0.0
1747096407.47955;2025-05-13 02:33:27.479;263.1533519626884;peak;False;;0.0;;640;[320, 100];;;;;0.0
1747096407.7921906;2025-05-13 02:33:27.792;263.2676576240349;peak;False;;0.0;;640;[320, 100];;;;;0.0
1747096408.0984426;2025-05-13 02:33:28.098;263.08849809440244;peak;False;;0.0;;640;[320, 100];;;;;0.0
1747096408.4073188;2025-05-13 02:33:28.407;263.38942213001746;peak;False;;0.0;;640;[320, 100];;;;;0.0
1747096408.7113125;2025-05-13 02:33:28.711;263.3055387865983;peak;False;;0.0;;640;[320, 100];;;;;0.0
1747096409.01707;2025-05-13 02:33:29.017;263.38525108219943;peak;False;;0.0;;640;[320, 100];;;;;0.0
1747096409.3253443;2025-05-13 02:33:29.325;263.11956198056254;peak;False;;0.0;;640;[320, 100];;;;;0.0
1747096409.632515;2025-05-13 02:33:29.632;262.90676922673896;peak;False;;0.0;;640;[320, 100];;;;;0.0
1747096409.9387178;2025-05-13 02:33:29.938;263.2426080497984;peak;False;;0.0;;640;[320, 100];;;;;0.0
1747096410.2480812;2025-05-13 02:33:30.248;263.32920169259586;peak;False;;0.0;;640;[320, 100];;;;;0.0
1747096410.556661;2025-05-13 02:33:30.556;262.90827864570286;peak;False;;0.0;;640;[320, 100];;;;;0.0
1747096410.8684323;2025-05-13 02:33:30.868;263.20066933266986;peak;False;;0.0;;640;[320, 100];;;;;0.0
1747096411.1790888;2025-05-13 02:33:31.179;263.0206482209226;peak;False;;0.0;;640;[320, 100];;;;;0.0
1747096411.4881206;2025-05-13 02:33:31.488;262.9010300044783;peak;False;;0.0;;640;[320, 100];;;;;0.0
1747096411.7933154;2025-05-13 02:33:31.793;263.5788163451003;peak;False;;0.0;;640;[320, 100];;;;;0.0
1747096412.1022341;2025-05-13 02:33:32.102;263.5056291058623;peak;False;;0.0;;640;[320, 100];;;;;0.0
1747096412.4103715;2025-05-13 02:33:32.410;263.16347828559645;peak;False;;0.0;;640;[320, 100];;;;;0.0
1747096412.7163672;2025-05-13 02:33:32.716;263.20106757772317;peak;False;;0.0;;640;[320, 100];;;;;0.0
1747096413.0205543;2025-05-13 02:33:33.020;263.3798082986505;peak;False;;0.0;;640;[320, 100];;;;;0.0
1747096413.3256686;2025-05-13 02:33:33.325;263.1486700443319;peak;False;;0.0;;640;[320, 100];;;;;0.0
1747096413.6328778;2025-05-13 02:33:33.632;263.3094113169413;peak;False;;0.0;;640;[320, 100];;;;;0.0
1747096413.9458072;2025-05-13 02:33:33.945;263.3937920901188;peak;False;;0.0;;640;[320, 100];;;;;0.0
1747096414.2561991;2025-05-13 02:33:34.256;263.16656088807855;peak;False;;0.0;;640;[320, 100];;;;;0.0
1747096414.5623786;2025-05-13 02:33:34.562;263.29712876869837;peak;False;;0.0;;640;[320, 100];;;;;0.0
1747096414.866898;2025-05-13 02:33:34.866;263.3918850806452;peak;False;;0.0;;640;[320, 100];;;;;0.0
1747096415.172551;2025-05-13 02:33:35.172;263.381438392385;peak;False;;0.0;;640;[320, 100];;;;;0.0
1747096415.4836423;2025-05-13 02:33:35.483;263.21148414446213;peak;False;;0.0;;640;[320, 100];;;;;0.0
1747096415.7913702;2025-05-13 02:33:35.791;263.45715253161853;peak;False;;0.0;;640;[320, 100];;;;;0.0
1747096416.0990095;2025-05-13 02:33:36.099;263.44746365242565;peak;False;;0.0;;640;[320, 100];;;;;0.0
1747096416.408944;2025-05-13 02:33:36.408;263.30396575033797;peak;False;;0.0;;640;[320, 100];;;;;0.0
1747096416.7124586;2025-05-13 02:33:36.712;263.47630304828397;peak;False;;0.0;;640;[320, 100];;;;;0.0
1747096417.0209253;2025-05-13 02:33:37.020;263.29555053875293;peak;False;;0.0;;640;[320, 100];;;;;0.0
1747096417.3290584;2025-05-13 02:33:37.329;263.9757193948455;peak;False;;0.0;;640;[320, 100];;;;;0.0
1747096417.6542542;2025-05-13 02:33:37.654;263.5379864095544;peak;False;;0.0;;640;[320, 100];;;;;0.0
1747096418.0175595;2025-05-13 02:33:38.017;263.33304864215654;peak;False;;0.0;;640;[320, 100];;;;;0.0
1747096418.32782;2025-05-13 02:33:38.327;263.48572302671835;peak;False;;0.0;;640;[320, 100];;;;;0.0
1747096418.6416204;2025-05-13 02:33:38.641;263.20590904804567;peak;False;;0.0;;640;[320, 100];;;;;0.0
1747096418.947721;2025-05-13 02:33:38.947;263.55158538979;peak;False;;0.0;;640;[320, 100];;;;;0.0
1747096419.2599437;2025-05-13 02:33:39.259;263.78138048745797;peak;False;;0.0;;640;[320, 100];;;;;0.0
1747096419.5668373;2025-05-13 02:33:39.566;263.2948377537413;peak;False;;0.0;;640;[320, 100];;;;;0.0
1747096419.8727758;2025-05-13 02:33:39.872;263.55750595321905;peak;False;;0.0;;640;[320, 100];;;;;0.0
1747096420.178552;2025-05-13 02:33:40.178;263.5315516686949;peak;False;;0.0;;640;[320, 100];;;;;0.0
1747096420.485919;2025-05-13 02:33:40.485;263.69123491225037;peak;False;;0.0;;640;[320, 100];;;;;0.0
1747096420.7956042;2025-05-13 02:33:40.795;263.60435681748316;peak;False;;0.0;;640;[320, 100];;;;;0.0
1747096421.1038785;2025-05-13 02:33:41.103;263.4978864444231;peak;False;;0.0;;640;[320, 100];;;;;0.0
1747096421.40962;2025-05-13 02:33:41.409;263.3657105452487;peak;False;;0.0;;640;[320, 100];;;;;0.0
1747096421.7202048;2025-05-13 02:33:41.720;263.41339636769106;peak;False;;0.0;;640;[320, 100];;;;;0.0
1747096422.0242102;2025-05-13 02:33:42.024;263.25029236474614;peak;False;;0.0;;640;[320, 100];;;;;0.0
1747096422.3285952;2025-05-13 02:33:42.328;263.44545454545454;peak;False;;0.0;;640;[320, 100];;;;;0.0
1747096422.6358888;2025-05-13 02:33:42.635;263.42330450929853;peak;False;;0.0;;640;[320, 100];;;;;0.0
1747096422.9428213;2025-05-13 02:33:42.942;263.6855120288089;peak;False;;0.0;;640;[320, 100];;;;;0.0
1747096423.251152;2025-05-13 02:33:43.251;263.3489322089585;peak;False;;0.0;;640;[320, 100];;;;;0.0
1747096423.558066;2025-05-13 02:33:43.558;263.69318436976437;peak;False;;0.0;;640;[320, 100];;;;;0.0
1747096423.8659413;2025-05-13 02:33:43.865;263.8086570010728;peak;False;;0.0;;640;[320, 100];;;;;0.0
1747096424.1769934;2025-05-13 02:33:44.176;264.24187836843583;peak;False;;0.0;;640;[320, 100];;;;;0.0
1747096424.4852295;2025-05-13 02:33:44.485;263.5204301151612;peak;False;;0.0;;640;[320, 100];;;;;0.0
1747096424.797212;2025-05-13 02:33:44.797;263.9302857784235;peak;False;;0.0;;640;[320, 100];;;;;0.0
1747096425.1080039;2025-05-13 02:33:45.108;263.73643232960177;peak;False;;0.0;;640;[320, 100];;;;;0.0
1747096425.4162073;2025-05-13 02:33:45.416;263.8636657689058;peak;False;;0.0;;640;[320, 100];;;;;0.0
1747096425.719913;2025-05-13 02:33:45.719;263.6898195596136;peak;False;;0.0;;640;[320, 100];;;;;0.0
1747096426.0277681;2025-05-13 02:33:46.027;263.667360433709;peak;False;;0.0;;640;[320, 100];;;;;0.0
1747096426.3358746;2025-05-13 02:33:46.335;263.3588358313001;peak;False;;0.0;;640;[320, 100];;;;;0.0
1747096426.641462;2025-05-13 02:33:46.641;263.76443520676645;peak;False;;0.0;;640;[320, 100];;;;;0.0
1747096426.9499874;2025-05-13 02:33:46.949;263.87189498153657;peak;False;;0.0;;640;[320, 100];;;;;0.0
1747096427.256473;2025-05-13 02:33:47.256;263.82637513751376;peak;False;;0.0;;640;[320, 100];;;;;0.0
1747096427.5596917;2025-05-13 02:33:47.559;263.38973096339663;peak;False;;0.0;;640;[320, 100];;;;;0.0
1747096427.8739276;2025-05-13 02:33:47.873;263.867888316508;peak;False;;0.0;;640;[320, 100];;;;;0.0
1747096428.182116;2025-05-13 02:33:48.182;263.5801095062777;peak;False;;0.0;;640;[320, 100];;;;;0.0
1747096428.4895198;2025-05-13 02:33:48.489;263.79450736959785;peak;False;;0.0;;640;[320, 100];;;;;0.0
1747096428.8034208;2025-05-13 02:33:48.803;263.58425768410683;peak;False;;0.0;;640;[320, 100];;;;;0.0
1747096429.112509;2025-05-13 02:33:49.112;263.82702172264595;peak;False;;0.0;;640;[320, 100];;;;;0.0
1747096429.4195921;2025-05-13 02:33:49.419;264.1225122779719;peak;False;;0.0;;640;[320, 100];;;;;0.0
1747096429.7311513;2025-05-13 02:33:49.731;263.4210896151661;peak;False;;0.0;;640;[320, 100];;;;;0.0
1747096430.038471;2025-05-13 02:33:50.038;263.4635903466964;peak;False;;0.0;;640;[320, 100];;;;;0.0
1747096430.3504674;2025-05-13 02:33:50.350;263.8493926170539;peak;False;;0.0;;640;[320, 100];;;;;0.0
1747096430.6631284;2025-05-13 02:33:50.663;263.7116337268994;peak;False;;0.0;;640;[320, 100];;;;;0.0
1747096430.9732647;2025-05-13 02:33:50.973;263.75373125073634;peak;False;;0.0;;640;[320, 100];;;;;0.0
1747096431.2803333;2025-05-13 02:33:51.280;263.8886517353994;peak;False;;0.0;;640;[320, 100];;;;;0.0
1747096431.5882742;2025-05-13 02:33:51.588;264.03054737964305;peak;False;;0.0;;640;[320, 100];;;;;0.0
1747096431.8993838;2025-05-13 02:33:51.899;263.7826206896552;peak;False;;0.0;;640;[320, 100];;;;;0.0
1747096432.2008069;2025-05-13 02:33:52.200;264.3785905097629;peak;False;;0.0;;640;[320, 100];;;;;0.0
1747096432.5096087;2025-05-13 02:33:52.509;263.80917572744744;peak;False;;0.0;;640;[320, 100];;;;;0.0
1747096432.8137233;2025-05-13 02:33:52.813;263.96815539768494;peak;False;;0.0;;640;[320, 100];;;;;0.0
1747096433.118172;2025-05-13 02:33:53.118;264.170708182289;peak;False;;0.0;;640;[320, 100];;;;;0.0
1747096433.4266906;2025-05-13 02:33:53.426;263.87219902015903;peak;False;;0.0;;640;[320, 100];;;;;0.0
1747096433.7315445;2025-05-13 02:33:53.731;263.7716716996494;peak;False;;0.0;;640;[320, 100];;;;;0.0
1747096434.039004;2025-05-13 02:33:54.039;264.2101399098592;peak;False;;0.0;;640;[320, 100];;;;;0.0
1747096434.3481915;2025-05-13 02:33:54.348;263.9370971141198;peak;False;;0.0;;640;[320, 100];;;;;0.0
1747096434.6533632;2025-05-13 02:33:54.653;263.71824174814014;peak;False;;0.0;;640;[320, 100];;;;;0.0
1747096434.9581401;2025-05-13 02:33:54.958;263.8688464188359;peak;False;;0.0;;640;[320, 100];;;;;0.0
1747096435.266442;2025-05-13 02:33:55.266;264.03771025501896;peak;False;;0.0;;640;[320, 100];;;;;0.0
1747096435.5763338;2025-05-13 02:33:55.576;264.1698654291127;peak;False;;0.0;;640;[320, 100];;;;;0.0
1747096435.8848264;2025-05-13 02:33:55.884;263.8257379504177;peak;False;;0.0;;640;[320, 100];;;;;0.0
1747096436.192246;2025-05-13 02:33:56.192;264.1847888179885;peak;False;;0.0;;640;[320, 100];;;;;0.0
1747096436.5017388;2025-05-13 02:33:56.501;264.31745343528956;peak;False;;0.0;;640;[320, 100];;;;;0.0
1747096436.8070562;2025-05-13 02:33:56.807;264.1645136143438;peak;False;;0.0;;640;[320, 100];;;;;0.0
1747096437.111895;2025-05-13 02:33:57.111;264.31208312878414;peak;False;;0.0;;640;[320, 100];;;;;0.0
1747096437.426022;2025-05-13 02:33:57.426;264.0762101637554;peak;False;;0.0;;640;[320, 100];;;;;0.0
1747096437.74051;2025-05-13 02:33:57.740;264.3127890460387;peak;False;;0.0;;640;[320, 100];;;;;0.0
1747096438.0462203;2025-05-13 02:33:58.046;264.5122194726512;peak;False;;0.0;;640;[320, 100];;;;;0.0
1747096438.3505113;2025-05-13 02:33:58.350;264.52538566545525;peak;False;;0.0;;640;[320, 100];;;;;0.0
1747096438.6597428;2025-05-13 02:33:58.659;263.93998883211157;peak;False;;0.0;;640;[320, 100];;;;;0.0
1747096438.9710045;2025-05-13 02:33:58.971;264.03193222838723;peak;False;;0.0;;640;[320, 100];;;;;0.0
1747096439.346327;2025-05-13 02:33:59.346;264.11785158469405;peak;False;;0.0;;640;[320, 100];;;;;0.0
1747096439.5609064;2025-05-13 02:33:59.560;264.0536162553877;peak;False;;0.0;;640;[320, 100];;;;;0.0
1747096439.874096;2025-05-13 02:33:59.874;264.2698466958616;peak;False;;0.0;;640;[320, 100];;;;;0.0
1747096440.1768317;2025-05-13 02:34:00.176;264.08367592123295;peak;False;;0.0;;640;[320, 100];;;;;0.0
1747096440.4853454;2025-05-13 02:34:00.485;264.3203174859093;peak;False;;0.0;;640;[320, 100];;;;;0.0
1747096440.798257;2025-05-13 02:34:00.798;264.1809421683728;peak;False;;0.0;;640;[320, 100];;;;;0.0
1747096441.1048203;2025-05-13 02:34:01.104;264.26196628036024;peak;False;;0.0;;640;[320, 100];;;;;0.0
1747096441.4124794;2025-05-13 02:34:01.412;264.1275520317146;peak;False;;0.0;;640;[320, 100];;;;;0.0
1747096441.720671;2025-05-13 02:34:01.720;263.99341287926603;peak;False;;0.0;;640;[320, 100];;;;;0.0
1747096442.0302446;2025-05-13 02:34:02.030;263.9773789322543;peak;False;;0.0;;640;[320, 100];;;;;0.0
1747096442.3350198;2025-05-13 02:34:02.335;264.1079910356971;peak;False;;0.0;;640;[320, 100];;;;;0.0
1747096442.6466978;2025-05-13 02:34:02.646;263.94099184126526;peak;False;;0.0;;640;[320, 100];;;;;0.0
1747096442.9567168;2025-05-13 02:34:02.956;263.9427873405475;peak;False;;0.0;;640;[320, 100];;;;;0.0
1747096443.2604904;2025-05-13 02:34:03.260;264.3779330404666;peak;False;;0.0;;640;[320, 100];;;;;0.0
1747096443.5664613;2025-05-13 02:34:03.566;264.17777223301994;peak;False;;0.0;;640;[320, 100];;;;;0.0
1747096443.8704185;2025-05-13 02:34:03.870;264.20300141427896;peak;False;;0.0;;640;[320, 100];;;;;0.0
1747096444.1761224;2025-05-13 02:34:04.176;264.0803297030638;peak;False;;0.0;;640;[320, 100];;;;;0.0
1747096444.4793046;2025-05-13 02:34:04.479;264.1510726803061;peak;False;;0.0;;640;[320, 100];;;;;0.0
1747096444.7923198;2025-05-13 02:34:04.792;264.5272092198148;peak;False;;0.0;;640;[320, 100];;;;;0.0
1747096445.1015108;2025-05-13 02:34:05.101;264.45158584170355;peak;False;;0.0;;640;[320, 100];;;;;0.0
1747096445.406926;2025-05-13 02:34:05.406;264.27421762740966;peak;False;;0.0;;640;[320, 100];;;;;0.0
1747096445.7133532;2025-05-13 02:34:05.713;264.6512763212153;peak;False;;0.0;;640;[320, 100];;;;;0.0
1747096446.016785;2025-05-13 02:34:06.016;264.226400387556;peak;False;;0.0;;640;[320, 100];;;;;0.0
1747096446.3249068;2025-05-13 02:34:06.324;264.1308338855605;peak;False;;0.0;;640;[320, 100];;;;;0.0
1747096446.6361752;2025-05-13 02:34:06.636;264.378239141531;peak;False;;0.0;;640;[320, 100];;;;;0.0
1747096446.9403243;2025-05-13 02:34:06.940;264.3769945688102;peak;False;;0.0;;640;[320, 100];;;;;0.0
1747096447.2437866;2025-05-13 02:34:07.243;264.14699321620236;peak;False;;0.0;;640;[320, 100];;;;;0.0
1747096447.5542843;2025-05-13 02:34:07.554;264.32593328038126;peak;False;;0.0;;640;[320, 100];;;;;0.0
1747096447.861217;2025-05-13 02:34:07.861;264.1311436188393;peak;False;;0.0;;640;[320, 100];;;;;0.0
1747096448.1695294;2025-05-13 02:34:08.169;264.03819688633325;peak;False;;0.0;;640;[320, 100];;;;;0.0
1747096448.4751465;2025-05-13 02:34:08.475;264.24744711769233;peak;False;;0.0;;640;[320, 100];;;;;0.0
1747096448.7788932;2025-05-13 02:34:08.778;264.58237317497213;peak;False;;0.0;;640;[320, 100];;;;;0.0
1747096449.085256;2025-05-13 02:34:09.085;264.2796919536277;peak;False;;0.0;;640;[320, 100];;;;;0.0
1747096449.3922815;2025-05-13 02:34:09.392;264.2023072806824;peak;False;;0.0;;640;[320, 100];;;;;0.0
1747096449.6991322;2025-05-13 02:34:09.699;264.1927187408788;peak;False;;0.0;;640;[320, 100];;;;;0.0
1747096450.002699;2025-05-13 02:34:10.002;264.31449004393755;peak;False;;0.0;;640;[320, 100];;;;;0.0
1747096450.311563;2025-05-13 02:34:10.311;264.4038745090265;peak;False;;0.0;;640;[320, 100];;;;;0.0
1747096450.619045;2025-05-13 02:34:10.619;264.17915135433424;peak;False;;0.0;;640;[320, 100];;;;;0.0
1747096450.9242132;2025-05-13 02:34:10.924;264.60251534448105;peak;False;;0.0;;640;[320, 100];;;;;0.0
1747096451.2312236;2025-05-13 02:34:11.231;264.33159702750424;peak;False;;0.0;;640;[320, 100];;;;;0.0
1747096451.5358784;2025-05-13 02:34:11.535;264.5733948426064;peak;False;;0.0;;640;[320, 100];;;;;0.0
1747096451.8410661;2025-05-13 02:34:11.841;264.31600333929936;peak;False;;0.0;;640;[320, 100];;;;;0.0
1747096452.153627;2025-05-13 02:34:12.153;264.56242851320616;peak;False;;0.0;;640;[320, 100];;;;;0.0
1747096452.4625318;2025-05-13 02:34:12.462;264.79534025541767;peak;False;;0.0;;640;[320, 100];;;;;0.0
1747096452.7675881;2025-05-13 02:34:12.767;264.57878508973766;peak;False;;0.0;;640;[320, 100];;;;;0.0
1747096453.084345;2025-05-13 02:34:13.084;264.3687570712785;peak;False;;0.0;;640;[320, 100];;;;;0.0
1747096453.400853;2025-05-13 02:34:13.400;264.3165154404255;peak;False;;0.0;;640;[320, 100];;;;;0.0
1747096453.7099352;2025-05-13 02:34:13.709;264.79362152645604;peak;False;;0.0;;640;[320, 100];;;;;0.0
1747096454.0229268;2025-05-13 02:34:14.022;264.86793572845136;peak;False;;0.0;;640;[320, 100];;;;;0.0
1747096454.329982;2025-05-13 02:34:14.329;264.62661447416673;peak;False;;0.0;;640;[320, 100];;;;;0.0
1747096454.6367548;2025-05-13 02:34:14.636;264.75082242758384;peak;False;;0.0;;640;[320, 100];;;;;0.0
1747096454.9459074;2025-05-13 02:34:14.945;264.26846771090175;peak;False;;0.0;;640;[320, 100];;;;;0.0
1747096455.2491643;2025-05-13 02:34:15.249;264.4708775765147;peak;False;;0.0;;640;[320, 100];;;;;0.0
1747096455.5589845;2025-05-13 02:34:15.558;264.07030778139614;peak;False;;0.0;;640;[320, 100];;;;;0.0
1747096455.8636723;2025-05-13 02:34:15.863;264.49743394599835;peak;False;;0.0;;640;[320, 100];;;;;0.0
1747096456.1723692;2025-05-13 02:34:16.172;264.29463564687245;peak;False;;0.0;;640;[320, 100];;;;;0.0
1747096456.4811902;2025-05-13 02:34:16.481;264.96674978150224;peak;False;;0.0;;640;[320, 100];;;;;0.0
1747096456.7904317;2025-05-13 02:34:16.790;264.73823611698106;peak;False;;0.0;;640;[320, 100];;;;;0.0
1747096457.0969017;2025-05-13 02:34:17.096;264.3390948332872;peak;False;;0.0;;640;[320, 100];;;;;0.0
1747096457.4025016;2025-05-13 02:34:17.402;264.66319787701536;peak;False;;0.0;;640;[320, 100];;;;;0.0
1747096457.7087138;2025-05-13 02:34:17.708;264.84627847136187;peak;False;;0.0;;640;[320, 100];;;;;0.0
1747096458.0175405;2025-05-13 02:34:18.017;264.59334691106585;peak;False;;0.0;;640;[320, 100];;;;;0.0
1747096458.323458;2025-05-13 02:34:18.323;264.96146206287705;peak;False;;0.0;;640;[320, 100];;;;;0.0
1747096458.6286664;2025-05-13 02:34:18.628;264.4863399189054;peak;False;;0.0;;640;[320, 100];;;;;0.0
1747096458.9427605;2025-05-13 02:34:18.942;265.00260936519703;peak;False;;0.0;;640;[320, 100];;;;;0.0
1747096459.2587576;2025-05-13 02:34:19.258;264.6487842372349;peak;False;;0.0;;640;[320, 100];;;;;0.0
1747096459.638112;2025-05-13 02:34:19.638;264.63897130283306;peak;False;;0.0;;640;[320, 100];;;;;0.0
1747096459.8500786;2025-05-13 02:34:19.850;264.53062579274217;peak;False;;0.0;;640;[320, 100];;;;;0.0
1747096460.1604152;2025-05-13 02:34:20.160;264.58556751590754;peak;False;;0.0;;640;[320, 100];;;;;0.0
1747096460.464285;2025-05-13 02:34:20.464;264.5606261739933;peak;False;;0.0;;640;[320, 100];;;;;0.0
1747096460.773639;2025-05-13 02:34:20.773;264.7330117006329;peak;False;;0.0;;640;[320, 100];;;;;0.0
1747096461.0865664;2025-05-13 02:34:21.086;264.490728772234;peak;False;;0.0;;640;[320, 100];;;;;0.0
1747096461.3933916;2025-05-13 02:34:21.393;264.83294943379843;peak;False;;0.0;;640;[320, 100];;;;;0.0
1747096461.700345;2025-05-13 02:34:21.700;264.7130641685817;peak;False;;0.0;;640;[320, 100];;;;;0.0
1747096462.014316;2025-05-13 02:34:22.014;264.7089671035325;peak;False;;0.0;;640;[320, 100];;;;;0.0
1747096462.3232875;2025-05-13 02:34:22.323;264.5349008490461;peak;False;;0.0;;640;[320, 100];;;;;0.0
1747096462.6301525;2025-05-13 02:34:22.630;264.84664280448914;peak;False;;0.0;;640;[320, 100];;;;;0.0
1747096462.9383345;2025-05-13 02:34:22.938;264.8857191911988;peak;False;;0.0;;640;[320, 100];;;;;0.0
1747096463.2464573;2025-05-13 02:34:23.246;265.14966577462667;peak;False;;0.0;;640;[320, 100];;;;;0.0
1747096463.5561247;2025-05-13 02:34:23.556;264.75087965445556;peak;False;;0.0;;640;[320, 100];;;;;0.0
1747096463.8647811;2025-05-13 02:34:23.864;264.6588726934582;peak;False;;0.0;;640;[320, 100];;;;;0.0
1747096464.1678867;2025-05-13 02:34:24.167;264.885058162856;peak;False;;0.0;;640;[320, 100];;;;;0.0
1747096464.4810274;2025-05-13 02:34:24.481;264.7183224363653;peak;False;;0.0;;640;[320, 100];;;;;0.0
1747096464.7881336;2025-05-13 02:34:24.788;264.5600057057723;peak;False;;0.0;;640;[320, 100];;;;;0.0
1747096465.0931153;2025-05-13 02:34:25.093;265.2811403921358;peak;False;;0.0;;640;[320, 100];;;;;0.0
1747096465.4001849;2025-05-13 02:34:25.400;264.83020475093633;peak;False;;0.0;;640;[320, 100];;;;;0.0
1747096465.7066884;2025-05-13 02:34:25.706;264.5041205099878;peak;False;;0.0;;640;[320, 100];;;;;0.0
1747096466.017927;2025-05-13 02:34:26.017;264.8681312341342;peak;False;;0.0;;640;[320, 100];;;;;0.0
1747096466.3277705;2025-05-13 02:34:26.327;265.0934282486456;peak;False;;0.0;;640;[320, 100];;;;;0.0
1747096466.6398542;2025-05-13 02:34:26.639;265.29296462181065;peak;False;;0.0;;640;[320, 100];;;;;0.0
1747096466.9466166;2025-05-13 02:34:26.946;265.14194173184774;peak;False;;0.0;;640;[320, 100];;;;;0.0
1747096467.258348;2025-05-13 02:34:27.258;265.1602581172667;peak;False;;0.0;;640;[320, 100];;;;;0.0
1747096467.5674088;2025-05-13 02:34:27.567;265.02030969067624;peak;False;;0.0;;640;[320, 100];;;;;0.0
1747096467.872285;2025-05-13 02:34:27.872;264.85545302103026;peak;False;;0.0;;640;[320, 100];;;;;0.0
1747096468.1788027;2025-05-13 02:34:28.178;264.6836981575067;peak;False;;0.0;;640;[320, 100];;;;;0.0
1747096468.485353;2025-05-13 02:34:28.485;264.87021603469606;peak;False;;0.0;;640;[320, 100];;;;;0.0
1747096468.7915118;2025-05-13 02:34:28.791;265.4708302383632;peak;False;;0.0;;640;[320, 100];;;;;0.0
1747096469.0993114;2025-05-13 02:34:29.099;265.05389025059935;peak;False;;0.0;;640;[320, 100];;;;;0.0
1747096469.4017735;2025-05-13 02:34:29.401;264.8279698823282;peak;False;;0.0;;640;[320, 100];;;;;0.0
1747096469.7120018;2025-05-13 02:34:29.712;264.9604502981017;peak;False;;0.0;;640;[320, 100];;;;;0.0
1747096470.0230384;2025-05-13 02:34:30.023;265.14847315614327;peak;False;;0.0;;640;[320, 100];;;;;0.0
1747096470.3302655;2025-05-13 02:34:30.330;265.2274134899004;peak;False;;0.0;;640;[320, 100];;;;;0.0
1747096470.6340957;2025-05-13 02:34:30.634;264.6929378698031;peak;False;;0.0;;640;[320, 100];;;;;0.0
1747096470.9442668;2025-05-13 02:34:30.944;264.62042245053374;peak;False;;0.0;;640;[320, 100];;;;;0.0
1747096471.2542639;2025-05-13 02:34:31.254;265.4245755819491;peak;False;;0.0;;640;[320, 100];;;;;0.0
1747096471.5662687;2025-05-13 02:34:31.566;265.3275323844555;peak;False;;0.0;;640;[320, 100];;;;;0.0
1747096471.8712893;2025-05-13 02:34:31.871;265.2287604355187;peak;False;;0.0;;640;[320, 100];;;;;0.0
1747096472.1796813;2025-05-13 02:34:32.179;265.1838903889659;peak;False;;0.0;;640;[320, 100];;;;;0.0
1747096472.4927413;2025-05-13 02:34:32.492;265.30903829409453;peak;False;;0.0;;640;[320, 100];;;;;0.0
1747096472.7985077;2025-05-13 02:34:32.798;265.11482771831135;peak;False;;0.0;;640;[320, 100];;;;;0.0
1747096473.1051905;2025-05-13 02:34:33.105;265.1048030116181;peak;False;;0.0;;640;[320, 100];;;;;0.0
1747096473.4116797;2025-05-13 02:34:33.411;265.0756007230397;peak;False;;0.0;;640;[320, 100];;;;;0.0
1747096473.71946;2025-05-13 02:34:33.719;264.941622335802;peak;False;;0.0;;640;[320, 100];;;;;0.0
1747096474.031279;2025-05-13 02:34:34.031;265.03519655399356;peak;False;;0.0;;640;[320, 100];;;;;0.0
1747096474.3363318;2025-05-13 02:34:34.336;265.1627330586267;peak;False;;0.0;;640;[320, 100];;;;;0.0
1747096474.642822;2025-05-13 02:34:34.642;265.293860160283;peak;False;;0.0;;640;[320, 100];;;;;0.0
1747096474.9532764;2025-05-13 02:34:34.953;265.1270246586363;peak;False;;0.0;;640;[320, 100];;;;;0.0
1747096475.2594733;2025-05-13 02:34:35.259;264.95763407515506;peak;False;;0.0;;640;[320, 100];;;;;0.0
1747096475.5656652;2025-05-13 02:34:35.565;264.9482667355645;peak;False;;0.0;;640;[320, 100];;;;;0.0
1747096475.8740962;2025-05-13 02:34:35.874;265.0296036036622;peak;False;;0.0;;640;[320, 100];;;;;0.0
1747096476.182077;2025-05-13 02:34:36.182;265.0439400023139;peak;False;;0.0;;640;[320, 100];;;;;0.0
1747096476.4921637;2025-05-13 02:34:36.492;265.303509273662;peak;False;;0.0;;640;[320, 100];;;;;0.0
1747096476.794979;2025-05-13 02:34:36.794;265.33329561233415;peak;False;;0.0;;640;[320, 100];;;;;0.0
1747096477.099999;2025-05-13 02:34:37.099;265.0607470406313;peak;False;;0.0;;640;[320, 100];;;;;0.0
1747096477.4057367;2025-05-13 02:34:37.405;264.854478722349;peak;False;;0.0;;640;[320, 100];;;;;0.0
1747096477.7148697;2025-05-13 02:34:37.714;264.57429910201523;peak;False;;0.0;;640;[320, 100];;;;;0.0
1747096478.0227969;2025-05-13 02:34:38.022;265.4002536216902;peak;False;;0.0;;640;[320, 100];;;;;0.0
1747096478.3318;2025-05-13 02:34:38.331;265.3208073329808;peak;False;;0.0;;640;[320, 100];;;;;0.0
1747096478.6406968;2025-05-13 02:34:38.640;265.01491856842534;peak;False;;0.0;;640;[320, 100];;;;;0.0
1747096478.947697;2025-05-13 02:34:38.947;265.40056815345133;peak;False;;0.0;;640;[320, 100];;;;;0.0
1747096479.2536252;2025-05-13 02:34:39.253;265.35390504853405;peak;False;;0.0;;640;[320, 100];;;;;0.0
1747096479.5630097;2025-05-13 02:34:39.563;265.04001356597365;peak;False;;0.0;;640;[320, 100];;;;;0.0
1747096479.8740284;2025-05-13 02:34:39.874;265.37841191066997;peak;False;;0.0;;640;[320, 100];;;;;0.0
1747096480.182324;2025-05-13 02:34:40.182;265.07751093788806;peak;False;;0.0;;640;[320, 100];;;;;0.0
1747096480.4888866;2025-05-13 02:34:40.488;265.3587069607668;peak;False;;0.0;;640;[320, 100];;;;;0.0
1747096480.7978802;2025-05-13 02:34:40.797;265.3160959023743;peak;False;;0.0;;640;[320, 100];;;;;0.0
1747096481.1056426;2025-05-13 02:34:41.105;265.3767208408237;peak;False;;0.0;;640;[320, 100];;;;;0.0
1747096481.4140613;2025-05-13 02:34:41.414;265.3704360541412;peak;False;;0.0;;640;[320, 100];;;;;0.0
1747096481.725624;2025-05-13 02:34:41.725;265.5962125960281;peak;False;;0.0;;640;[320, 100];;;;;0.0
1747096482.0300298;2025-05-13 02:34:42.030;264.9062176935247;peak;False;;0.0;;640;[320, 100];;;;;0.0
1747096482.338877;2025-05-13 02:34:42.338;265.24578991020877;peak;False;;0.0;;640;[320, 100];;;;;0.0
1747096482.6434522;2025-05-13 02:34:42.643;265.45099684104287;peak;False;;0.0;;640;[320, 100];;;;;0.0
1747096482.954857;2025-05-13 02:34:42.954;264.9661562784169;peak;False;;0.0;;640;[320, 100];;;;;0.0
1747096483.2668664;2025-05-13 02:34:43.266;265.4689978139484;peak;False;;0.0;;640;[320, 100];;;;;0.0
1747096483.5758073;2025-05-13 02:34:43.575;265.34154175588867;peak;False;;0.0;;640;[320, 100];;;;;0.0
1747096483.8852868;2025-05-13 02:34:43.885;265.10382039670895;peak;False;;0.0;;640;[320, 100];;;;;0.0
1747096484.1987236;2025-05-13 02:34:44.198;265.597947272869;peak;False;;0.0;;640;[320, 100];;;;;0.0
1747096484.5112176;2025-05-13 02:34:44.511;265.3689807967593;peak;False;;0.0;;640;[320, 100];;;;;0.0
1747096484.8160586;2025-05-13 02:34:44.816;265.33355908756863;peak;False;;0.0;;640;[320, 100];;;;;0.0
1747096485.1222143;2025-05-13 02:34:45.122;265.47031132439963;peak;False;;0.0;;640;[320, 100];;;;;0.0
1747096485.434297;2025-05-13 02:34:45.434;265.57970339783554;peak;False;;0.0;;640;[320, 100];;;;;0.0
1747096485.74182;2025-05-13 02:34:45.741;265.53501583100194;peak;False;;0.0;;640;[320, 100];;;;;0.0
1747096486.0494328;2025-05-13 02:34:46.049;265.45491748545265;peak;False;;0.0;;640;[320, 100];;;;;0.0
1747096486.3530455;2025-05-13 02:34:46.353;265.4364537550929;peak;False;;0.0;;640;[320, 100];;;;;0.0
1747096486.662931;2025-05-13 02:34:46.662;265.77199339214155;peak;False;;0.0;;640;[320, 100];;;;;0.0
1747096486.969963;2025-05-13 02:34:46.969;265.85523555915415;peak;False;;0.0;;640;[320, 100];;;;;0.0
1747096487.2760231;2025-05-13 02:34:47.276;265.506007111222;peak;False;;0.0;;640;[320, 100];;;;;0.0
1747096487.5822132;2025-05-13 02:34:47.582;265.6340681511555;peak;False;;0.0;;640;[320, 100];;;;;0.0
1747096487.8882933;2025-05-13 02:34:47.888;265.54331974985905;peak;False;;0.0;;640;[320, 100];;;;;0.0
1747096488.197774;2025-05-13 02:34:48.197;265.4633206415564;peak;False;;0.0;;640;[320, 100];;;;;0.0
1747096488.5041802;2025-05-13 02:34:48.504;265.60966258851846;peak;False;;0.0;;640;[320, 100];;;;;0.0
1747096488.8119576;2025-05-13 02:34:48.811;265.40596202396836;peak;False;;0.0;;640;[320, 100];;;;;0.0
1747096489.1183517;2025-05-13 02:34:49.118;265.49277392859597;peak;False;;0.0;;640;[320, 100];;;;;0.0
1747096489.4252734;2025-05-13 02:34:49.425;265.4231167516195;peak;False;;0.0;;640;[320, 100];;;;;0.0
1747096489.7281911;2025-05-13 02:34:49.728;265.31001419139875;peak;False;;0.0;;640;[320, 100];;;;;0.0
1747096490.0352895;2025-05-13 02:34:50.035;265.7245453880849;peak;False;;0.0;;640;[320, 100];;;;;0.0
1747096490.3418145;2025-05-13 02:34:50.341;265.7867737637328;peak;False;;0.0;;640;[320, 100];;;;;0.0
1747096490.6491876;2025-05-13 02:34:50.649;265.62218892163315;peak;False;;0.0;;640;[320, 100];;;;;0.0
1747096490.9533844;2025-05-13 02:34:50.953;265.39088448221594;peak;False;;0.0;;640;[320, 100];;;;;0.0
1747096491.260833;2025-05-13 02:34:51.260;265.5389198964391;peak;False;;0.0;;640;[320, 100];;;;;0.0
1747096491.5664783;2025-05-13 02:34:51.566;265.3241032540253;peak;False;;0.0;;640;[320, 100];;;;;0.0
1747096491.8769615;2025-05-13 02:34:51.876;265.34159478582995;peak;False;;0.0;;640;[320, 100];;;;;0.0
1747096492.183964;2025-05-13 02:34:52.183;265.2512166437992;peak;False;;0.0;;640;[320, 100];;;;;0.0
1747096492.4903781;2025-05-13 02:34:52.490;265.4628566883657;peak;False;;0.0;;640;[320, 100];;;;;0.0
1747096492.7947187;2025-05-13 02:34:52.794;265.1634063458528;peak;False;;0.0;;640;[320, 100];;;;;0.0
1747096493.0981007;2025-05-13 02:34:53.098;265.5147188932679;peak;False;;0.0;;640;[320, 100];;;;;0.0
1747096493.4025826;2025-05-13 02:34:53.402;265.8578038202725;peak;False;;0.0;;640;[320, 100];;;;;0.0
1747096493.7155862;2025-05-13 02:34:53.715;265.70399229773824;peak;False;;0.0;;640;[320, 100];;;;;0.0
1747096494.021211;2025-05-13 02:34:54.021;265.79826874338875;peak;False;;0.0;;640;[320, 100];;;;;0.0
1747096494.3337355;2025-05-13 02:34:54.333;265.4541995107366;peak;False;;0.0;;640;[320, 100];;;;;0.0
1747096494.643139;2025-05-13 02:34:54.643;265.53889091762744;peak;False;;0.0;;640;[320, 100];;;;;0.0
1747096494.9497397;2025-05-13 02:34:54.949;265.74242711172224;peak;False;;0.0;;640;[320, 100];;;;;0.0
1747096495.254792;2025-05-13 02:34:55.254;265.5499151522631;peak;False;;0.0;;640;[320, 100];;;;;0.0
1747096495.5680053;2025-05-13 02:34:55.568;265.84578363356053;peak;False;;0.0;;640;[320, 100];;;;;0.0
1747096495.874186;2025-05-13 02:34:55.874;265.92073775592564;peak;False;;0.0;;640;[320, 100];;;;;0.0
1747096496.190093;2025-05-13 02:34:56.190;265.15843303080305;peak;False;;0.0;;640;[320, 100];;;;;0.0
1747096496.5012455;2025-05-13 02:34:56.501;265.8917170095616;peak;False;;0.0;;640;[320, 100];;;;;0.0
1747096496.812626;2025-05-13 02:34:56.812;265.4380844165243;peak;False;;0.0;;640;[320, 100];;;;;0.0
1747096497.121041;2025-05-13 02:34:57.121;265.8026043622214;peak;False;;0.0;;640;[320, 100];;;;;0.0
1747096497.428007;2025-05-13 02:34:57.428;265.89390420705024;peak;False;;0.0;;640;[320, 100];;;;;0.0
1747096497.7369153;2025-05-13 02:34:57.736;265.7928419052958;peak;False;;0.0;;640;[320, 100];;;;;0.0
1747096498.0415964;2025-05-13 02:34:58.041;265.38312062476246;peak;False;;0.0;;640;[320, 100];;;;;0.0
1747096498.3467095;2025-05-13 02:34:58.346;265.363295835287;peak;False;;0.0;;640;[320, 100];;;;;0.0
1747096498.6539283;2025-05-13 02:34:58.653;265.6212441533498;peak;False;;0.0;;640;[320, 100];;;;;0.0
1747096498.9555945;2025-05-13 02:34:58.955;265.72981291943165;peak;False;;0.0;;640;[320, 100];;;;;0.0
1747096499.2627795;2025-05-13 02:34:59.262;265.6542118934168;peak;False;;0.0;;640;[320, 100];;;;;0.0
1747096499.5729449;2025-05-13 02:34:59.572;265.89500671294314;peak;False;;0.0;;640;[320, 100];;;;;0.0
1747096499.882699;2025-05-13 02:34:59.882;265.7491096067316;peak;False;;0.0;;640;[320, 100];;;;;0.0
1747096500.1865218;2025-05-13 02:35:00.186;265.90238759564016;peak;False;;0.0;;640;[320, 100];;;;;0.0
1747096500.4971018;2025-05-13 02:35:00.497;265.82468658734103;peak;False;;0.0;;640;[320, 100];;;;;0.0
1747096500.809131;2025-05-13 02:35:00.809;265.6080067694847;peak;False;;0.0;;640;[320, 100];;;;;0.0
1747096501.1837952;2025-05-13 02:35:01.183;265.7383487513255;peak;False;;0.0;;640;[320, 100];;;;;0.0
1747096501.3969584;2025-05-13 02:35:01.396;266.0128568657006;peak;False;;0.0;;640;[320, 100];;;;;0.0
1747096501.7059643;2025-05-13 02:35:01.705;265.897956233823;peak;False;;0.0;;640;[320, 100];;;;;0.0
1747096502.0173774;2025-05-13 02:35:02.017;265.57525011434717;peak;False;;0.0;;640;[320, 100];;;;;0.0
1747096502.3230908;2025-05-13 02:35:02.323;265.86091189550865;peak;False;;0.0;;640;[320, 100];;;;;0.0
1747096502.632576;2025-05-13 02:35:02.632;266.0956557532772;peak;False;;0.0;;640;[320, 100];;;;;0.0
1747096502.944466;2025-05-13 02:35:02.944;265.7973636689527;peak;False;;0.0;;640;[320, 100];;;;;0.0
1747096503.2489083;2025-05-13 02:35:03.248;266.12344042358376;peak;False;;0.0;;640;[320, 100];;;;;0.0
1747096503.5601573;2025-05-13 02:35:03.560;266.02839445304744;peak;False;;0.0;;640;[320, 100];;;;;0.0
1747096503.8679762;2025-05-13 02:35:03.867;266.03386618093845;peak;False;;0.0;;640;[320, 100];;;;;0.0
1747096504.178352;2025-05-13 02:35:04.178;265.95796766442044;peak;False;;0.0;;640;[320, 100];;;;;0.0
1747096504.4801748;2025-05-13 02:35:04.480;266.0712687644342;peak;False;;0.0;;640;[320, 100];;;;;0.0
1747096504.793741;2025-05-13 02:35:04.793;265.8378740717844;peak;False;;0.0;;640;[320, 100];;;;;0.0
1747096505.0973387;2025-05-13 02:35:05.097;265.66401364526354;peak;False;;0.0;;640;[320, 100];;;;;0.0
1747096505.414363;2025-05-13 02:35:05.414;266.17920957915396;peak;False;;0.0;;640;[320, 100];;;;;0.0
1747096505.7188768;2025-05-13 02:35:05.718;266.0380932253761;peak;False;;0.0;;640;[320, 100];;;;;0.0
1747096506.026039;2025-05-13 02:35:06.026;266.2899160984194;peak;False;;0.0;;640;[320, 100];;;;;0.0
1747096506.3338094;2025-05-13 02:35:06.333;265.96640131956394;peak;False;;0.0;;640;[320, 100];;;;;0.0
1747096506.637538;2025-05-13 02:35:06.637;266.125040108686;peak;False;;0.0;;640;[320, 100];;;;;0.0
1747096506.9474113;2025-05-13 02:35:06.947;266.1026981450253;peak;False;;0.0;;640;[320, 100];;;;;0.0
1747096507.2562392;2025-05-13 02:35:07.256;265.7544953228344;peak;False;;0.0;;640;[320, 100];;;;;0.0
1747096507.5595055;2025-05-13 02:35:07.559;265.813221715824;peak;False;;0.0;;640;[320, 100];;;;;0.0
1747096507.8631833;2025-05-13 02:35:07.863;266.092245581488;peak;False;;0.0;;640;[320, 100];;;;;0.0
1747096508.167281;2025-05-13 02:35:08.167;266.11536196277723;peak;False;;0.0;;640;[320, 100];;;;;0.0
1747096508.476071;2025-05-13 02:35:08.476;265.4350947623938;peak;False;;0.0;;640;[320, 100];;;;;0.0
1747096508.7852464;2025-05-13 02:35:08.785;265.6573110390718;peak;False;;0.0;;640;[320, 100];;;;;0.0
1747096509.0925083;2025-05-13 02:35:09.092;265.8527956337174;peak;False;;0.0;;640;[320, 100];;;;;0.0
1747096509.3992307;2025-05-13 02:35:09.399;266.049635918142;peak;False;;0.0;;640;[320, 100];;;;;0.0
1747096509.708684;2025-05-13 02:35:09.708;266.15910757448194;peak;False;;0.0;;640;[320, 100];;;;;0.0
1747096510.0165548;2025-05-13 02:35:10.016;266.29088529358296;peak;False;;0.0;;640;[320, 100];;;;;0.0
1747096510.3232238;2025-05-13 02:35:10.323;266.0984233410037;peak;False;;0.0;;640;[320, 100];;;;;0.0
1747096510.6309967;2025-05-13 02:35:10.630;265.78976449513976;peak;False;;0.0;;640;[320, 100];;;;;0.0
1747096510.9361556;2025-05-13 02:35:10.936;266.29418268412996;peak;False;;0.0;;640;[320, 100];;;;;0.0
1747096511.2384977;2025-05-13 02:35:11.238;265.9780870251198;peak;False;;0.0;;640;[320, 100];;;;;0.0
1747096511.5470195;2025-05-13 02:35:11.547;265.63447379424434;peak;False;;0.0;;640;[320, 100];;;;;0.0
1747096511.853582;2025-05-13 02:35:11.853;266.4265810040308;peak;False;;0.0;;640;[320, 100];;;;;0.0
1747096512.166589;2025-05-13 02:35:12.166;266.6995531644891;peak;False;;0.0;;640;[320, 100];;;;;0.0
1747096512.474482;2025-05-13 02:35:12.474;266.48918005843683;peak;False;;0.0;;640;[320, 100];;;;;0.0
1747096512.786525;2025-05-13 02:35:12.786;266.3463831830011;peak;False;;0.0;;640;[320, 100];;;;;0.0
1747096513.0970397;2025-05-13 02:35:13.097;266.4487228587538;peak;False;;0.0;;640;[320, 100];;;;;0.0
1747096513.4034417;2025-05-13 02:35:13.403;266.6343412925233;peak;False;;0.0;;640;[320, 100];;;;;0.0
1747096513.7130263;2025-05-13 02:35:13.713;266.08927455152775;peak;False;;0.0;;640;[320, 100];;;;;0.0
1747096514.022118;2025-05-13 02:35:14.022;266.03871042135825;peak;False;;0.0;;640;[320, 100];;;;;0.0
1747096514.3313127;2025-05-13 02:35:14.331;265.63914929201025;peak;False;;0.0;;640;[320, 100];;;;;0.0
1747096514.644928;2025-05-13 02:35:14.644;265.8872017761722;peak;False;;0.0;;640;[320, 100];;;;;0.0
1747096514.953238;2025-05-13 02:35:14.953;266.0880182226038;peak;False;;0.0;;640;[320, 100];;;;;0.0
1747096515.2630956;2025-05-13 02:35:15.263;266.4504572964402;peak;False;;0.0;;640;[320, 100];;;;;0.0
1747096515.5668163;2025-05-13 02:35:15.566;266.30510918969486;peak;False;;0.0;;640;[320, 100];;;;;0.0
1747096515.8770103;2025-05-13 02:35:15.877;266.04439556333125;peak;False;;0.0;;640;[320, 100];;;;;0.0
1747096516.1897655;2025-05-13 02:35:16.189;266.2356544620223;peak;False;;0.0;;640;[320, 100];;;;;0.0
1747096516.4927816;2025-05-13 02:35:16.492;266.29356937784826;peak;False;;0.0;;640;[320, 100];;;;;0.0
1747096516.8027756;2025-05-13 02:35:16.802;266.38539170536677;peak;False;;0.0;;640;[320, 100];;;;;0.0
1747096517.1084356;2025-05-13 02:35:17.108;266.4489076771168;peak;False;;0.0;;640;[320, 100];;;;;0.0
1747096517.417452;2025-05-13 02:35:17.417;266.39797050016637;peak;False;;0.0;;640;[320, 100];;;;;0.0
1747096517.7277129;2025-05-13 02:35:17.727;266.63094409072824;peak;False;;0.0;;640;[320, 100];;;;;0.0
1747096518.0365674;2025-05-13 02:35:18.036;266.2808370724713;peak;False;;0.0;;640;[320, 100];;;;;0.0
1747096518.3443332;2025-05-13 02:35:18.344;266.2826422471448;peak;False;;0.0;;640;[320, 100];;;;;0.0
1747096518.651529;2025-05-13 02:35:18.651;266.522237712955;peak;False;;0.0;;640;[320, 100];;;;;0.0
1747096518.9619842;2025-05-13 02:35:18.961;265.9842703414956;peak;False;;0.0;;640;[320, 100];;;;;0.0
1747096519.2662613;2025-05-13 02:35:19.266;266.48871757581264;peak;False;;0.0;;640;[320, 100];;;;;0.0
1747096519.576828;2025-05-13 02:35:19.576;266.37099998182845;peak;False;;0.0;;640;[320, 100];;;;;0.0
1747096519.888527;2025-05-13 02:35:19.888;266.453299982067;peak;False;;0.0;;640;[320, 100];;;;;0.0
1747096520.1946483;2025-05-13 02:35:20.194;266.27848056628915;peak;False;;0.0;;640;[320, 100];;;;;0.0
1747096520.4986436;2025-05-13 02:35:20.498;266.5488855833757;peak;False;;0.0;;640;[320, 100];;;;;0.0
1747096520.8108642;2025-05-13 02:35:20.810;266.2353924982657;peak;False;;0.0;;640;[320, 100];;;;;0.0
1747096521.117665;2025-05-13 02:35:21.117;266.06073706682906;peak;False;;0.0;;640;[320, 100];;;;;0.0
1747096521.4249914;2025-05-13 02:35:21.424;266.28225580183573;peak;False;;0.0;;640;[320, 100];;;;;0.0
1747096521.7343247;2025-05-13 02:35:21.734;266.7335229581471;peak;False;;0.0;;640;[320, 100];;;;;0.0
1747096522.0431943;2025-05-13 02:35:22.043;266.6253483987544;peak;False;;0.0;;640;[320, 100];;;;;0.0
1747096522.3539567;2025-05-13 02:35:22.353;266.80395957193815;peak;False;;0.0;;640;[320, 100];;;;;0.0
1747096522.659478;2025-05-13 02:35:22.659;266.29165311653117;peak;False;;0.0;;640;[320, 100];;;;;0.0
1747096522.9678388;2025-05-13 02:35:22.967;266.56502314906413;peak;False;;0.0;;640;[320, 100];;;;;0.0
1747096523.277338;2025-05-13 02:35:23.277;266.31706531997474;peak;False;;0.0;;640;[320, 100];;;;;0.0
1747096523.5853639;2025-05-13 02:35:23.585;266.08900398192895;peak;False;;0.0;;640;[320, 100];;;;;0.0
1747096523.8912888;2025-05-13 02:35:23.891;266.2463356467215;peak;False;;0.0;;640;[320, 100];;;;;0.0
1747096524.198138;2025-05-13 02:35:24.198;266.1391362806285;peak;False;;0.0;;640;[320, 100];;;;;0.0
1747096524.507801;2025-05-13 02:35:24.507;266.6149891322521;peak;False;;0.0;;640;[320, 100];;;;;0.0
1747096524.814477;2025-05-13 02:35:24.814;266.67575037788816;peak;False;;0.0;;640;[320, 100];;;;;0.0
1747096525.1229415;2025-05-13 02:35:25.122;266.51031226506774;peak;False;;0.0;;640;[320, 100];;;;;0.0
1747096525.4286218;2025-05-13 02:35:25.428;266.393550874573;peak;False;;0.0;;640;[320, 100];;;;;0.0
1747096525.7371964;2025-05-13 02:35:25.737;266.127319528494;peak;False;;0.0;;640;[320, 100];;;;;0.0
1747096526.0431943;2025-05-13 02:35:26.043;266.4217423032762;peak;False;;0.0;;640;[320, 100];;;;;0.0
1747096526.347496;2025-05-13 02:35:26.347;266.78108762145763;peak;False;;0.0;;640;[320, 100];;;;;0.0
1747096526.6516867;2025-05-13 02:35:26.651;266.67659530215303;peak;False;;0.0;;640;[320, 100];;;;;0.0
1747096526.9664755;2025-05-13 02:35:26.966;266.15326744499674;peak;False;;0.0;;640;[320, 100];;;;;0.0
1747096527.272266;2025-05-13 02:35:27.272;266.4540349971872;peak;False;;0.0;;640;[320, 100];;;;;0.0
1747096527.5778568;2025-05-13 02:35:27.577;266.6056087108656;peak;False;;0.0;;640;[320, 100];;;;;0.0
1747096527.8814528;2025-05-13 02:35:27.881;266.3751266849093;peak;False;;0.0;;640;[320, 100];;;;;0.0
1747096528.1885564;2025-05-13 02:35:28.188;266.3542608695652;peak;False;;0.0;;640;[320, 100];;;;;0.0
1747096528.49792;2025-05-13 02:35:28.497;266.67967800278706;peak;False;;0.0;;640;[320, 100];;;;;0.0
1747096528.8082438;2025-05-13 02:35:28.808;266.60451756744555;peak;False;;0.0;;640;[320, 100];;;;;0.0
1747096529.1130133;2025-05-13 02:35:29.113;266.75915603388603;peak;False;;0.0;;640;[320, 100];;;;;0.0
1747096529.4218757;2025-05-13 02:35:29.421;266.55265368607047;peak;False;;0.0;;640;[320, 100];;;;;0.0
1747096529.7290828;2025-05-13 02:35:29.729;266.6089562051178;peak;False;;0.0;;640;[320, 100];;;;;0.0
1747096530.0365522;2025-05-13 02:35:30.036;266.70932347856467;peak;False;;0.0;;640;[320, 100];;;;;0.0
1747096530.3433368;2025-05-13 02:35:30.343;266.7110618047539;peak;False;;0.0;;640;[320, 100];;;;;0.0
1747096530.648917;2025-05-13 02:35:30.648;266.30646977616624;peak;False;;0.0;;640;[320, 100];;;;;0.0
1747096530.9597645;2025-05-13 02:35:30.959;266.805069661818;peak;False;;0.0;;640;[320, 100];;;;;0.0
1747096531.2671087;2025-05-13 02:35:31.267;266.51118849506264;peak;False;;0.0;;640;[320, 100];;;;;0.0
1747096531.576729;2025-05-13 02:35:31.576;266.6047480161858;peak;False;;0.0;;640;[320, 100];;;;;0.0
1747096531.8799272;2025-05-13 02:35:31.879;266.24213528599887;peak;False;;0.0;;640;[320, 100];;;;;0.0
1747096532.190496;2025-05-13 02:35:32.190;266.3383630142995;peak;False;;0.0;;640;[320, 100];;;;;0.0
1747096532.4975364;2025-05-13 02:35:32.497;266.53237448655744;peak;False;;0.0;;640;[320, 100];;;;;0.0
1747096532.803116;2025-05-13 02:35:32.803;266.64476289484753;peak;False;;0.0;;640;[320, 100];;;;;0.0
1747096533.1150804;2025-05-13 02:35:33.115;266.87951154024887;peak;False;;0.0;;640;[320, 100];;;;;0.0
1747096533.4193506;2025-05-13 02:35:33.419;266.5762194568081;peak;False;;0.0;;640;[320, 100];;;;;0.0
1747096533.7238002;2025-05-13 02:35:33.723;266.34872457020924;peak;False;;0.0;;640;[320, 100];;;;;0.0
1747096534.0297177;2025-05-13 02:35:34.029;266.29179257401006;peak;False;;0.0;;640;[320, 100];;;;;0.0
1747096534.33717;2025-05-13 02:35:34.337;266.42612778226976;peak;False;;0.0;;640;[320, 100];;;;;0.0
1747096534.6415322;2025-05-13 02:35:34.641;266.48850053437945;peak;False;;0.0;;640;[320, 100];;;;;0.0
1747096534.9440453;2025-05-13 02:35:34.944;266.4868236366175;peak;False;;0.0;;640;[320, 100];;;;;0.0
1747096535.2499645;2025-05-13 02:35:35.249;266.18142904075705;peak;False;;0.0;;640;[320, 100];;;;;0.0
1747096535.5577986;2025-05-13 02:35:35.557;266.8875370037252;peak;False;;0.0;;640;[320, 100];;;;;0.0
1747096535.8641238;2025-05-13 02:35:35.864;266.2487506552507;peak;False;;0.0;;640;[320, 100];;;;;0.0
1747096536.1700418;2025-05-13 02:35:36.170;266.76194627775385;peak;False;;0.0;;640;[320, 100];;;;;0.0
1747096536.4753149;2025-05-13 02:35:36.475;266.5147323372132;peak;False;;0.0;;640;[320, 100];;;;;0.0
1747096536.7848554;2025-05-13 02:35:36.784;267.08095977368384;peak;False;;0.0;;640;[320, 100];;;;;0.0
1747096537.0921109;2025-05-13 02:35:37.092;266.4078793164536;peak;False;;0.0;;640;[320, 100];;;;;0.0
1747096537.3985279;2025-05-13 02:35:37.398;266.89760951179755;peak;False;;0.0;;640;[320, 100];;;;;0.0
1747096537.7104452;2025-05-13 02:35:37.710;266.57528316898015;peak;False;;0.0;;640;[320, 100];;;;;0.0
1747096538.017954;2025-05-13 02:35:38.017;267.34011300091845;peak;False;;0.0;;640;[320, 100];;;;;0.0
1747096538.3266447;2025-05-13 02:35:38.326;267.0956912702765;peak;False;;0.0;;640;[320, 100];;;;;0.0
1747096538.6332178;2025-05-13 02:35:38.633;266.6704573963592;peak;False;;0.0;;640;[320, 100];;;;;0.0
1747096538.9396086;2025-05-13 02:35:38.939;266.8653423548462;peak;False;;0.0;;640;[320, 100];;;;;0.0
1747096539.2435992;2025-05-13 02:35:39.243;266.75846363493423;peak;False;;0.0;;640;[320, 100];;;;;0.0
1747096539.5489974;2025-05-13 02:35:39.548;267.07005379911055;peak;False;;0.0;;640;[320, 100];;;;;0.0
1747096539.8495169;2025-05-13 02:35:39.849;266.77195179649885;peak;False;;0.0;;640;[320, 100];;;;;0.0
1747096540.1577947;2025-05-13 02:35:40.157;266.90302261428843;peak;False;;0.0;;640;[320, 100];;;;;0.0
1747096540.464903;2025-05-13 02:35:40.464;267.2299545124216;peak;False;;0.0;;640;[320, 100];;;;;0.0
1747096540.7744162;2025-05-13 02:35:40.774;266.9328773642729;peak;False;;0.0;;640;[320, 100];;;;;0.0
1747096541.0822074;2025-05-13 02:35:41.082;266.8763772500279;peak;False;;0.0;;640;[320, 100];;;;;0.0
1747096541.3887606;2025-05-13 02:35:41.388;266.73503765095273;peak;False;;0.0;;640;[320, 100];;;;;0.0
1747096541.6958659;2025-05-13 02:35:41.695;266.6333128049796;peak;False;;0.0;;640;[320, 100];;;;;0.0
1747096542.0007246;2025-05-13 02:35:42.000;266.9940084839086;peak;False;;0.0;;640;[320, 100];;;;;0.0
1747096542.3063672;2025-05-13 02:35:42.306;266.60144268087043;peak;False;;0.0;;640;[320, 100];;;;;0.0
1747096542.619485;2025-05-13 02:35:42.619;266.76701669774417;peak;False;;0.0;;640;[320, 100];;;;;0.0
1747096542.922408;2025-05-13 02:35:42.922;266.98481636238887;peak;False;;0.0;;640;[320, 100];;;;;0.0
1747096543.2347698;2025-05-13 02:35:43.234;266.96862908099047;peak;False;;0.0;;640;[320, 100];;;;;0.0
1747096543.54224;2025-05-13 02:35:43.542;266.629012136416;peak;False;;0.0;;640;[320, 100];;;;;0.0
1747096543.848876;2025-05-13 02:35:43.848;266.8634828104723;peak;False;;0.0;;640;[320, 100];;;;;0.0
1747096544.15893;2025-05-13 02:35:44.158;267.0685693925693;peak;False;;0.0;;640;[320, 100];;;;;0.0
1747096544.4648101;2025-05-13 02:35:44.464;267.0948660324816;peak;False;;0.0;;640;[320, 100];;;;;0.0
1747096544.7766051;2025-05-13 02:35:44.776;267.23678733561405;peak;False;;0.0;;640;[320, 100];;;;;0.0
1747096545.086899;2025-05-13 02:35:45.086;266.55138060575825;peak;False;;0.0;;640;[320, 100];;;;;0.0
1747096545.391545;2025-05-13 02:35:45.391;267.08218160773475;peak;False;;0.0;;640;[320, 100];;;;;0.0
1747096545.6985648;2025-05-13 02:35:45.698;267.1998206283555;peak;False;;0.0;;640;[320, 100];;;;;0.0
1747096546.0031626;2025-05-13 02:35:46.003;266.9236972868553;peak;False;;0.0;;640;[320, 100];;;;;0.0
1747096546.3100226;2025-05-13 02:35:46.310;267.0212525536014;peak;False;;0.0;;640;[320, 100];;;;;0.0
1747096546.6214612;2025-05-13 02:35:46.621;266.97777908159276;peak;False;;0.0;;640;[320, 100];;;;;0.0
1747096546.9280877;2025-05-13 02:35:46.928;266.9717154758283;peak;False;;0.0;;640;[320, 100];;;;;0.0
1747096547.240604;2025-05-13 02:35:47.240;267.2044292212861;peak;False;;0.0;;640;[320, 100];;;;;0.0
1747096547.54936;2025-05-13 02:35:47.549;267.1192195537089;peak;False;;0.0;;640;[320, 100];;;;;0.0
1747096547.8562598;2025-05-13 02:35:47.856;267.4001373853904;peak;False;;0.0;;640;[320, 100];;;;;0.0
1747096548.161538;2025-05-13 02:35:48.161;266.99692942528395;peak;False;;0.0;;640;[320, 100];;;;;0.0
1747096548.4752789;2025-05-13 02:35:48.475;267.08241034938754;peak;False;;0.0;;640;[320, 100];;;;;0.0
1747096548.7831926;2025-05-13 02:35:48.783;267.3704288018154;peak;False;;0.0;;640;[320, 100];;;;;0.0
1747096549.0888915;2025-05-13 02:35:49.088;266.99225475272243;peak;False;;0.0;;640;[320, 100];;;;;0.0
1747096549.3982055;2025-05-13 02:35:49.398;267.01067827014447;peak;False;;0.0;;640;[320, 100];;;;;0.0
1747096549.707113;2025-05-13 02:35:49.707;267.12831399235677;peak;False;;0.0;;640;[320, 100];;;;;0.0
1747096550.0148807;2025-05-13 02:35:50.014;266.83228216949857;peak;False;;0.0;;640;[320, 100];;;;;0.0
1747096550.3216228;2025-05-13 02:35:50.321;267.21413731230524;peak;False;;0.0;;640;[320, 100];;;;;0.0
1747096550.6273196;2025-05-13 02:35:50.627;266.99819991219084;peak;False;;0.0;;640;[320, 100];;;;;0.0
1747096550.9334462;2025-05-13 02:35:50.933;267.32002669368194;peak;False;;0.0;;640;[320, 100];;;;;0.0
1747096551.238903;2025-05-13 02:35:51.238;267.2370636750519;peak;False;;0.0;;640;[320, 100];;;;;0.0
1747096551.5469015;2025-05-13 02:35:51.546;266.8232129235397;peak;False;;0.0;;640;[320, 100];;;;;0.0
1747096551.852415;2025-05-13 02:35:51.852;267.3300948468834;peak;False;;0.0;;640;[320, 100];;;;;0.0
1747096552.1556873;2025-05-13 02:35:52.155;267.240853040051;peak;False;;0.0;;640;[320, 100];;;;;0.0
1747096552.4648027;2025-05-13 02:35:52.464;267.20746792609884;peak;False;;0.0;;640;[320, 100];;;;;0.0
1747096552.7724812;2025-05-13 02:35:52.772;266.9090528921749;peak;False;;0.0;;640;[320, 100];;;;;0.0
1747096553.0782146;2025-05-13 02:35:53.078;267.4391999355023;peak;False;;0.0;;640;[320, 100];;;;;0.0
1747096553.3835142;2025-05-13 02:35:53.383;266.97979720601137;peak;False;;0.0;;640;[320, 100];;;;;0.0
1747096553.6930344;2025-05-13 02:35:53.693;267.29128607525627;peak;False;;0.0;;640;[320, 100];;;;;0.0
1747096553.9973896;2025-05-13 02:35:53.997;267.29410922506275;peak;False;;0.0;;640;[320, 100];;;;;0.0
1747096554.3048413;2025-05-13 02:35:54.304;267.2014581414635;peak;False;;0.0;;640;[320, 100];;;;;0.0
1747096554.6158798;2025-05-13 02:35:54.615;266.9784505385103;peak;False;;0.0;;640;[320, 100];;;;;0.0
1747096554.9214687;2025-05-13 02:35:54.921;266.93112317584996;peak;False;;0.0;;640;[320, 100];;;;;0.0
1747096555.236862;2025-05-13 02:35:55.236;267.3908689188073;peak;False;;0.0;;640;[320, 100];;;;;0.0
1747096555.5633776;2025-05-13 02:35:55.563;267.3372489805668;peak;False;;0.0;;640;[320, 100];;;;;0.0
1747096555.9288776;2025-05-13 02:35:55.928;267.29447335879;peak;False;;0.0;;640;[320, 100];;;;;0.0
1747096556.2444222;2025-05-13 02:35:56.244;267.42020460993126;peak;False;;0.0;;640;[320, 100];;;;;0.0
1747096556.553447;2025-05-13 02:35:56.553;267.41167318329497;peak;False;;0.0;;640;[320, 100];;;;;0.0
1747096556.8622968;2025-05-13 02:35:56.862;266.7644392127319;peak;False;;0.0;;640;[320, 100];;;;;0.0
1747096557.1721601;2025-05-13 02:35:57.172;267.05623601610944;peak;False;;0.0;;640;[320, 100];;;;;0.0
1747096557.484769;2025-05-13 02:35:57.484;267.26114045236403;peak;False;;0.0;;640;[320, 100];;;;;0.0
1747096557.7941751;2025-05-13 02:35:57.794;267.1012191132978;peak;False;;0.0;;640;[320, 100];;;;;0.0
1747096558.103159;2025-05-13 02:35:58.103;266.9028656716418;peak;False;;0.0;;640;[320, 100];;;;;0.0
1747096558.4072492;2025-05-13 02:35:58.407;267.70863050757674;peak;False;;0.0;;640;[320, 100];;;;;0.0
1747096558.7152615;2025-05-13 02:35:58.715;267.52773491925456;peak;False;;0.0;;640;[320, 100];;;;;0.0
1747096559.023925;2025-05-13 02:35:59.023;266.9232676863869;peak;False;;0.0;;640;[320, 100];;;;;0.0
1747096559.331655;2025-05-13 02:35:59.331;267.33460538455085;peak;False;;0.0;;640;[320, 100];;;;;0.0
1747096559.6375232;2025-05-13 02:35:59.637;267.36245315778535;peak;False;;0.0;;640;[320, 100];;;;;0.0
1747096559.9509344;2025-05-13 02:35:59.950;267.09622304778554;peak;False;;0.0;;640;[320, 100];;;;;0.0
1747096560.2552536;2025-05-13 02:36:00.255;267.07256742325103;peak;False;;0.0;;640;[320, 100];;;;;0.0
1747096560.560849;2025-05-13 02:36:00.560;267.35342725451903;peak;False;;0.0;;640;[320, 100];;;;;0.0
1747096560.8666995;2025-05-13 02:36:00.866;267.51759382387706;peak;False;;0.0;;640;[320, 100];;;;;0.0
1747096561.1765077;2025-05-13 02:36:01.176;267.56518754869586;peak;False;;0.0;;640;[320, 100];;;;;0.0
1747096561.4820406;2025-05-13 02:36:01.482;267.37198623093184;peak;False;;0.0;;640;[320, 100];;;;;0.0
1747096561.7967684;2025-05-13 02:36:01.796;267.48718418161843;peak;False;;0.0;;640;[320, 100];;;;;0.0
1747096562.106133;2025-05-13 02:36:02.106;267.4536319961735;peak;False;;0.0;;640;[320, 100];;;;;0.0
1747096562.4141173;2025-05-13 02:36:02.414;267.8298328502799;peak;False;;0.0;;640;[320, 100];;;;;0.0
1747096562.7279232;2025-05-13 02:36:02.727;267.42081977417604;peak;False;;0.0;;640;[320, 100];;;;;0.0
1747096563.0355666;2025-05-13 02:36:03.035;267.3857202941589;peak;False;;0.0;;640;[320, 100];;;;;0.0
1747096563.3420467;2025-05-13 02:36:03.342;267.116434905948;peak;False;;0.0;;640;[320, 100];;;;;0.0
1747096563.6491017;2025-05-13 02:36:03.649;267.21495632692967;peak;False;;0.0;;640;[320, 100];;;;;0.0
1747096563.9554653;2025-05-13 02:36:03.955;267.4737885508641;peak;False;;0.0;;640;[320, 100];;;;;0.0
1747096564.2661583;2025-05-13 02:36:04.266;267.1516235848955;peak;False;;0.0;;640;[320, 100];;;;;0.0
1747096564.5723348;2025-05-13 02:36:04.572;267.2589399038917;peak;False;;0.0;;640;[320, 100];;;;;0.0
1747096564.8877928;2025-05-13 02:36:04.887;267.0767845379213;peak;False;;0.0;;640;[320, 100];;;;;0.0
1747096565.265006;2025-05-13 02:36:05.265;267.53012184415655;peak;False;;0.0;;640;[320, 100];;;;;0.0
1747096565.4820216;2025-05-13 02:36:05.482;267.1709332821595;peak;False;;0.0;;640;[320, 100];;;;;0.0
1747096565.7915287;2025-05-13 02:36:05.791;267.3061565713551;peak;False;;0.0;;640;[320, 100];;;;;0.0
1747096566.0994062;2025-05-13 02:36:06.099;267.12236436863304;peak;False;;0.0;;640;[320, 100];;;;;0.0
1747096566.4130588;2025-05-13 02:36:06.413;267.36524875358015;peak;False;;0.0;;640;[320, 100];;;;;0.0
1747096566.7175348;2025-05-13 02:36:06.717;267.34910074383316;peak;False;;0.0;;640;[320, 100];;;;;0.0
1747096567.0303836;2025-05-13 02:36:07.030;267.4009160229475;peak;False;;0.0;;640;[320, 100];;;;;0.0
1747096567.3348997;2025-05-13 02:36:07.334;267.6074653992911;peak;False;;0.0;;640;[320, 100];;;;;0.0
1747096567.6402755;2025-05-13 02:36:07.640;267.19422251017545;peak;False;;0.0;;640;[320, 100];;;;;0.0
1747096567.94725;2025-05-13 02:36:07.947;267.26782566613326;peak;False;;0.0;;640;[320, 100];;;;;0.0
1747096568.251267;2025-05-13 02:36:08.251;267.5137062241933;peak;False;;0.0;;640;[320, 100];;;;;0.0
1747096568.5584433;2025-05-13 02:36:08.558;267.63950991579844;peak;False;;0.0;;640;[320, 100];;;;;0.0
1747096568.863868;2025-05-13 02:36:08.863;267.7633810263248;peak;False;;0.0;;640;[320, 100];;;;;0.0
1747096569.1715708;2025-05-13 02:36:09.171;267.28559193063177;peak;False;;0.0;;640;[320, 100];;;;;0.0
1747096569.4812412;2025-05-13 02:36:09.481;267.50310369339513;peak;False;;0.0;;640;[320, 100];;;;;0.0
1747096569.792442;2025-05-13 02:36:09.792;267.7815201893564;peak;False;;0.0;;640;[320, 100];;;;;0.0
1747096570.098941;2025-05-13 02:36:10.098;267.5689085928489;peak;False;;0.0;;640;[320, 100];;;;;0.0
1747096570.404797;2025-05-13 02:36:10.404;267.42137566592817;peak;False;;0.0;;640;[320, 100];;;;;0.0
1747096570.7208571;2025-05-13 02:36:10.720;267.5132550653285;peak;False;;0.0;;640;[320, 100];;;;;0.0
1747096571.0357804;2025-05-13 02:36:11.035;267.3366661092131;peak;False;;0.0;;640;[320, 100];;;;;0.0
1747096571.3419294;2025-05-13 02:36:11.341;267.3955665874711;peak;False;;0.0;;640;[320, 100];;;;;0.0
1747096571.6479282;2025-05-13 02:36:11.647;267.4736525492014;peak;False;;0.0;;640;[320, 100];;;;;0.0
1747096571.9553738;2025-05-13 02:36:11.955;267.3493421822865;peak;False;;0.0;;640;[320, 100];;;;;0.0
1747096572.2706048;2025-05-13 02:36:12.270;267.6161641766518;peak;False;;0.0;;640;[320, 100];;;;;0.0
1747096572.5883;2025-05-13 02:36:12.588;267.72738992143263;peak;False;;0.0;;640;[320, 100];;;;;0.0
1747096572.894781;2025-05-13 02:36:12.894;267.89329561393834;peak;False;;0.0;;640;[320, 100];;;;;0.0
1747096573.1997235;2025-05-13 02:36:13.199;267.6364958752341;peak;False;;0.0;;640;[320, 100];;;;;0.0
1747096573.5055373;2025-05-13 02:36:13.505;267.92168979076257;peak;False;;0.0;;640;[320, 100];;;;;0.0
1747096573.8113363;2025-05-13 02:36:13.811;267.8391001429476;peak;False;;0.0;;640;[320, 100];;;;;0.0
1747096574.117609;2025-05-13 02:36:14.117;267.72926225484963;peak;False;;0.0;;640;[320, 100];;;;;0.0
1747096574.4277613;2025-05-13 02:36:14.427;267.7732578343461;peak;False;;0.0;;640;[320, 100];;;;;0.0
1747096574.734466;2025-05-13 02:36:14.734;267.3558859393004;peak;False;;0.0;;640;[320, 100];;;;;0.0
1747096575.0471125;2025-05-13 02:36:15.047;267.6565860749698;peak;False;;0.0;;640;[320, 100];;;;;0.0
1747096575.352416;2025-05-13 02:36:15.352;267.574890466082;peak;False;;0.0;;640;[320, 100];;;;;0.0
1747096575.6582506;2025-05-13 02:36:15.658;267.9590522585068;peak;False;;0.0;;640;[320, 100];;;;;0.0
1747096575.971901;2025-05-13 02:36:15.971;267.74611872935725;peak;False;;0.0;;640;[320, 100];;;;;0.0
1747096576.3103285;2025-05-13 02:36:16.310;267.5404588537385;peak;False;;0.0;;640;[320, 100];;;;;0.0
1747096576.5670555;2025-05-13 02:36:16.567;267.94802018604855;peak;False;;0.0;;640;[320, 100];;;;;0.0
1747096576.8796844;2025-05-13 02:36:16.879;267.60585634691955;peak;False;;0.0;;640;[320, 100];;;;;0.0
1747096577.1856651;2025-05-13 02:36:17.185;267.80094702929983;peak;False;;0.0;;640;[320, 100];;;;;0.0
1747096577.492141;2025-05-13 02:36:17.492;267.8079077293283;peak;False;;0.0;;640;[320, 100];;;;;0.0
1747096577.7984662;2025-05-13 02:36:17.798;267.7802483108687;peak;False;;0.0;;640;[320, 100];;;;;0.0
1747096578.1029716;2025-05-13 02:36:18.102;267.5285640429107;peak;False;;0.0;;640;[320, 100];;;;;0.0
1747096578.4101682;2025-05-13 02:36:18.410;267.73314632537716;peak;False;;0.0;;640;[320, 100];;;;;0.0
1747096578.7149155;2025-05-13 02:36:18.714;267.73028238966936;peak;False;;0.0;;640;[320, 100];;;;;0.0
1747096579.0271392;2025-05-13 02:36:19.027;267.78045524055995;peak;False;;0.0;;640;[320, 100];;;;;0.0
1747096579.3352053;2025-05-13 02:36:19.335;267.6259742700575;peak;False;;0.0;;640;[320, 100];;;;;0.0
1747096579.6438549;2025-05-13 02:36:19.643;267.47085137470225;peak;False;;0.0;;640;[320, 100];;;;;0.0
1747096579.954124;2025-05-13 02:36:19.954;267.7289625684495;peak;False;;0.0;;640;[320, 100];;;;;0.0
1747096580.2694988;2025-05-13 02:36:20.269;267.8251170679547;peak;False;;0.0;;640;[320, 100];;;;;0.0
1747096580.582078;2025-05-13 02:36:20.582;268.2026335040234;peak;False;;0.0;;640;[320, 100];;;;;0.0
1747096580.892399;2025-05-13 02:36:20.892;267.553010809816;peak;False;;0.0;;640;[320, 100];;;;;0.0
1747096581.2009206;2025-05-13 02:36:21.200;267.8615426740224;peak;False;;0.0;;640;[320, 100];;;;;0.0
1747096581.5089357;2025-05-13 02:36:21.508;268.3220434025871;peak;False;;0.0;;640;[320, 100];;;;;0.0
1747096581.8138292;2025-05-13 02:36:21.813;267.95035190258363;peak;False;;0.0;;640;[320, 100];;;;;0.0
1747096582.1204262;2025-05-13 02:36:22.120;267.92445615723324;peak;False;;0.0;;640;[320, 100];;;;;0.0
1747096582.430477;2025-05-13 02:36:22.430;268.4714977065648;peak;False;;0.0;;640;[320, 100];;;;;0.0
1747096582.7394624;2025-05-13 02:36:22.739;267.8243875617919;peak;False;;0.0;;640;[320, 100];;;;;0.0
1747096583.047605;2025-05-13 02:36:23.047;268.2407507368103;peak;False;;0.0;;640;[320, 100];;;;;0.0
1747096583.3535907;2025-05-13 02:36:23.353;267.8481207299144;peak;False;;0.0;;640;[320, 100];;;;;0.0
1747096583.6710157;2025-05-13 02:36:23.671;268.21841223238414;peak;False;;0.0;;640;[320, 100];;;;;0.0
1747096583.9759774;2025-05-13 02:36:23.975;268.0514762615092;peak;False;;0.0;;640;[320, 100];;;;;0.0
1747096584.2859242;2025-05-13 02:36:24.285;267.8885012107593;peak;False;;0.0;;640;[320, 100];;;;;0.0
1747096584.5975826;2025-05-13 02:36:24.597;267.9877463153316;peak;False;;0.0;;640;[320, 100];;;;;0.0
1747096584.9043076;2025-05-13 02:36:24.904;268.2197346946442;peak;False;;0.0;;640;[320, 100];;;;;0.0
1747096585.213629;2025-05-13 02:36:25.213;267.9835431822744;peak;False;;0.0;;640;[320, 100];;;;;0.0
1747096585.5243726;2025-05-13 02:36:25.524;268.5562615855351;peak;False;;0.0;;640;[320, 100];;;;;0.0
1747096585.8329132;2025-05-13 02:36:25.832;268.0278710092168;peak;False;;0.0;;640;[320, 100];;;;;0.0
1747096586.1443727;2025-05-13 02:36:26.144;268.16808971365293;peak;False;;0.0;;640;[320, 100];;;;;0.0
1747096586.4502826;2025-05-13 02:36:26.450;267.57063581609924;peak;False;;0.0;;640;[320, 100];;;;;0.0
1747096586.760206;2025-05-13 02:36:26.760;268.2160345073878;peak;False;;0.0;;640;[320, 100];;;;;0.0
1747096587.0684268;2025-05-13 02:36:27.068;267.9222974627051;peak;False;;0.0;;640;[320, 100];;;;;0.0
1747096587.3798666;2025-05-13 02:36:27.379;268.0124080667073;peak;False;;0.0;;640;[320, 100];;;;;0.0
1747096587.683094;2025-05-13 02:36:27.683;268.2977331848148;peak;False;;0.0;;640;[320, 100];;;;;0.0
1747096587.9896476;2025-05-13 02:36:27.989;268.05061996484767;peak;False;;0.0;;640;[320, 100];;;;;0.0
1747096588.3037655;2025-05-13 02:36:28.303;267.92395729062395;peak;False;;0.0;;640;[320, 100];;;;;0.0
1747096588.6121342;2025-05-13 02:36:28.612;268.1241019893891;peak;False;;0.0;;640;[320, 100];;;;;0.0
1747096588.920035;2025-05-13 02:36:28.920;268.2145893578177;peak;False;;0.0;;640;[320, 100];;;;;0.0
1747096589.2262137;2025-05-13 02:36:29.226;268.3792086900327;peak;False;;0.0;;640;[320, 100];;;;;0.0
1747096589.5335724;2025-05-13 02:36:29.533;268.3181032020254;peak;False;;0.0;;640;[320, 100];;;;;0.0
1747096589.8409672;2025-05-13 02:36:29.840;267.7452285519753;peak;False;;0.0;;640;[320, 100];;;;;0.0
1747096590.1461709;2025-05-13 02:36:30.146;268.26384428459255;peak;False;;0.0;;640;[320, 100];;;;;0.0
1747096590.4563165;2025-05-13 02:36:30.456;267.83174610545717;peak;False;;0.0;;640;[320, 100];;;;;0.0
1747096590.7697945;2025-05-13 02:36:30.769;268.12547198374114;peak;False;;0.0;;640;[320, 100];;;;;0.0
1747096591.0784998;2025-05-13 02:36:31.078;268.26128299425307;peak;False;;0.0;;640;[320, 100];;;;;0.0
1747096591.3866718;2025-05-13 02:36:31.386;267.85792894554174;peak;False;;0.0;;640;[320, 100];;;;;0.0
1747096591.6998608;2025-05-13 02:36:31.699;268.4848468560474;peak;False;;0.0;;640;[320, 100];;;;;0.0
1747096592.0079613;2025-05-13 02:36:32.007;268.43881208507634;peak;False;;0.0;;640;[320, 100];;;;;0.0
1747096592.3166573;2025-05-13 02:36:32.316;267.9747632948945;peak;False;;0.0;;640;[320, 100];;;;;0.0
1747096592.6279855;2025-05-13 02:36:32.627;268.2752640760429;peak;False;;0.0;;640;[320, 100];;;;;0.0
1747096592.9342394;2025-05-13 02:36:32.934;267.7223662518183;peak;False;;0.0;;640;[320, 100];;;;;0.0
1747096593.2417867;2025-05-13 02:36:33.241;268.19034296215233;peak;False;;0.0;;640;[320, 100];;;;;0.0
1747096593.5475247;2025-05-13 02:36:33.547;268.2798061745296;peak;False;;0.0;;640;[320, 100];;;;;0.0
1747096593.8520684;2025-05-13 02:36:33.852;267.953133196274;peak;False;;0.0;;640;[320, 100];;;;;0.0
1747096594.1635048;2025-05-13 02:36:34.163;268.29655797655846;peak;False;;0.0;;640;[320, 100];;;;;0.0
1747096594.4709077;2025-05-13 02:36:34.470;268.63287823570397;peak;False;;0.0;;640;[320, 100];;;;;0.0
1747096594.7768686;2025-05-13 02:36:34.776;268.1542236811589;peak;False;;0.0;;640;[320, 100];;;;;0.0
1747096595.0812445;2025-05-13 02:36:35.081;268.57460045195893;peak;False;;0.0;;640;[320, 100];;;;;0.0
1747096595.3858051;2025-05-13 02:36:35.385;267.6262568632986;peak;False;;0.0;;640;[320, 100];;;;;0.0
1747096595.692119;2025-05-13 02:36:35.692;268.2836577121974;peak;False;;0.0;;640;[320, 100];;;;;0.0
1747096596.0036204;2025-05-13 02:36:36.003;268.11416981996445;peak;False;;0.0;;640;[320, 100];;;;;0.0
1747096596.309485;2025-05-13 02:36:36.309;268.97071968864753;peak;False;;0.0;;640;[320, 100];;;;;0.0
1747096596.6198993;2025-05-13 02:36:36.619;268.47132590157514;peak;False;;0.0;;640;[320, 100];;;;;0.0
1747096596.9247818;2025-05-13 02:36:36.924;268.48001217683134;peak;False;;0.0;;640;[320, 100];;;;;0.0
1747096597.234531;2025-05-13 02:36:37.234;268.1346012042456;peak;False;;0.0;;640;[320, 100];;;;;0.0
1747096597.5421338;2025-05-13 02:36:37.542;267.9208891939724;peak;False;;0.0;;640;[320, 100];;;;;0.0
1747096597.8471887;2025-05-13 02:36:37.847;268.09461247068725;peak;False;;0.0;;640;[320, 100];;;;;0.0
1747096598.1548243;2025-05-13 02:36:38.154;268.06195329427817;peak;False;;0.0;;640;[320, 100];;;;;0.0
1747096598.4607189;2025-05-13 02:36:38.460;268.115310380705;peak;False;;0.0;;640;[320, 100];;;;;0.0
1747096598.770096;2025-05-13 02:36:38.770;268.1304601003716;peak;False;;0.0;;640;[320, 100];;;;;0.0
1747096599.0809076;2025-05-13 02:36:39.080;268.13764586579424;peak;False;;0.0;;640;[320, 100];;;;;0.0
1747096599.385902;2025-05-13 02:36:39.385;268.4211428324281;peak;False;;0.0;;640;[320, 100];;;;;0.0
1747096599.693816;2025-05-13 02:36:39.693;268.45596133190116;peak;False;;0.0;;640;[320, 100];;;;;0.0
1747096599.9998622;2025-05-13 02:36:39.999;267.89238974835956;peak;False;;0.0;;640;[320, 100];;;;;0.0
1747096600.3045638;2025-05-13 02:36:40.304;267.86695887768275;peak;False;;0.0;;640;[320, 100];;;;;0.0
1747096600.6101563;2025-05-13 02:36:40.610;268.00415260791885;peak;False;;0.0;;640;[320, 100];;;;;0.0
1747096600.9150846;2025-05-13 02:36:40.915;268.2626370333201;peak;False;;0.0;;640;[320, 100];;;;;0.0
1747096601.2270153;2025-05-13 02:36:41.227;268.3745210643081;peak;False;;0.0;;640;[320, 100];;;;;0.0
1747096601.5339475;2025-05-13 02:36:41.533;268.0632503759694;peak;False;;0.0;;640;[320, 100];;;;;0.0
1747096601.8417897;2025-05-13 02:36:41.841;268.365143394125;peak;False;;0.0;;640;[320, 100];;;;;0.0
1747096602.1475105;2025-05-13 02:36:42.147;268.62559771403767;peak;False;;0.0;;640;[320, 100];;;;;0.0
1747096602.458963;2025-05-13 02:36:42.458;268.35782816428633;peak;False;;0.0;;640;[320, 100];;;;;0.0
1747096602.7669668;2025-05-13 02:36:42.766;268.6916483755691;peak;False;;0.0;;640;[320, 100];;;;;0.0
1747096603.0732315;2025-05-13 02:36:43.073;268.58234249998424;peak;False;;0.0;;640;[320, 100];;;;;0.0
1747096603.3773;2025-05-13 02:36:43.377;268.198127925117;peak;False;;0.0;;640;[320, 100];;;;;0.0
1747096603.6823158;2025-05-13 02:36:43.682;268.3869945858772;peak;False;;0.0;;640;[320, 100];;;;;0.0
1747096603.9927716;2025-05-13 02:36:43.992;268.22091390952875;peak;False;;0.0;;640;[320, 100];;;;;0.0
1747096604.2995024;2025-05-13 02:36:44.299;268.6297520262447;peak;False;;0.0;;640;[320, 100];;;;;0.0
1747096604.6103296;2025-05-13 02:36:44.610;268.128796186121;peak;False;;0.0;;640;[320, 100];;;;;0.0
1747096604.917478;2025-05-13 02:36:44.917;268.52430529324994;peak;False;;0.0;;640;[320, 100];;;;;0.0
1747096605.2209055;2025-05-13 02:36:45.220;268.36776092725626;peak;False;;0.0;;640;[320, 100];;;;;0.0
1747096605.5293193;2025-05-13 02:36:45.529;267.9133141336544;peak;False;;0.0;;640;[320, 100];;;;;0.0
1747096605.8346853;2025-05-13 02:36:45.834;268.3594129267159;peak;False;;0.0;;640;[320, 100];;;;;0.0
1747096606.1425197;2025-05-13 02:36:46.142;268.3724444105049;peak;False;;0.0;;640;[320, 100];;;;;0.0
1747096606.4514012;2025-05-13 02:36:46.451;268.5818734126068;peak;False;;0.0;;640;[320, 100];;;;;0.0
1747096606.7617662;2025-05-13 02:36:46.761;268.69140988339643;peak;False;;0.0;;640;[320, 100];;;;;0.0
1747096607.067094;2025-05-13 02:36:47.067;268.4089486630378;peak;False;;0.0;;640;[320, 100];;;;;0.0
1747096607.374226;2025-05-13 02:36:47.374;268.64308214795494;peak;False;;0.0;;640;[320, 100];;;;;0.0
1747096607.6867795;2025-05-13 02:36:47.686;268.67814492619345;peak;False;;0.0;;640;[320, 100];;;;;0.0
1747096607.9979072;2025-05-13 02:36:47.997;268.49442354394483;peak;False;;0.0;;640;[320, 100];;;;;0.0
1747096608.3037484;2025-05-13 02:36:48.303;268.63816222766667;peak;False;;0.0;;640;[320, 100];;;;;0.0
1747096608.6109955;2025-05-13 02:36:48.610;268.66321956189506;peak;False;;0.0;;640;[320, 100];;;;;0.0
1747096608.9163024;2025-05-13 02:36:48.916;268.5448300429049;peak;False;;0.0;;640;[320, 100];;;;;0.0
1747096609.2264261;2025-05-13 02:36:49.226;268.2552542594022;peak;False;;0.0;;640;[320, 100];;;;;0.0
1747096609.5364218;2025-05-13 02:36:49.536;268.534081195773;peak;False;;0.0;;640;[320, 100];;;;;0.0
1747096609.8447165;2025-05-13 02:36:49.844;268.84285427203;peak;False;;0.0;;640;[320, 100];;;;;0.0
1747096610.1544747;2025-05-13 02:36:50.154;268.26430633270417;peak;False;;0.0;;640;[320, 100];;;;;0.0
1747096610.472709;2025-05-13 02:36:50.472;268.3110289466222;peak;False;;0.0;;640;[320, 100];;;;;0.0
1747096610.7796261;2025-05-13 02:36:50.779;268.39034875310546;peak;False;;0.0;;640;[320, 100];;;;;0.0
1747096611.085844;2025-05-13 02:36:51.085;268.34624448082553;peak;False;;0.0;;640;[320, 100];;;;;0.0
1747096611.3942783;2025-05-13 02:36:51.394;268.7161084746686;peak;False;;0.0;;640;[320, 100];;;;;0.0
1747096611.6975806;2025-05-13 02:36:51.697;268.811000328328;peak;False;;0.0;;640;[320, 100];;;;;0.0
1747096612.0031662;2025-05-13 02:36:52.003;268.51103112015034;peak;False;;0.0;;640;[320, 100];;;;;0.0
1747096612.3079288;2025-05-13 02:36:52.307;268.72760580656893;peak;False;;0.0;;640;[320, 100];;;;;0.0
1747096612.6176124;2025-05-13 02:36:52.617;268.7748530107454;peak;False;;0.0;;640;[320, 100];;;;;0.0
1747096612.9278576;2025-05-13 02:36:52.927;268.248798653213;peak;False;;0.0;;640;[320, 100];;;;;0.0
1747096613.2327895;2025-05-13 02:36:53.232;268.194461976747;peak;False;;0.0;;640;[320, 100];;;;;0.0
1747096613.5416336;2025-05-13 02:36:53.541;268.44883997259825;peak;False;;0.0;;640;[320, 100];;;;;0.0
1747096613.8485315;2025-05-13 02:36:53.848;268.3953185135334;peak;False;;0.0;;640;[320, 100];;;;;0.0
1747096614.1538498;2025-05-13 02:36:54.153;268.66014667667184;peak;False;;0.0;;640;[320, 100];;;;;0.0
1747096614.458688;2025-05-13 02:36:54.458;268.58974942893997;peak;False;;0.0;;640;[320, 100];;;;;0.0
1747096614.766494;2025-05-13 02:36:54.766;268.7889915757726;peak;False;;0.0;;640;[320, 100];;;;;0.0
1747096615.0741768;2025-05-13 02:36:55.074;268.7039546790458;peak;False;;0.0;;640;[320, 100];;;;;0.0
1747096615.3849528;2025-05-13 02:36:55.384;269.0700970455326;peak;False;;0.0;;640;[320, 100];;;;;0.0
1747096615.6940815;2025-05-13 02:36:55.694;268.4067587567834;peak;False;;0.0;;640;[320, 100];;;;;0.0
1747096616.004423;2025-05-13 02:36:56.004;268.6851144259878;peak;False;;0.0;;640;[320, 100];;;;;0.0
1747096616.310328;2025-05-13 02:36:56.310;268.38579189571647;peak;False;;0.0;;640;[320, 100];;;;;0.0
1747096616.6184015;2025-05-13 02:36:56.618;268.36169618252944;peak;False;;0.0;;640;[320, 100];;;;;0.0
1747096616.926466;2025-05-13 02:36:56.926;268.88163287386664;peak;False;;0.0;;640;[320, 100];;;;;0.0
1747096617.2323577;2025-05-13 02:36:57.232;269.1679291615508;peak;False;;0.0;;640;[320, 100];;;;;0.0
1747096617.540746;2025-05-13 02:36:57.540;268.6108741053445;peak;False;;0.0;;640;[320, 100];;;;;0.0
1747096617.8486853;2025-05-13 02:36:57.848;268.713318461263;peak;False;;0.0;;640;[320, 100];;;;;0.0
1747096618.1579354;2025-05-13 02:36:58.157;268.7090712552948;peak;False;;0.0;;640;[320, 100];;;;;0.0
1747096618.4741442;2025-05-13 02:36:58.474;268.8098380971417;peak;False;;0.0;;640;[320, 100];;;;;0.0
1747096618.78111;2025-05-13 02:36:58.781;269.0608971960073;peak;False;;0.0;;640;[320, 100];;;;;0.0
1747096619.0887692;2025-05-13 02:36:59.088;268.53829391476245;peak;False;;0.0;;640;[320, 100];;;;;0.0
1747096619.3970952;2025-05-13 02:36:59.397;268.8760444337117;peak;False;;0.0;;640;[320, 100];;;;;0.0
1747096619.7044353;2025-05-13 02:36:59.704;269.0472715533733;peak;False;;0.0;;640;[320, 100];;;;;0.0
1747096620.0106268;2025-05-13 02:37:00.010;268.56691051394745;peak;False;;0.0;;640;[320, 100];;;;;0.0
1747096620.3161633;2025-05-13 02:37:00.316;268.76972656747716;peak;False;;0.0;;640;[320, 100];;;;;0.0
1747096620.6210408;2025-05-13 02:37:00.621;268.9487240209916;peak;False;;0.0;;640;[320, 100];;;;;0.0
1747096620.9242282;2025-05-13 02:37:00.924;268.5873672252013;peak;False;;0.0;;640;[320, 100];;;;;0.0
1747096621.2310288;2025-05-13 02:37:01.231;268.6856990694024;peak;False;;0.0;;640;[320, 100];;;;;0.0
1747096621.5347111;2025-05-13 02:37:01.534;268.75766302786553;peak;False;;0.0;;640;[320, 100];;;;;0.0
1747096621.8407154;2025-05-13 02:37:01.840;268.8207523912829;peak;False;;0.0;;640;[320, 100];;;;;0.0
1747096622.147357;2025-05-13 02:37:02.147;268.81235145598384;peak;False;;0.0;;640;[320, 100];;;;;0.0
1747096622.4516423;2025-05-13 02:37:02.451;268.87908609222677;peak;False;;0.0;;640;[320, 100];;;;;0.0
1747096622.7640378;2025-05-13 02:37:02.764;268.7193465773973;peak;False;;0.0;;640;[320, 100];;;;;0.0
1747096623.0718257;2025-05-13 02:37:03.071;268.9694115584801;peak;False;;0.0;;640;[320, 100];;;;;0.0
1747096623.3799884;2025-05-13 02:37:03.379;269.1104907203523;peak;False;;0.0;;640;[320, 100];;;;;0.0
1747096623.6925087;2025-05-13 02:37:03.692;268.9476351129893;peak;False;;0.0;;640;[320, 100];;;;;0.0
1747096624.0024366;2025-05-13 02:37:04.002;268.63686434586674;peak;False;;0.0;;640;[320, 100];;;;;0.0
1747096624.3096232;2025-05-13 02:37:04.309;268.9396436707077;peak;False;;0.0;;640;[320, 100];;;;;0.0
1747096624.6149335;2025-05-13 02:37:04.614;269.2203990749412;peak;False;;0.0;;640;[320, 100];;;;;0.0
1747096624.9248266;2025-05-13 02:37:04.924;268.65084001652616;peak;False;;0.0;;640;[320, 100];;;;;0.0
1747096625.228021;2025-05-13 02:37:05.228;269.13580053523776;peak;False;;0.0;;640;[320, 100];;;;;0.0
1747096625.5386178;2025-05-13 02:37:05.538;269.0379468298541;peak;False;;0.0;;640;[320, 100];;;;;0.0
1747096625.850708;2025-05-13 02:37:05.850;269.08785743470895;peak;False;;0.0;;640;[320, 100];;;;;0.0
1747096626.1590285;2025-05-13 02:37:06.159;268.4185266205036;peak;False;;0.0;;640;[320, 100];;;;;0.0
1747096626.4677074;2025-05-13 02:37:06.467;268.71806663415975;peak;False;;0.0;;640;[320, 100];;;;;0.0
1747096626.7743297;2025-05-13 02:37:06.774;269.1026774919713;peak;False;;0.0;;640;[320, 100];;;;;0.0
1747096627.08508;2025-05-13 02:37:07.085;268.64941959298653;peak;False;;0.0;;640;[320, 100];;;;;0.0
1747096627.3936002;2025-05-13 02:37:07.393;269.31634604874847;peak;False;;0.0;;640;[320, 100];;;;;0.0
1747096627.7018592;2025-05-13 02:37:07.701;268.9641388600057;peak;False;;0.0;;640;[320, 100];;;;;0.0
1747096628.0109937;2025-05-13 02:37:08.010;268.99572772042023;peak;False;;0.0;;640;[320, 100];;;;;0.0
1747096628.3208318;2025-05-13 02:37:08.320;268.43184863715237;peak;False;;0.0;;640;[320, 100];;;;;0.0
1747096628.6260037;2025-05-13 02:37:08.626;269.07823694198976;peak;False;;0.0;;640;[320, 100];;;;;0.0
1747096628.9330695;2025-05-13 02:37:08.933;268.67901986677657;peak;False;;0.0;;640;[320, 100];;;;;0.0
1747096629.2394576;2025-05-13 02:37:09.239;269.0710383957992;peak;False;;0.0;;640;[320, 100];;;;;0.0
1747096629.5456011;2025-05-13 02:37:09.545;269.1080781227846;peak;False;;0.0;;640;[320, 100];;;;;0.0
1747096629.85364;2025-05-13 02:37:09.853;269.23440036212025;peak;False;;0.0;;640;[320, 100];;;;;0.0
1747096630.1627991;2025-05-13 02:37:10.162;269.08592241064616;peak;False;;0.0;;640;[320, 100];;;;;0.0
1747096630.470353;2025-05-13 02:37:10.470;269.3257242228667;peak;False;;0.0;;640;[320, 100];;;;;0.0
1747096630.777463;2025-05-13 02:37:10.777;268.8724166059334;peak;False;;0.0;;640;[320, 100];;;;;0.0
1747096631.0823472;2025-05-13 02:37:11.082;269.17512939065625;peak;False;;0.0;;640;[320, 100];;;;;0.0
1747096631.391805;2025-05-13 02:37:11.391;269.2915122175739;peak;False;;0.0;;640;[320, 100];;;;;0.0
1747096631.6978042;2025-05-13 02:37:11.697;269.32319905890483;peak;False;;0.0;;640;[320, 100];;;;;0.0
1747096632.006793;2025-05-13 02:37:12.006;269.486515116369;peak;False;;0.0;;640;[320, 100];;;;;0.0
1747096632.3149602;2025-05-13 02:37:12.314;269.42428865036146;peak;False;;0.0;;640;[320, 100];;;;;0.0
1747096632.6244423;2025-05-13 02:37:12.624;268.81199276499393;peak;False;;0.0;;640;[320, 100];;;;;0.0
1747096632.9281685;2025-05-13 02:37:12.928;269.14133912633457;peak;False;;0.0;;640;[320, 100];;;;;0.0
1747096633.2356205;2025-05-13 02:37:13.235;268.9511123028777;peak;False;;0.0;;640;[320, 100];;;;;0.0
1747096633.5411923;2025-05-13 02:37:13.541;268.8222471775919;peak;False;;0.0;;640;[320, 100];;;;;0.0
1747096633.845974;2025-05-13 02:37:13.845;269.2402781906244;peak;False;;0.0;;640;[320, 100];;;;;0.0
1747096634.1543322;2025-05-13 02:37:14.154;269.4578832681178;peak;False;;0.0;;640;[320, 100];;;;;0.0
1747096634.4618244;2025-05-13 02:37:14.461;269.0068274271698;peak;False;;0.0;;640;[320, 100];;;;;0.0
1747096634.7703393;2025-05-13 02:37:14.770;269.1564360300576;peak;False;;0.0;;640;[320, 100];;;;;0.0
1747096635.0798876;2025-05-13 02:37:15.079;268.95131927467287;peak;False;;0.0;;640;[320, 100];;;;;0.0
1747096635.3878503;2025-05-13 02:37:15.387;269.3435470431795;peak;False;;0.0;;640;[320, 100];;;;;0.0
1747096635.693776;2025-05-13 02:37:15.693;269.07045582580156;peak;False;;0.0;;640;[320, 100];;;;;0.0
1747096636.0045605;2025-05-13 02:37:16.004;268.9053051740094;peak;False;;0.0;;640;[320, 100];;;;;0.0
1747096636.3163166;2025-05-13 02:37:16.316;269.05692391793934;peak;False;;0.0;;640;[320, 100];;;;;0.0
1747096636.632066;2025-05-13 02:37:16.632;268.43324488536416;peak;False;;0.0;;640;[320, 100];;;;;0.0
1747096636.9402847;2025-05-13 02:37:16.940;269.2947711886804;peak;False;;0.0;;640;[320, 100];;;;;0.0
1747096637.2469263;2025-05-13 02:37:17.246;268.90105211899424;peak;False;;0.0;;640;[320, 100];;;;;0.0
1747096637.5560367;2025-05-13 02:37:17.556;269.51141620584826;peak;False;;0.0;;640;[320, 100];;;;;0.0
1747096637.862329;2025-05-13 02:37:17.862;269.14066371558226;peak;False;;0.0;;640;[320, 100];;;;;0.0
1747096638.1727862;2025-05-13 02:37:18.172;269.23565223304604;peak;False;;0.0;;640;[320, 100];;;;;0.0
1747096638.4788048;2025-05-13 02:37:18.478;269.3312839154599;peak;False;;0.0;;640;[320, 100];;;;;0.0
1747096638.787308;2025-05-13 02:37:18.787;269.2938799272012;peak;False;;0.0;;640;[320, 100];;;;;0.0
1747096639.0994864;2025-05-13 02:37:19.099;269.16445294828725;peak;False;;0.0;;640;[320, 100];;;;;0.0
1747096639.4071708;2025-05-13 02:37:19.407;269.37861910660695;peak;False;;0.0;;640;[320, 100];;;;;0.0
1747096639.7161639;2025-05-13 02:37:19.716;268.83187330139356;peak;False;;0.0;;640;[320, 100];;;;;0.0
1747096640.021533;2025-05-13 02:37:20.021;269.1004343956686;peak;False;;0.0;;640;[320, 100];;;;;0.0
1747096640.3270907;2025-05-13 02:37:20.327;268.69056530183707;peak;False;;0.0;;640;[320, 100];;;;;0.0
1747096640.6412811;2025-05-13 02:37:20.641;269.0848757715105;peak;False;;0.0;;640;[320, 100];;;;;0.0
1747096640.9486973;2025-05-13 02:37:20.948;269.39596233860095;peak;False;;0.0;;640;[320, 100];;;;;0.0
1747096641.2632518;2025-05-13 02:37:21.263;269.15885116342173;peak;False;;0.0;;640;[320, 100];;;;;0.0
1747096641.5725625;2025-05-13 02:37:21.572;268.7991980896714;peak;False;;0.0;;640;[320, 100];;;;;0.0
1747096641.8809488;2025-05-13 02:37:21.880;269.65530147240275;peak;False;;0.0;;640;[320, 100];;;;;0.0
1747096642.1853273;2025-05-13 02:37:22.185;269.4741199592603;peak;False;;0.0;;640;[320, 100];;;;;0.0
1747096642.4895203;2025-05-13 02:37:22.489;269.17950805114845;peak;False;;0.0;;640;[320, 100];;;;;0.0
1747096642.7989361;2025-05-13 02:37:22.798;269.21666150419634;peak;False;;0.0;;640;[320, 100];;;;;0.0
1747096643.1076663;2025-05-13 02:37:23.107;269.4584373519018;peak;False;;0.0;;640;[320, 100];;;;;0.0
1747096643.4150474;2025-05-13 02:37:23.415;269.2589719427707;peak;False;;0.0;;640;[320, 100];;;;;0.0
1747096643.7243352;2025-05-13 02:37:23.724;269.45795867123616;peak;False;;0.0;;640;[320, 100];;;;;0.0
1747096644.0326715;2025-05-13 02:37:24.032;269.58201549598607;peak;False;;0.0;;640;[320, 100];;;;;0.0
1747096644.3367846;2025-05-13 02:37:24.336;269.3692331693981;peak;False;;0.0;;640;[320, 100];;;;;0.0
1747096644.6440983;2025-05-13 02:37:24.644;269.44143758047045;peak;False;;0.0;;640;[320, 100];;;;;0.0
1747096644.9527025;2025-05-13 02:37:24.952;269.4695823153326;peak;False;;0.0;;640;[320, 100];;;;;0.0
1747096645.261649;2025-05-13 02:37:25.261;269.3731346264895;peak;False;;0.0;;640;[320, 100];;;;;0.0
1747096645.5777538;2025-05-13 02:37:25.577;269.05859516322045;peak;False;;0.0;;640;[320, 100];;;;;0.0
1747096645.883518;2025-05-13 02:37:25.883;269.25639962096886;peak;False;;0.0;;640;[320, 100];;;;;0.0
1747096646.1898437;2025-05-13 02:37:26.189;269.2787773311109;peak;False;;0.0;;640;[320, 100];;;;;0.0
1747096646.4977787;2025-05-13 02:37:26.497;269.34918833254807;peak;False;;0.0;;640;[320, 100];;;;;0.0
1747096646.802597;2025-05-13 02:37:26.802;269.29775782054776;peak;False;;0.0;;640;[320, 100];;;;;0.0
1747096647.1084366;2025-05-13 02:37:27.108;268.91693176147703;peak;False;;0.0;;640;[320, 100];;;;;0.0
1747096647.4183736;2025-05-13 02:37:27.418;269.41777051495995;peak;False;;0.0;;640;[320, 100];;;;;0.0
1747096647.7239125;2025-05-13 02:37:27.723;269.33585497867045;peak;False;;0.0;;640;[320, 100];;;;;0.0
1747096648.0394013;2025-05-13 02:37:28.039;269.7134768285914;peak;False;;0.0;;640;[320, 100];;;;;0.0
1747096648.3721857;2025-05-13 02:37:28.372;269.68438355801925;peak;False;;0.0;;640;[320, 100];;;;;0.0
1747096648.737597;2025-05-13 02:37:28.737;269.0380564803768;peak;False;;0.0;;640;[320, 100];;;;;0.0
1747096649.0559316;2025-05-13 02:37:29.055;269.84917033941457;peak;False;;0.0;;640;[320, 100];;;;;0.0
1747096649.362382;2025-05-13 02:37:29.362;269.4464635583023;peak;False;;0.0;;640;[320, 100];;;;;0.0
1747096649.667947;2025-05-13 02:37:29.667;269.05192160129786;peak;False;;0.0;;640;[320, 100];;;;;0.0
1747096649.9829626;2025-05-13 02:37:29.982;269.2961065573771;peak;False;;0.0;;640;[320, 100];;;;;0.0
1747096650.2877262;2025-05-13 02:37:30.287;269.28357736724615;peak;False;;0.0;;640;[320, 100];;;;;0.0
1747096650.6010778;2025-05-13 02:37:30.601;269.20094800993155;peak;False;;0.0;;640;[320, 100];;;;;0.0
1747096650.9104636;2025-05-13 02:37:30.910;269.8251157931786;peak;False;;0.0;;640;[320, 100];;;;;0.0
1747096651.2166932;2025-05-13 02:37:31.216;269.77898370865114;peak;False;;0.0;;640;[320, 100];;;;;0.0
1747096651.5382774;2025-05-13 02:37:31.538;269.7173993716527;peak;False;;0.0;;640;[320, 100];;;;;0.0
1747096651.9152727;2025-05-13 02:37:31.915;269.3189008773972;peak;False;;0.0;;640;[320, 100];;;;;0.0
1747096652.1265192;2025-05-13 02:37:32.126;269.28008398982735;peak;False;;0.0;;640;[320, 100];;;;;0.0
1747096652.437151;2025-05-13 02:37:32.437;269.64483554181214;peak;False;;0.0;;640;[320, 100];;;;;0.0
1747096652.7487233;2025-05-13 02:37:32.748;269.5925732009597;peak;False;;0.0;;640;[320, 100];;;;;0.0
1747096653.056849;2025-05-13 02:37:33.056;269.70633826552455;peak;False;;0.0;;640;[320, 100];;;;;0.0
1747096653.3599598;2025-05-13 02:37:33.359;269.70758513344214;peak;False;;0.0;;640;[320, 100];;;;;0.0
1747096653.6764598;2025-05-13 02:37:33.676;269.8683956744424;peak;False;;0.0;;640;[320, 100];;;;;0.0
1747096653.9853072;2025-05-13 02:37:33.985;268.9978678282362;peak;False;;0.0;;640;[320, 100];;;;;0.0
1747096654.2924814;2025-05-13 02:37:34.292;269.77083273241226;peak;False;;0.0;;640;[320, 100];;;;;0.0
1747096654.5996199;2025-05-13 02:37:34.599;269.7065443129679;peak;False;;0.0;;640;[320, 100];;;;;0.0
1747096654.9051268;2025-05-13 02:37:34.905;269.225178832102;peak;False;;0.0;;640;[320, 100];;;;;0.0
1747096655.2123246;2025-05-13 02:37:35.212;269.5075686492985;peak;False;;0.0;;640;[320, 100];;;;;0.0
1747096655.5202909;2025-05-13 02:37:35.520;269.53649525015356;peak;False;;0.0;;640;[320, 100];;;;;0.0
1747096655.8316858;2025-05-13 02:37:35.831;269.5939029972921;peak;False;;0.0;;640;[320, 100];;;;;0.0
1747096656.1387923;2025-05-13 02:37:36.138;269.9700071389326;peak;False;;0.0;;640;[320, 100];;;;;0.0
1747096656.4476562;2025-05-13 02:37:36.447;269.134949941784;peak;False;;0.0;;640;[320, 100];;;;;0.0
1747096656.7594707;2025-05-13 02:37:36.759;269.8412751688949;peak;False;;0.0;;640;[320, 100];;;;;0.0
1747096657.0642333;2025-05-13 02:37:37.064;269.5930319573085;peak;False;;0.0;;640;[320, 100];;;;;0.0
1747096657.3767786;2025-05-13 02:37:37.376;269.963625837177;peak;False;;0.0;;640;[320, 100];;;;;0.0
1747096657.6873057;2025-05-13 02:37:37.687;269.5352311852392;peak;False;;0.0;;640;[320, 100];;;;;0.0
1747096657.995122;2025-05-13 02:37:37.995;269.680553633218;peak;False;;0.0;;640;[320, 100];;;;;0.0
1747096658.304623;2025-05-13 02:37:38.304;270.0705235578736;peak;False;;0.0;;640;[320, 100];;;;;0.0
1747096658.6115408;2025-05-13 02:37:38.611;269.93356076251854;peak;False;;0.0;;640;[320, 100];;;;;0.0
1747096658.919007;2025-05-13 02:37:38.919;269.5190935871107;peak;False;;0.0;;640;[320, 100];;;;;0.0
1747096659.2282307;2025-05-13 02:37:39.228;269.5947134954216;peak;False;;0.0;;640;[320, 100];;;;;0.0
1747096659.5311842;2025-05-13 02:37:39.531;269.4662358051835;peak;False;;0.0;;640;[320, 100];;;;;0.0
1747096659.8357499;2025-05-13 02:37:39.835;269.67991815258694;peak;False;;0.0;;640;[320, 100];;;;;0.0
1747096660.1409783;2025-05-13 02:37:40.140;269.8841378428059;peak;False;;0.0;;640;[320, 100];;;;;0.0
1747096660.4492373;2025-05-13 02:37:40.449;269.5986638254384;peak;False;;0.0;;640;[320, 100];;;;;0.0
1747096660.7555559;2025-05-13 02:37:40.755;269.7409945111365;peak;False;;0.0;;640;[320, 100];;;;;0.0
1747096661.0685382;2025-05-13 02:37:41.068;269.6240272829992;peak;False;;0.0;;640;[320, 100];;;;;0.0
1747096661.3756106;2025-05-13 02:37:41.375;269.41100438598124;peak;False;;0.0;;640;[320, 100];;;;;0.0
1747096661.6866257;2025-05-13 02:37:41.686;269.91723617527464;peak;False;;0.0;;640;[320, 100];;;;;0.0
1747096661.991411;2025-05-13 02:37:41.991;269.8770463129118;peak;False;;0.0;;640;[320, 100];;;;;0.0
1747096662.301312;2025-05-13 02:37:42.301;269.4044048994319;peak;False;;0.0;;640;[320, 100];;;;;0.0
1747096662.6069326;2025-05-13 02:37:42.606;269.9779205882143;peak;False;;0.0;;640;[320, 100];;;;;0.0
1747096662.9152834;2025-05-13 02:37:42.915;269.4576463196375;peak;False;;0.0;;640;[320, 100];;;;;0.0
1747096663.2239664;2025-05-13 02:37:43.223;269.92574488372;peak;False;;0.0;;640;[320, 100];;;;;0.0
1747096663.5276482;2025-05-13 02:37:43.527;269.6466092390845;peak;False;;0.0;;640;[320, 100];;;;;0.0
1747096663.8367693;2025-05-13 02:37:43.836;269.6394249663874;peak;False;;0.0;;640;[320, 100];;;;;0.0
1747096664.1420288;2025-05-13 02:37:44.142;269.98766481289204;peak;False;;0.0;;640;[320, 100];;;;;0.0
1747096664.452453;2025-05-13 02:37:44.452;269.9048129768555;peak;False;;0.0;;640;[320, 100];;;;;0.0
1747096664.758762;2025-05-13 02:37:44.758;270.00979702460734;peak;False;;0.0;;640;[320, 100];;;;;0.0
1747096665.067042;2025-05-13 02:37:45.067;269.81086414624014;peak;False;;0.0;;640;[320, 100];;;;;0.0
1747096665.3726501;2025-05-13 02:37:45.372;269.9147605031973;peak;False;;0.0;;640;[320, 100];;;;;0.0
1747096665.6848881;2025-05-13 02:37:45.684;269.77209120666566;peak;False;;0.0;;640;[320, 100];;;;;0.0
1747096665.9953382;2025-05-13 02:37:45.995;269.70918801753675;peak;False;;0.0;;640;[320, 100];;;;;0.0
1747096666.3036757;2025-05-13 02:37:46.303;269.3140908417794;peak;False;;0.0;;640;[320, 100];;;;;0.0
1747096666.6104581;2025-05-13 02:37:46.610;270.1492486130068;peak;False;;0.0;;640;[320, 100];;;;;0.0
1747096666.9160361;2025-05-13 02:37:46.916;270.1325612789427;peak;False;;0.0;;640;[320, 100];;;;;0.0
1747096667.2234213;2025-05-13 02:37:47.223;269.8238305271931;peak;False;;0.0;;640;[320, 100];;;;;0.0
1747096667.53625;2025-05-13 02:37:47.536;269.93029371511284;peak;False;;0.0;;640;[320, 100];;;;;0.0
1747096667.8456366;2025-05-13 02:37:47.845;269.63079999062785;peak;False;;0.0;;640;[320, 100];;;;;0.0
1747096668.15251;2025-05-13 02:37:48.152;269.9465869665176;peak;False;;0.0;;640;[320, 100];;;;;0.0
1747096668.4581974;2025-05-13 02:37:48.458;269.9158988312411;peak;False;;0.0;;640;[320, 100];;;;;0.0
1747096668.7659667;2025-05-13 02:37:48.765;270.19592512349425;peak;False;;0.0;;640;[320, 100];;;;;0.0
1747096669.0700448;2025-05-13 02:37:49.070;270.29720096216926;peak;False;;0.0;;640;[320, 100];;;;;0.0
1747096669.3770194;2025-05-13 02:37:49.377;270.0280403664362;peak;False;;0.0;;640;[320, 100];;;;;0.0
1747096669.687024;2025-05-13 02:37:49.687;269.6614831749556;peak;False;;0.0;;640;[320, 100];;;;;0.0
1747096669.9940076;2025-05-13 02:37:49.994;270.3578240031622;peak;False;;0.0;;640;[320, 100];;;;;0.0
1747096670.3020651;2025-05-13 02:37:50.302;270.1852286544177;peak;False;;0.0;;640;[320, 100];;;;;0.0
1747096670.6072226;2025-05-13 02:37:50.607;270.5134891651767;peak;False;;0.0;;640;[320, 100];;;;;0.0
1747096670.9163618;2025-05-13 02:37:50.916;270.08007373179163;peak;False;;0.0;;640;[320, 100];;;;;0.0
1747096671.2211044;2025-05-13 02:37:51.221;270.18615864213604;peak;False;;0.0;;640;[320, 100];;;;;0.0
1747096671.5328538;2025-05-13 02:37:51.532;270.0503061206792;peak;False;;0.0;;640;[320, 100];;;;;0.0
1747096671.8445477;2025-05-13 02:37:51.844;270.09789235058054;peak;False;;0.0;;640;[320, 100];;;;;0.0
1747096672.150867;2025-05-13 02:37:52.150;269.7137467336093;peak;False;;0.0;;640;[320, 100];;;;;0.0
1747096672.4664495;2025-05-13 02:37:52.466;270.09208520762854;peak;False;;0.0;;640;[320, 100];;;;;0.0
1747096672.7746437;2025-05-13 02:37:52.774;270.2290661643364;peak;False;;0.0;;640;[320, 100];;;;;0.0
1747096673.083114;2025-05-13 02:37:53.083;269.9825929321845;peak;False;;0.0;;640;[320, 100];;;;;0.0
1747096673.3915684;2025-05-13 02:37:53.391;270.2190280709078;peak;False;;0.0;;640;[320, 100];;;;;0.0
1747096673.6980858;2025-05-13 02:37:53.698;269.80384453431003;peak;False;;0.0;;640;[320, 100];;;;;0.0
1747096674.0007765;2025-05-13 02:37:54.000;270.0317171469509;peak;False;;0.0;;640;[320, 100];;;;;0.0
1747096674.311211;2025-05-13 02:37:54.311;269.7401931288468;peak;False;;0.0;;640;[320, 100];;;;;0.0
1747096674.6141508;2025-05-13 02:37:54.614;270.5013271300625;peak;False;;0.0;;640;[320, 100];;;;;0.0
1747096674.9217443;2025-05-13 02:37:54.921;269.6966838430851;peak;False;;0.0;;640;[320, 100];;;;;0.0
1747096675.2291284;2025-05-13 02:37:55.229;269.5616995662857;peak;False;;0.0;;640;[320, 100];;;;;0.0
1747096675.5374532;2025-05-13 02:37:55.537;269.58372037140634;peak;False;;0.0;;640;[320, 100];;;;;0.0
1747096675.8461564;2025-05-13 02:37:55.846;270.2189988374837;peak;False;;0.0;;640;[320, 100];;;;;0.0
1747096676.1564867;2025-05-13 02:37:56.156;269.8821996225055;peak;False;;0.0;;640;[320, 100];;;;;0.0
1747096676.4642577;2025-05-13 02:37:56.464;269.99691178058526;peak;False;;0.0;;640;[320, 100];;;;;0.0
1747096676.7749233;2025-05-13 02:37:56.774;269.9811560903558;peak;False;;0.0;;640;[320, 100];;;;;0.0
1747096677.0812607;2025-05-13 02:37:57.081;270.10775032805714;peak;False;;0.0;;640;[320, 100];;;;;0.0
1747096677.3917937;2025-05-13 02:37:57.391;269.5586169748795;peak;False;;0.0;;640;[320, 100];;;;;0.0
1747096677.7237635;2025-05-13 02:37:57.723;270.13561766317673;peak;False;;0.0;;640;[320, 100];;;;;0.0
1747096678.0851657;2025-05-13 02:37:58.085;269.8988854934388;peak;False;;0.0;;640;[320, 100];;;;;0.0
1747096678.2950187;2025-05-13 02:37:58.295;270.20444560222086;peak;False;;0.0;;640;[320, 100];;;;;0.0
1747096678.6076243;2025-05-13 02:37:58.607;270.35762161804155;peak;False;;0.0;;640;[320, 100];;;;;0.0
1747096678.9200969;2025-05-13 02:37:58.920;270.1796989848216;peak;False;;0.0;;640;[320, 100];;;;;0.0
1747096679.226482;2025-05-13 02:37:59.226;270.4580624199467;peak;False;;0.0;;640;[320, 100];;;;;0.0
1747096679.5381408;2025-05-13 02:37:59.538;270.0945543538383;peak;False;;0.0;;640;[320, 100];;;;;0.0
1747096679.8463838;2025-05-13 02:37:59.846;269.92615902002376;peak;False;;0.0;;640;[320, 100];;;;;0.0
1747096680.1511452;2025-05-13 02:38:00.151;270.05502760960144;peak;False;;0.0;;640;[320, 100];;;;;0.0
1747096680.4573212;2025-05-13 02:38:00.457;269.8919467562503;peak;False;;0.0;;640;[320, 100];;;;;0.0
1747096680.762631;2025-05-13 02:38:00.762;270.015289022949;peak;False;;0.0;;640;[320, 100];;;;;0.0
1747096681.0748909;2025-05-13 02:38:01.074;270.3975977918337;peak;False;;0.0;;640;[320, 100];;;;;0.0
1747096681.3807764;2025-05-13 02:38:01.380;270.1531813337041;peak;False;;0.0;;640;[320, 100];;;;;0.0
1747096681.6847558;2025-05-13 02:38:01.684;270.573492872545;peak;False;;0.0;;640;[320, 100];;;;;0.0
1747096681.9903011;2025-05-13 02:38:01.990;270.1576490947468;peak;False;;0.0;;640;[320, 100];;;;;0.0
1747096682.2963295;2025-05-13 02:38:02.296;270.2275246533172;peak;False;;0.0;;640;[320, 100];;;;;0.0
1747096682.6041274;2025-05-13 02:38:02.604;270.2127928354101;peak;False;;0.0;;640;[320, 100];;;;;0.0
1747096682.9153018;2025-05-13 02:38:02.915;270.20428236686206;peak;False;;0.0;;640;[320, 100];;;;;0.0
1747096683.2217762;2025-05-13 02:38:03.221;270.60316538301566;peak;False;;0.0;;640;[320, 100];;;;;0.0
1747096683.5305147;2025-05-13 02:38:03.530;270.2762788424008;peak;False;;0.0;;640;[320, 100];;;;;0.0
1747096683.8629587;2025-05-13 02:38:03.862;269.94861281047866;peak;False;;0.0;;640;[320, 100];;;;;0.0
1747096684.229273;2025-05-13 02:38:04.229;269.85947693383036;peak;False;;0.0;;640;[320, 100];;;;;0.0
1747096684.5412116;2025-05-13 02:38:04.541;270.2370455757348;peak;False;;0.0;;640;[320, 100];;;;;0.0
1747096684.8560696;2025-05-13 02:38:04.856;269.8745423429237;peak;False;;0.0;;640;[320, 100];;;;;0.0
1747096685.1649902;2025-05-13 02:38:05.164;270.1808773142202;peak;False;;0.0;;640;[320, 100];;;;;0.0
1747096685.4707892;2025-05-13 02:38:05.470;270.5030631232719;peak;False;;0.0;;640;[320, 100];;;;;0.0
1747096685.778451;2025-05-13 02:38:05.778;270.29561127024704;peak;False;;0.0;;640;[320, 100];;;;;0.0
1747096686.089077;2025-05-13 02:38:06.089;269.50684776457274;peak;False;;0.0;;640;[320, 100];;;;;0.0
1747096686.3995543;2025-05-13 02:38:06.399;270.287828246662;peak;False;;0.0;;640;[320, 100];;;;;0.0
1747096686.709821;2025-05-13 02:38:06.709;270.2005191113543;peak;False;;0.0;;640;[320, 100];;;;;0.0
1747096687.014311;2025-05-13 02:38:07.014;269.882311419601;peak;False;;0.0;;640;[320, 100];;;;;0.0
1747096687.3253322;2025-05-13 02:38:07.325;269.9671224627677;peak;False;;0.0;;640;[320, 100];;;;;0.0
1747096687.6343672;2025-05-13 02:38:07.634;270.1781458706703;peak;False;;0.0;;640;[320, 100];;;;;0.0
1747096687.9430745;2025-05-13 02:38:07.943;270.2349647527057;peak;False;;0.0;;640;[320, 100];;;;;0.0
1747096688.2547572;2025-05-13 02:38:08.254;270.3237598101312;peak;False;;0.0;;640;[320, 100];;;;;0.0
1747096688.5636854;2025-05-13 02:38:08.563;270.4160094387432;peak;False;;0.0;;640;[320, 100];;;;;0.0
1747096688.8715184;2025-05-13 02:38:08.871;270.26692862654016;peak;False;;0.0;;640;[320, 100];;;;;0.0
1747096689.1823976;2025-05-13 02:38:09.182;270.4343792994726;peak;False;;0.0;;640;[320, 100];;;;;0.0
1747096689.4915493;2025-05-13 02:38:09.491;270.379547033333;peak;False;;0.0;;640;[320, 100];;;;;0.0
1747096689.8008084;2025-05-13 02:38:09.800;270.1665954866153;peak;False;;0.0;;640;[320, 100];;;;;0.0
1747096690.110207;2025-05-13 02:38:10.110;270.642408203211;peak;False;;0.0;;640;[320, 100];;;;;0.0
1747096690.419208;2025-05-13 02:38:10.419;270.3734596613432;peak;False;;0.0;;640;[320, 100];;;;;0.0
1747096690.7306097;2025-05-13 02:38:10.730;270.12567496427766;peak;False;;0.0;;640;[320, 100];;;;;0.0
1747096691.038274;2025-05-13 02:38:11.038;270.25861104213806;peak;False;;0.0;;640;[320, 100];;;;;0.0
1747096691.3487456;2025-05-13 02:38:11.348;270.33070235644016;peak;False;;0.0;;640;[320, 100];;;;;0.0
1747096691.6565077;2025-05-13 02:38:11.656;270.3522288961773;peak;False;;0.0;;640;[320, 100];;;;;0.0
1747096692.0707126;2025-05-13 02:38:12.070;270.4614800443673;peak;False;;0.0;;640;[320, 100];;;;;0.0
1747096692.3808496;2025-05-13 02:38:12.380;270.3002736888823;peak;False;;0.0;;640;[320, 100];;;;;0.0
1747096692.7580214;2025-05-13 02:38:12.758;270.39898302232456;peak;False;;0.0;;640;[320, 100];;;;;0.0
1747096692.9730148;2025-05-13 02:38:12.973;270.6159498318608;peak;False;;0.0;;640;[320, 100];;;;;0.0
1747096693.2840476;2025-05-13 02:38:13.284;270.387152764503;peak;False;;0.0;;640;[320, 100];;;;;0.0
1747096693.5890725;2025-05-13 02:38:13.589;270.5552017458742;peak;False;;0.0;;640;[320, 100];;;;;0.0
1747096693.8944185;2025-05-13 02:38:13.894;270.0225472837794;peak;False;;0.0;;640;[320, 100];;;;;0.0
1747096694.205747;2025-05-13 02:38:14.205;270.3693412285989;peak;False;;0.0;;640;[320, 100];;;;;0.0
1747096694.5097804;2025-05-13 02:38:14.509;270.73144928697326;peak;False;;0.0;;640;[320, 100];;;;;0.0
1747096694.8268604;2025-05-13 02:38:14.826;270.67332184432394;peak;False;;0.0;;640;[320, 100];;;;;0.0
1747096695.1308281;2025-05-13 02:38:15.130;270.32256139370696;peak;False;;0.0;;640;[320, 100];;;;;0.0
1747096695.4407325;2025-05-13 02:38:15.440;270.8928674543389;peak;False;;0.0;;640;[320, 100];;;;;0.0
1747096695.7509713;2025-05-13 02:38:15.750;270.5501559543733;peak;False;;0.0;;640;[320, 100];;;;;0.0
1747096696.0552645;2025-05-13 02:38:16.055;270.303625015537;peak;False;;0.0;;640;[320, 100];;;;;0.0
1747096696.414036;2025-05-13 02:38:16.414;270.65396960369833;peak;False;;0.0;;640;[320, 100];;;;;0.0
1747096696.6447568;2025-05-13 02:38:16.644;270.4576166353692;peak;False;;0.0;;640;[320, 100];;;;;0.0
1747096696.9573138;2025-05-13 02:38:16.957;270.6727099811802;peak;False;;0.0;;640;[320, 100];;;;;0.0
1747096697.2669423;2025-05-13 02:38:17.266;270.5832890933758;peak;False;;0.0;;640;[320, 100];;;;;0.0
1747096697.576275;2025-05-13 02:38:17.576;270.37303100713086;peak;False;;0.0;;640;[320, 100];;;;;0.0
1747096697.893048;2025-05-13 02:38:17.893;270.3619564249194;peak;False;;0.0;;640;[320, 100];;;;;0.0
1747096698.20046;2025-05-13 02:38:18.200;270.4772520580628;peak;False;;0.0;;640;[320, 100];;;;;0.0
1747096698.5044744;2025-05-13 02:38:18.504;270.52185702956353;peak;False;;0.0;;640;[320, 100];;;;;0.0
1747096698.8119533;2025-05-13 02:38:18.811;270.41967417840686;peak;False;;0.0;;640;[320, 100];;;;;0.0
1747096699.1181953;2025-05-13 02:38:19.118;270.26632055063914;peak;False;;0.0;;640;[320, 100];;;;;0.0
1747096699.4271724;2025-05-13 02:38:19.427;270.6029378237306;peak;False;;0.0;;640;[320, 100];;;;;0.0
1747096699.7325318;2025-05-13 02:38:19.732;270.61055053029264;peak;False;;0.0;;640;[320, 100];;;;;0.0
1747096700.042067;2025-05-13 02:38:20.042;271.07499810163426;peak;False;;0.0;;640;[320, 100];;;;;0.0
1747096700.3522372;2025-05-13 02:38:20.352;270.6185574362876;peak;False;;0.0;;640;[320, 100];;;;;0.0
1747096700.6608045;2025-05-13 02:38:20.660;270.65227181943754;peak;False;;0.0;;640;[320, 100];;;;;0.0
1747096700.9690273;2025-05-13 02:38:20.969;270.5235227838099;peak;False;;0.0;;640;[320, 100];;;;;0.0
1747096701.278471;2025-05-13 02:38:21.278;270.5708036690232;peak;False;;0.0;;640;[320, 100];;;;;0.0
1747096701.5876648;2025-05-13 02:38:21.587;270.50166243328863;peak;False;;0.0;;640;[320, 100];;;;;0.0
1747096701.8908494;2025-05-13 02:38:21.890;270.4330261863075;peak;False;;0.0;;640;[320, 100];;;;;0.0
1747096702.1950095;2025-05-13 02:38:22.195;270.3696686351706;peak;False;;0.0;;640;[320, 100];;;;;0.0
1747096702.5044568;2025-05-13 02:38:22.504;270.5960604262727;peak;False;;0.0;;640;[320, 100];;;;;0.0
1747096702.8166075;2025-05-13 02:38:22.816;270.6971482733042;peak;False;;0.0;;640;[320, 100];;;;;0.0
1747096703.1499321;2025-05-13 02:38:23.149;270.9020023241976;peak;False;;0.0;;640;[320, 100];;;;;0.0
1747096703.4008446;2025-05-13 02:38:23.400;270.2429807865965;peak;False;;0.0;;640;[320, 100];;;;;0.0
1747096703.6153986;2025-05-13 02:38:23.615;270.2164171302692;peak;False;;0.0;;640;[320, 100];;;;;0.0
1747096703.9182231;2025-05-13 02:38:23.918;270.6335688166617;peak;False;;0.0;;640;[320, 100];;;;;0.0
1747096704.225556;2025-05-13 02:38:24.225;270.4626969383269;peak;False;;0.0;;640;[320, 100];;;;;0.0
1747096704.5395286;2025-05-13 02:38:24.539;270.8349915093397;peak;False;;0.0;;640;[320, 100];;;;;0.0
1747096704.8447855;2025-05-13 02:38:24.844;270.56343445971555;peak;False;;0.0;;640;[320, 100];;;;;0.0
1747096705.1507843;2025-05-13 02:38:25.150;270.71289189276905;peak;False;;0.0;;640;[320, 100];;;;;0.0
1747096705.4627717;2025-05-13 02:38:25.462;270.7473312896159;peak;False;;0.0;;640;[320, 100];;;;;0.0
1747096705.7751858;2025-05-13 02:38:25.775;270.51038338658145;peak;False;;0.0;;640;[320, 100];;;;;0.0
1747096706.083134;2025-05-13 02:38:26.083;270.45167871844967;peak;False;;0.0;;640;[320, 100];;;;;0.0
1747096706.3985295;2025-05-13 02:38:26.398;270.6882743549582;peak;False;;0.0;;640;[320, 100];;;;;0.0
1747096706.707962;2025-05-13 02:38:26.707;270.99320578112105;peak;False;;0.0;;640;[320, 100];;;;;0.0
1747096707.047197;2025-05-13 02:38:27.047;270.23257751307045;peak;False;;0.0;;640;[320, 100];;;;;0.0
1747096707.3067892;2025-05-13 02:38:27.306;270.49042709340205;peak;False;;0.0;;640;[320, 100];;;;;0.0
1747096707.5191493;2025-05-13 02:38:27.519;270.8022050739097;peak;False;;0.0;;640;[320, 100];;;;;0.0
1747096707.8265197;2025-05-13 02:38:27.826;270.49428494102256;peak;False;;0.0;;640;[320, 100];;;;;0.0
1747096708.1341937;2025-05-13 02:38:28.134;270.7085540066677;peak;False;;0.0;;640;[320, 100];;;;;0.0
1747096708.4390662;2025-05-13 02:38:28.439;271.4936766150036;peak;False;;0.0;;640;[320, 100];;;;;0.0
1747096708.74503;2025-05-13 02:38:28.745;270.59887971428134;peak;False;;0.0;;640;[320, 100];;;;;0.0
1747096709.0551937;2025-05-13 02:38:29.055;270.89506622685894;peak;False;;0.0;;640;[320, 100];;;;;0.0
1747096709.3633926;2025-05-13 02:38:29.363;270.76293784036346;peak;False;;0.0;;640;[320, 100];;;;;0.0
1747096709.671174;2025-05-13 02:38:29.671;270.4580988402561;peak;False;;0.0;;640;[320, 100];;;;;0.0
1747096709.9765148;2025-05-13 02:38:29.976;270.9863025178075;peak;False;;0.0;;640;[320, 100];;;;;0.0
1747096710.2877645;2025-05-13 02:38:30.287;270.7453748083834;peak;False;;0.0;;640;[320, 100];;;;;0.0
1747096710.5994434;2025-05-13 02:38:30.599;270.29574949488836;peak;False;;0.0;;640;[320, 100];;;;;0.0
1747096710.9119906;2025-05-13 02:38:30.911;271.0619743483714;peak;False;;0.0;;640;[320, 100];;;;;0.0
1747096711.2224896;2025-05-13 02:38:31.222;270.79067590274684;peak;False;;0.0;;640;[320, 100];;;;;0.0
1747096711.528947;2025-05-13 02:38:31.528;270.86250236250237;peak;False;;0.0;;640;[320, 100];;;;;0.0
1747096711.8361554;2025-05-13 02:38:31.836;270.2326168206921;peak;False;;0.0;;640;[320, 100];;;;;0.0
1747096712.1489053;2025-05-13 02:38:32.148;270.7727114405333;peak;False;;0.0;;640;[320, 100];;;;;0.0
1747096712.4542205;2025-05-13 02:38:32.454;270.85043832650547;peak;False;;0.0;;640;[320, 100];;;;;0.0
1747096712.761878;2025-05-13 02:38:32.761;270.9006012732846;peak;False;;0.0;;640;[320, 100];;;;;0.0
1747096713.0725152;2025-05-13 02:38:33.072;270.61835738837283;peak;False;;0.0;;640;[320, 100];;;;;0.0
1747096713.379234;2025-05-13 02:38:33.379;271.15946918010144;peak;False;;0.0;;640;[320, 100];;;;;0.0
1747096713.687823;2025-05-13 02:38:33.687;270.5140742150333;peak;False;;0.0;;640;[320, 100];;;;;0.0
1747096713.9934745;2025-05-13 02:38:33.993;271.40270513837646;peak;False;;0.0;;640;[320, 100];;;;;0.0
1747096714.332698;2025-05-13 02:38:34.332;270.85982504219675;peak;False;;0.0;;640;[320, 100];;;;;0.0
1747096714.5897255;2025-05-13 02:38:34.589;270.75715364173266;peak;False;;0.0;;640;[320, 100];;;;;0.0
1747096714.8982737;2025-05-13 02:38:34.898;270.8862001228599;peak;False;;0.0;;640;[320, 100];;;;;0.0
1747096715.2067254;2025-05-13 02:38:35.206;271.1097653359642;peak;False;;0.0;;640;[320, 100];;;;;0.0
1747096715.5189757;2025-05-13 02:38:35.518;270.8634116545181;peak;False;;0.0;;640;[320, 100];;;;;0.0
1747096715.8272204;2025-05-13 02:38:35.827;270.90623602955105;peak;False;;0.0;;640;[320, 100];;;;;0.0
1747096716.1361344;2025-05-13 02:38:36.136;271.1047559926071;peak;False;;0.0;;640;[320, 100];;;;;0.0
1747096716.4484074;2025-05-13 02:38:36.448;270.37100848976235;peak;False;;0.0;;640;[320, 100];;;;;0.0
1747096716.7522757;2025-05-13 02:38:36.752;271.03588940844355;peak;False;;0.0;;640;[320, 100];;;;;0.0
1747096717.1638875;2025-05-13 02:38:37.163;270.41169942985374;peak;False;;0.0;;640;[320, 100];;;;;0.0
1747096717.4683678;2025-05-13 02:38:37.468;270.8782842921643;peak;False;;0.0;;640;[320, 100];;;;;0.0
1747096717.7727213;2025-05-13 02:38:37.772;271.5142179729365;peak;False;;0.0;;640;[320, 100];;;;;0.0
1747096718.0798638;2025-05-13 02:38:38.079;270.8422507587175;peak;False;;0.0;;640;[320, 100];;;;;0.0
1747096718.3868496;2025-05-13 02:38:38.386;270.8132592972051;peak;False;;0.0;;640;[320, 100];;;;;0.0
1747096718.6926374;2025-05-13 02:38:38.692;271.02945405120875;peak;False;;0.0;;640;[320, 100];;;;;0.0
1747096718.9995787;2025-05-13 02:38:38.999;270.90888602305205;peak;False;;0.0;;640;[320, 100];;;;;0.0
1747096719.3050902;2025-05-13 02:38:39.305;271.0065200502799;peak;False;;0.0;;640;[320, 100];;;;;0.0
1747096719.6110888;2025-05-13 02:38:39.611;271.17288565503236;peak;False;;0.0;;640;[320, 100];;;;;0.0
1747096719.9194524;2025-05-13 02:38:39.919;271.23069963619685;peak;False;;0.0;;640;[320, 100];;;;;0.0
1747096720.2259314;2025-05-13 02:38:40.225;270.68434621687294;peak;False;;0.0;;640;[320, 100];;;;;0.0
1747096720.5314665;2025-05-13 02:38:40.531;270.59964885409113;peak;False;;0.0;;640;[320, 100];;;;;0.0
1747096720.8390348;2025-05-13 02:38:40.839;270.9331871249318;peak;False;;0.0;;640;[320, 100];;;;;0.0
1747096721.146076;2025-05-13 02:38:41.146;270.961320889923;peak;False;;0.0;;640;[320, 100];;;;;0.0
1747096721.4532545;2025-05-13 02:38:41.453;271.1607578749663;peak;False;;0.0;;640;[320, 100];;;;;0.0
1747096721.7602046;2025-05-13 02:38:41.760;271.14543916943313;peak;False;;0.0;;640;[320, 100];;;;;0.0
1747096722.0684738;2025-05-13 02:38:42.068;271.0779358832937;peak;False;;0.0;;640;[320, 100];;;;;0.0
1747096722.3707821;2025-05-13 02:38:42.370;270.5516394607064;peak;False;;0.0;;640;[320, 100];;;;;0.0
1747096722.6825802;2025-05-13 02:38:42.682;271.04926249546736;peak;False;;0.0;;640;[320, 100];;;;;0.0
1747096722.98892;2025-05-13 02:38:42.988;270.9406099602978;peak;False;;0.0;;640;[320, 100];;;;;0.0
1747096723.2918792;2025-05-13 02:38:43.291;270.9489451170884;peak;False;;0.0;;640;[320, 100];;;;;0.0
1747096723.595813;2025-05-13 02:38:43.595;270.76208232375257;peak;False;;0.0;;640;[320, 100];;;;;0.0
1747096723.9000354;2025-05-13 02:38:43.900;271.0385515604593;peak;False;;0.0;;640;[320, 100];;;;;0.0
1747096724.20623;2025-05-13 02:38:44.206;271.11066916603204;peak;False;;0.0;;640;[320, 100];;;;;0.0
1747096724.5112104;2025-05-13 02:38:44.511;270.8420016449392;peak;False;;0.0;;640;[320, 100];;;;;0.0
1747096724.8206346;2025-05-13 02:38:44.820;270.9721541636809;peak;False;;0.0;;640;[320, 100];;;;;0.0
1747096725.1253784;2025-05-13 02:38:45.125;270.67164028391295;peak;False;;0.0;;640;[320, 100];;;;;0.0
1747096725.4269612;2025-05-13 02:38:45.426;271.34642308147096;peak;False;;0.0;;640;[320, 100];;;;;0.0
1747096725.7315907;2025-05-13 02:38:45.731;271.0792974505557;peak;False;;0.0;;640;[320, 100];;;;;0.0
1747096726.0424008;2025-05-13 02:38:46.042;271.14396013580114;peak;False;;0.0;;640;[320, 100];;;;;0.0
1747096726.3477607;2025-05-13 02:38:46.347;271.3419256493646;peak;False;;0.0;;640;[320, 100];;;;;0.0
1747096726.6565673;2025-05-13 02:38:46.656;270.82268280242965;peak;False;;0.0;;640;[320, 100];;;;;0.0
1747096726.9697375;2025-05-13 02:38:46.969;271.39457515025583;peak;False;;0.0;;640;[320, 100];;;;;0.0
1747096727.277118;2025-05-13 02:38:47.277;271.81121710623466;peak;False;;0.0;;640;[320, 100];;;;;0.0
1747096727.5888076;2025-05-13 02:38:47.588;271.1491648573701;peak;False;;0.0;;640;[320, 100];;;;;0.0
1747096727.8937888;2025-05-13 02:38:47.893;270.95087961901663;peak;False;;0.0;;640;[320, 100];;;;;0.0
1747096728.20119;2025-05-13 02:38:48.201;271.0519739495422;peak;False;;0.0;;640;[320, 100];;;;;0.0
1747096728.5118334;2025-05-13 02:38:48.511;271.3391083030073;peak;False;;0.0;;640;[320, 100];;;;;0.0
1747096728.818897;2025-05-13 02:38:48.818;271.32349744824575;peak;False;;0.0;;640;[320, 100];;;;;0.0
1747096729.1257772;2025-05-13 02:38:49.125;271.25493519134807;peak;False;;0.0;;640;[320, 100];;;;;0.0
1747096729.4356465;2025-05-13 02:38:49.435;271.0876338090198;peak;False;;0.0;;640;[320, 100];;;;;0.0
1747096729.744118;2025-05-13 02:38:49.744;271.87217809697336;peak;False;;0.0;;640;[320, 100];;;;;0.0
1747096730.046731;2025-05-13 02:38:50.046;271.55154288450314;peak;False;;0.0;;640;[320, 100];;;;;0.0
1747096730.3524406;2025-05-13 02:38:50.352;271.2619839630239;peak;False;;0.0;;640;[320, 100];;;;;0.0
1747096730.6606052;2025-05-13 02:38:50.660;271.2780073117524;peak;False;;0.0;;640;[320, 100];;;;;0.0
1747096730.9714959;2025-05-13 02:38:50.971;271.10932953453477;peak;False;;0.0;;640;[320, 100];;;;;0.0
1747096731.2805736;2025-05-13 02:38:51.280;271.5352812558469;peak;False;;0.0;;640;[320, 100];;;;;0.0
1747096731.6404033;2025-05-13 02:38:51.640;270.9428714286895;peak;False;;0.0;;640;[320, 100];;;;;0.0
1747096731.8705628;2025-05-13 02:38:51.870;271.1112057707404;peak;False;;0.0;;640;[320, 100];;;;;0.0
1747096732.1835933;2025-05-13 02:38:52.183;271.34951641639094;peak;False;;0.0;;640;[320, 100];;;;;0.0
1747096732.493105;2025-05-13 02:38:52.493;271.0192756035093;peak;False;;0.0;;640;[320, 100];;;;;0.0
1747096732.8025932;2025-05-13 02:38:52.802;271.56054470525;peak;False;;0.0;;640;[320, 100];;;;;0.0
1747096733.1082897;2025-05-13 02:38:53.108;271.4143269341469;peak;False;;0.0;;640;[320, 100];;;;;0.0
1747096733.4169507;2025-05-13 02:38:53.416;271.153780662412;peak;False;;0.0;;640;[320, 100];;;;;0.0
1747096733.724236;2025-05-13 02:38:53.724;271.2199508010167;peak;False;;0.0;;640;[320, 100];;;;;0.0
1747096734.0373034;2025-05-13 02:38:54.037;270.943837479864;peak;False;;0.0;;640;[320, 100];;;;;0.0
1747096734.3482213;2025-05-13 02:38:54.348;270.7088590416948;peak;False;;0.0;;640;[320, 100];;;;;0.0
1747096734.655814;2025-05-13 02:38:54.655;271.3756475657863;peak;False;;0.0;;640;[320, 100];;;;;0.0
1747096734.9636502;2025-05-13 02:38:54.963;271.38345646593797;peak;False;;0.0;;640;[320, 100];;;;;0.0
1747096735.274701;2025-05-13 02:38:55.274;271.2792374265186;peak;False;;0.0;;640;[320, 100];;;;;0.0
1747096735.5813713;2025-05-13 02:38:55.581;270.7789506221764;peak;False;;0.0;;640;[320, 100];;;;;0.0
1747096735.8870537;2025-05-13 02:38:55.887;270.90357511403323;peak;False;;0.0;;640;[320, 100];;;;;0.0
1747096736.1948702;2025-05-13 02:38:56.194;271.03072925655334;peak;False;;0.0;;640;[320, 100];;;;;0.0
1747096736.501879;2025-05-13 02:38:56.501;271.729684721212;peak;False;;0.0;;640;[320, 100];;;;;0.0
1747096736.8090112;2025-05-13 02:38:56.809;271.1048909065341;peak;False;;0.0;;640;[320, 100];;;;;0.0
1747096737.1179283;2025-05-13 02:38:57.117;271.2690114243089;peak;False;;0.0;;640;[320, 100];;;;;0.0
1747096737.4230046;2025-05-13 02:38:57.423;271.1766581316008;peak;False;;0.0;;640;[320, 100];;;;;0.0
1747096737.732941;2025-05-13 02:38:57.732;271.30316438492105;peak;False;;0.0;;640;[320, 100];;;;;0.0
1747096738.0367322;2025-05-13 02:38:58.036;271.7141024894909;peak;False;;0.0;;640;[320, 100];;;;;0.0
1747096738.3447428;2025-05-13 02:38:58.344;270.6151885432577;peak;False;;0.0;;640;[320, 100];;;;;0.0
1747096738.6523545;2025-05-13 02:38:58.652;271.57359100945564;peak;False;;0.0;;640;[320, 100];;;;;0.0
1747096738.9601142;2025-05-13 02:38:58.960;271.24052292461823;peak;False;;0.0;;640;[320, 100];;;;;0.0
1747096739.2665806;2025-05-13 02:38:59.266;271.5449053201082;peak;False;;0.0;;640;[320, 100];;;;;0.0
1747096739.5721254;2025-05-13 02:38:59.572;271.1738448211046;peak;False;;0.0;;640;[320, 100];;;;;0.0
1747096739.8773422;2025-05-13 02:38:59.877;271.5074928861528;peak;False;;0.0;;640;[320, 100];;;;;0.0
1747096740.1910958;2025-05-13 02:39:00.191;271.121593392405;peak;False;;0.0;;640;[320, 100];;;;;0.0
1747096740.4979112;2025-05-13 02:39:00.497;271.24718088590686;peak;False;;0.0;;640;[320, 100];;;;;0.0
1747096740.8017502;2025-05-13 02:39:00.801;271.70238719045125;peak;False;;0.0;;640;[320, 100];;;;;0.0
1747096741.1087918;2025-05-13 02:39:01.108;271.57313444332283;peak;False;;0.0;;640;[320, 100];;;;;0.0
1747096741.4168675;2025-05-13 02:39:01.416;271.14699956655056;peak;False;;0.0;;640;[320, 100];;;;;0.0
1747096741.7260678;2025-05-13 02:39:01.726;271.14962468965916;peak;False;;0.0;;640;[320, 100];;;;;0.0
1747096742.035509;2025-05-13 02:39:02.035;271.5924930635053;peak;False;;0.0;;640;[320, 100];;;;;0.0
1747096742.3490264;2025-05-13 02:39:02.349;271.6468540051913;peak;False;;0.0;;640;[320, 100];;;;;0.0
1747096742.6611884;2025-05-13 02:39:02.661;271.35231529809437;peak;False;;0.0;;640;[320, 100];;;;;0.0
1747096742.9662547;2025-05-13 02:39:02.966;271.73510676661977;peak;False;;0.0;;640;[320, 100];;;;;0.0
1747096743.2716138;2025-05-13 02:39:03.271;271.3404738885121;peak;False;;0.0;;640;[320, 100];;;;;0.0
1747096743.5820043;2025-05-13 02:39:03.582;271.67876679734417;peak;False;;0.0;;640;[320, 100];;;;;0.0
1747096743.88743;2025-05-13 02:39:03.887;271.27114576105146;peak;False;;0.0;;640;[320, 100];;;;;0.0
1747096744.1960034;2025-05-13 02:39:04.196;271.329387509696;peak;False;;0.0;;640;[320, 100];;;;;0.0
1747096744.50183;2025-05-13 02:39:04.501;271.31744944020716;peak;False;;0.0;;640;[320, 100];;;;;0.0
1747096744.810859;2025-05-13 02:39:04.810;271.3584762000224;peak;False;;0.0;;640;[320, 100];;;;;0.0
1747096745.1199129;2025-05-13 02:39:05.119;271.4255380511931;peak;False;;0.0;;640;[320, 100];;;;;0.0
1747096745.4291372;2025-05-13 02:39:05.429;271.6114010267532;peak;False;;0.0;;640;[320, 100];;;;;0.0
1747096745.7384706;2025-05-13 02:39:05.738;271.7170620394374;peak;False;;0.0;;640;[320, 100];;;;;0.0
1747096746.0504832;2025-05-13 02:39:06.050;271.1745684442832;peak;False;;0.0;;640;[320, 100];;;;;0.0
1747096746.3621933;2025-05-13 02:39:06.362;271.1958584523908;peak;False;;0.0;;640;[320, 100];;;;;0.0
1747096746.6728475;2025-05-13 02:39:06.672;271.8695679848164;peak;False;;0.0;;640;[320, 100];;;;;0.0
1747096746.9796562;2025-05-13 02:39:06.979;271.27391141600503;peak;False;;0.0;;640;[320, 100];;;;;0.0
1747096747.2922685;2025-05-13 02:39:07.292;271.36387706580655;peak;False;;0.0;;640;[320, 100];;;;;0.0
1747096747.597599;2025-05-13 02:39:07.597;271.59365847325273;peak;False;;0.0;;640;[320, 100];;;;;0.0
1747096747.905133;2025-05-13 02:39:07.905;271.2633809780001;peak;False;;0.0;;640;[320, 100];;;;;0.0
1747096748.210353;2025-05-13 02:39:08.210;271.64857722396715;peak;False;;0.0;;640;[320, 100];;;;;0.0
1747096748.5152128;2025-05-13 02:39:08.515;271.71125428438705;peak;False;;0.0;;640;[320, 100];;;;;0.0
1747096748.8222787;2025-05-13 02:39:08.822;271.6034036533372;peak;False;;0.0;;640;[320, 100];;;;;0.0
1747096749.128187;2025-05-13 02:39:09.128;271.62895843882677;peak;False;;0.0;;640;[320, 100];;;;;0.0
1747096749.4336522;2025-05-13 02:39:09.433;271.585538439447;peak;False;;0.0;;640;[320, 100];;;;;0.0
1747096749.7441742;2025-05-13 02:39:09.744;271.6333526905179;peak;False;;0.0;;640;[320, 100];;;;;0.0
1747096750.051424;2025-05-13 02:39:10.051;271.44701722726984;peak;False;;0.0;;640;[320, 100];;;;;0.0
1747096750.3610954;2025-05-13 02:39:10.361;271.7021956535322;peak;False;;0.0;;640;[320, 100];;;;;0.0
1747096750.6681266;2025-05-13 02:39:10.668;271.8412649009412;peak;False;;0.0;;640;[320, 100];;;;;0.0
1747096750.976456;2025-05-13 02:39:10.976;271.528279053968;peak;False;;0.0;;640;[320, 100];;;;;0.0
1747096751.2828581;2025-05-13 02:39:11.282;271.67832886048654;peak;False;;0.0;;640;[320, 100];;;;;0.0
1747096751.5963612;2025-05-13 02:39:11.596;271.4532066068522;peak;False;;0.0;;640;[320, 100];;;;;0.0
1747096751.904692;2025-05-13 02:39:11.904;271.2838751043172;peak;False;;0.0;;640;[320, 100];;;;;0.0
1747096752.2165952;2025-05-13 02:39:12.216;271.51529390494534;peak;False;;0.0;;640;[320, 100];;;;;0.0
1747096752.5215843;2025-05-13 02:39:12.521;271.9392429866564;peak;False;;0.0;;640;[320, 100];;;;;0.0
1747096752.823375;2025-05-13 02:39:12.823;271.8324202372232;peak;False;;0.0;;640;[320, 100];;;;;0.0
1747096753.1302185;2025-05-13 02:39:13.130;271.15299172333806;peak;False;;0.0;;640;[320, 100];;;;;0.0
1747096753.4445994;2025-05-13 02:39:13.444;271.9519884668085;peak;False;;0.0;;640;[320, 100];;;;;0.0
1747096753.7510364;2025-05-13 02:39:13.751;271.3068022370309;peak;False;;0.0;;640;[320, 100];;;;;0.0
1747096754.0629835;2025-05-13 02:39:14.062;272.02223877036084;peak;False;;0.0;;640;[320, 100];;;;;0.0
1747096754.371107;2025-05-13 02:39:14.371;271.66586501820643;peak;False;;0.0;;640;[320, 100];;;;;0.0
1747096754.6791492;2025-05-13 02:39:14.679;271.7050846151623;peak;False;;0.0;;640;[320, 100];;;;;0.0
1747096754.9855788;2025-05-13 02:39:14.985;271.4810943917904;peak;False;;0.0;;640;[320, 100];;;;;0.0
1747096755.2950115;2025-05-13 02:39:15.295;271.6266411198874;peak;False;;0.0;;640;[320, 100];;;;;0.0
1747096755.6013224;2025-05-13 02:39:15.601;271.6604737981223;peak;False;;0.0;;640;[320, 100];;;;;0.0
1747096755.9126453;2025-05-13 02:39:15.912;271.9326052062806;peak;False;;0.0;;640;[320, 100];;;;;0.0
1747096756.2212288;2025-05-13 02:39:16.221;271.6174572748177;peak;False;;0.0;;640;[320, 100];;;;;0.0
1747096756.5316474;2025-05-13 02:39:16.531;271.79252080757544;peak;False;;0.0;;640;[320, 100];;;;;0.0
1747096756.84252;2025-05-13 02:39:16.842;271.6440484610646;peak;False;;0.0;;640;[320, 100];;;;;0.0
1747096757.1518817;2025-05-13 02:39:17.151;272.3124337649173;peak;False;;0.0;;640;[320, 100];;;;;0.0
1747096757.4623666;2025-05-13 02:39:17.462;271.3709577694025;peak;False;;0.0;;640;[320, 100];;;;;0.0
1747096757.7677367;2025-05-13 02:39:17.767;272.03954924406213;peak;False;;0.0;;640;[320, 100];;;;;0.0
1747096758.0771475;2025-05-13 02:39:18.077;271.56820907077656;peak;False;;0.0;;640;[320, 100];;;;;0.0
1747096758.3853722;2025-05-13 02:39:18.385;271.9202041815511;peak;False;;0.0;;640;[320, 100];;;;;0.0
1747096758.6904612;2025-05-13 02:39:18.690;271.49379644308425;peak;False;;0.0;;640;[320, 100];;;;;0.0
1747096758.998729;2025-05-13 02:39:18.998;271.6859480203533;peak;False;;0.0;;640;[320, 100];;;;;0.0
1747096759.3027093;2025-05-13 02:39:19.302;271.7335931891742;peak;False;;0.0;;640;[320, 100];;;;;0.0
1747096759.607861;2025-05-13 02:39:19.607;271.7234516350899;peak;False;;0.0;;640;[320, 100];;;;;0.0
1747096759.9146147;2025-05-13 02:39:19.914;272.0315446881287;peak;False;;0.0;;640;[320, 100];;;;;0.0
1747096760.2197108;2025-05-13 02:39:20.219;271.7831200400372;peak;False;;0.0;;640;[320, 100];;;;;0.0
1747096760.520733;2025-05-13 02:39:20.520;271.8299108129164;peak;False;;0.0;;640;[320, 100];;;;;0.0
1747096760.8309271;2025-05-13 02:39:20.830;271.8947966241513;peak;False;;0.0;;640;[320, 100];;;;;0.0
1747096761.1367013;2025-05-13 02:39:21.136;271.7122977146148;peak;False;;0.0;;640;[320, 100];;;;;0.0
1747096761.444187;2025-05-13 02:39:21.444;271.800097178542;peak;False;;0.0;;640;[320, 100];;;;;0.0
1747096761.7544155;2025-05-13 02:39:21.754;272.5345924514384;peak;False;;0.0;;640;[320, 100];;;;;0.0
1747096762.0671582;2025-05-13 02:39:22.067;271.5766549354785;peak;False;;0.0;;640;[320, 100];;;;;0.0
1747096762.3716702;2025-05-13 02:39:22.371;272.20709993051634;peak;False;;0.0;;640;[320, 100];;;;;0.0
1747096762.676633;2025-05-13 02:39:22.676;272.1420877077865;peak;False;;0.0;;640;[320, 100];;;;;0.0
1747096762.9811246;2025-05-13 02:39:22.981;271.81939808191595;peak;False;;0.0;;640;[320, 100];;;;;0.0
1747096763.30507;2025-05-13 02:39:23.305;271.7596412127855;peak;False;;0.0;;640;[320, 100];;;;;0.0
1747096763.6808894;2025-05-13 02:39:23.680;272.06828943772706;peak;False;;0.0;;640;[320, 100];;;;;0.0
1747096763.8917053;2025-05-13 02:39:23.891;271.5324819630387;peak;False;;0.0;;640;[320, 100];;;;;0.0
1747096764.2067294;2025-05-13 02:39:24.206;272.15954021561447;peak;False;;0.0;;640;[320, 100];;;;;0.0
1747096764.51802;2025-05-13 02:39:24.518;271.4252532294931;peak;False;;0.0;;640;[320, 100];;;;;0.0
1747096764.825266;2025-05-13 02:39:24.825;271.3496889756547;peak;False;;0.0;;640;[320, 100];;;;;0.0
1747096765.1332595;2025-05-13 02:39:25.133;271.7953622150967;peak;False;;0.0;;640;[320, 100];;;;;0.0
1747096765.4433594;2025-05-13 02:39:25.443;272.21587339440487;peak;False;;0.0;;640;[320, 100];;;;;0.0
1747096765.753067;2025-05-13 02:39:25.753;271.948932981229;peak;False;;0.0;;640;[320, 100];;;;;0.0
1747096766.0583286;2025-05-13 02:39:26.058;272.0780922077043;peak;False;;0.0;;640;[320, 100];;;;;0.0
1747096766.368778;2025-05-13 02:39:26.368;271.66584448927193;peak;False;;0.0;;640;[320, 100];;;;;0.0
1747096766.67499;2025-05-13 02:39:26.674;271.9646645729739;peak;False;;0.0;;640;[320, 100];;;;;0.0
1747096766.9830613;2025-05-13 02:39:26.983;271.9990102282535;peak;False;;0.0;;640;[320, 100];;;;;0.0
1747096767.2910569;2025-05-13 02:39:27.291;271.9855078117743;peak;False;;0.0;;640;[320, 100];;;;;0.0
1747096767.5963347;2025-05-13 02:39:27.596;272.13728682659854;peak;False;;0.0;;640;[320, 100];;;;;0.0
1747096767.905073;2025-05-13 02:39:27.905;271.7535264424211;peak;False;;0.0;;640;[320, 100];;;;;0.0
1747096768.2119298;2025-05-13 02:39:28.211;272.1868500824988;peak;False;;0.0;;640;[320, 100];;;;;0.0
1747096768.525539;2025-05-13 02:39:28.525;271.79620612062973;peak;False;;0.0;;640;[320, 100];;;;;0.0
1747096768.8333225;2025-05-13 02:39:28.833;272.0201257500502;peak;False;;0.0;;640;[320, 100];;;;;0.0
1747096769.1362724;2025-05-13 02:39:29.136;272.14177747824044;peak;False;;0.0;;640;[320, 100];;;;;0.0
1747096769.4466393;2025-05-13 02:39:29.446;272.1743680996482;peak;False;;0.0;;640;[320, 100];;;;;0.0
1747096769.7534893;2025-05-13 02:39:29.753;271.9584913970177;peak;False;;0.0;;640;[320, 100];;;;;0.0
1747096770.0600657;2025-05-13 02:39:30.060;271.75105475389074;peak;False;;0.0;;640;[320, 100];;;;;0.0
1747096770.3718674;2025-05-13 02:39:30.371;271.92065090425746;peak;False;;0.0;;640;[320, 100];;;;;0.0
1747096770.6791742;2025-05-13 02:39:30.679;271.8227178387942;peak;False;;0.0;;640;[320, 100];;;;;0.0
1747096770.9854784;2025-05-13 02:39:30.985;271.9805943038122;peak;False;;0.0;;640;[320, 100];;;;;0.0
1747096771.2965744;2025-05-13 02:39:31.296;271.86182022883776;peak;False;;0.0;;640;[320, 100];;;;;0.0
1747096771.6046515;2025-05-13 02:39:31.604;272.2409064399901;peak;False;;0.0;;640;[320, 100];;;;;0.0
1747096771.912606;2025-05-13 02:39:31.912;271.9535113900547;peak;False;;0.0;;640;[320, 100];;;;;0.0
1747096772.2174063;2025-05-13 02:39:32.217;272.13138733228794;peak;False;;0.0;;640;[320, 100];;;;;0.0
1747096772.5276356;2025-05-13 02:39:32.527;271.5061782215347;peak;False;;0.0;;640;[320, 100];;;;;0.0
1747096772.8365624;2025-05-13 02:39:32.836;272.2401932011048;peak;False;;0.0;;640;[320, 100];;;;;0.0
1747096773.1413774;2025-05-13 02:39:33.141;272.23082376515737;peak;False;;0.0;;640;[320, 100];;;;;0.0
1747096773.448478;2025-05-13 02:39:33.448;271.74684862838876;peak;False;;0.0;;640;[320, 100];;;;;0.0
1747096773.7571838;2025-05-13 02:39:33.757;271.8372032616685;peak;False;;0.0;;640;[320, 100];;;;;0.0
1747096774.0682333;2025-05-13 02:39:34.068;272.0142990874734;peak;False;;0.0;;640;[320, 100];;;;;0.0
1747096774.3769221;2025-05-13 02:39:34.376;272.31115920676433;peak;False;;0.0;;640;[320, 100];;;;;0.0
1747096774.6814995;2025-05-13 02:39:34.681;272.0732213129925;peak;False;;0.0;;640;[320, 100];;;;;0.0
1747096774.9984612;2025-05-13 02:39:34.998;271.67212304493;peak;False;;0.0;;640;[320, 100];;;;;0.0
1747096775.3083549;2025-05-13 02:39:35.308;271.72097816196543;peak;False;;0.0;;640;[320, 100];;;;;0.0
1747096775.6125345;2025-05-13 02:39:35.612;272.03780407212764;peak;False;;0.0;;640;[320, 100];;;;;0.0
1747096775.921899;2025-05-13 02:39:35.921;271.80016090303735;peak;False;;0.0;;640;[320, 100];;;;;0.0
1747096776.232852;2025-05-13 02:39:36.232;272.40779904509185;peak;False;;0.0;;640;[320, 100];;;;;0.0
1747096776.538542;2025-05-13 02:39:36.538;271.9571174116292;peak;False;;0.0;;640;[320, 100];;;;;0.0
1747096776.850702;2025-05-13 02:39:36.850;271.65121156071945;peak;False;;0.0;;640;[320, 100];;;;;0.0
1747096777.1583662;2025-05-13 02:39:37.158;272.13676309943173;peak;False;;0.0;;640;[320, 100];;;;;0.0
1747096777.4612873;2025-05-13 02:39:37.461;272.4040128974055;peak;False;;0.0;;640;[320, 100];;;;;0.0
1747096777.7679076;2025-05-13 02:39:37.767;272.0319925519005;peak;False;;0.0;;640;[320, 100];;;;;0.0
1747096778.0757616;2025-05-13 02:39:38.075;271.90123493795335;peak;False;;0.0;;640;[320, 100];;;;;0.0
1747096778.3867795;2025-05-13 02:39:38.386;271.76974987849104;peak;False;;0.0;;640;[320, 100];;;;;0.0
1747096778.6948676;2025-05-13 02:39:38.694;271.7154111000281;peak;False;;0.0;;640;[320, 100];;;;;0.0
1747096778.998131;2025-05-13 02:39:38.998;272.3771013371168;peak;False;;0.0;;640;[320, 100];;;;;0.0
1747096779.3062365;2025-05-13 02:39:39.306;271.4430798510656;peak;False;;0.0;;640;[320, 100];;;;;0.0
1747096779.6103601;2025-05-13 02:39:39.610;272.2006363017092;peak;False;;0.0;;640;[320, 100];;;;;0.0
1747096779.918983;2025-05-13 02:39:39.918;272.27077734717545;peak;False;;0.0;;640;[320, 100];;;;;0.0
1747096780.2212174;2025-05-13 02:39:40.221;272.34153067468503;peak;False;;0.0;;640;[320, 100];;;;;0.0
1747096780.5297608;2025-05-13 02:39:40.529;271.98844805608667;peak;False;;0.0;;640;[320, 100];;;;;0.0
1747096780.8339043;2025-05-13 02:39:40.833;271.9841689543089;peak;False;;0.0;;640;[320, 100];;;;;0.0
1747096781.1438503;2025-05-13 02:39:41.143;272.74326260116936;peak;False;;0.0;;640;[320, 100];;;;;0.0
1747096781.4530385;2025-05-13 02:39:41.453;272.4779639379553;peak;False;;0.0;;640;[320, 100];;;;;0.0
1747096781.7611673;2025-05-13 02:39:41.761;272.062339538499;peak;False;;0.0;;640;[320, 100];;;;;0.0
1747096782.0708017;2025-05-13 02:39:42.070;272.3707594971007;peak;False;;0.0;;640;[320, 100];;;;;0.0
1747096782.3793833;2025-05-13 02:39:42.379;272.4931758645739;peak;False;;0.0;;640;[320, 100];;;;;0.0
1747096782.685051;2025-05-13 02:39:42.685;272.0178847673798;peak;False;;0.0;;640;[320, 100];;;;;0.0
1747096782.9928203;2025-05-13 02:39:42.992;272.15840911926836;peak;False;;0.0;;640;[320, 100];;;;;0.0
1747096783.2990346;2025-05-13 02:39:43.299;272.0820749481555;peak;False;;0.0;;640;[320, 100];;;;;0.0
1747096783.6054177;2025-05-13 02:39:43.605;272.1450864844219;peak;False;;0.0;;640;[320, 100];;;;;0.0
1747096783.9127657;2025-05-13 02:39:43.912;272.3656185160087;peak;False;;0.0;;640;[320, 100];;;;;0.0
1747096784.2195811;2025-05-13 02:39:44.219;272.78023218607336;peak;False;;0.0;;640;[320, 100];;;;;0.0
1747096784.523984;2025-05-13 02:39:44.523;272.8309350786128;peak;False;;0.0;;640;[320, 100];;;;;0.0
1747096784.8353527;2025-05-13 02:39:44.835;272.17728188655906;peak;False;;0.0;;640;[320, 100];;;;;0.0
1747096785.1403697;2025-05-13 02:39:45.140;271.9057573073516;peak;False;;0.0;;640;[320, 100];;;;;0.0
1747096785.4491217;2025-05-13 02:39:45.449;272.5482233796073;peak;False;;0.0;;640;[320, 100];;;;;0.0
1747096785.7582643;2025-05-13 02:39:45.758;272.28657208798944;peak;False;;0.0;;640;[320, 100];;;;;0.0
1747096786.0689802;2025-05-13 02:39:46.068;271.9456591375489;peak;False;;0.0;;640;[320, 100];;;;;0.0
1747096786.4137943;2025-05-13 02:39:46.413;272.46873760501927;peak;False;;0.0;;640;[320, 100];;;;;0.0
1747096786.656642;2025-05-13 02:39:46.656;272.47216901668475;peak;False;;0.0;;640;[320, 100];;;;;0.0
1747096786.9661472;2025-05-13 02:39:46.966;272.1913594753482;peak;False;;0.0;;640;[320, 100];;;;;0.0
1747096787.275919;2025-05-13 02:39:47.275;272.35378008732994;peak;False;;0.0;;640;[320, 100];;;;;0.0
1747096787.5848567;2025-05-13 02:39:47.584;271.977018770732;peak;False;;0.0;;640;[320, 100];;;;;0.0
1747096787.89679;2025-05-13 02:39:47.896;272.2109207313925;peak;False;;0.0;;640;[320, 100];;;;;0.0
1747096788.2084787;2025-05-13 02:39:48.208;272.8445051826627;peak;False;;0.0;;640;[320, 100];;;;;0.0
1747096788.519087;2025-05-13 02:39:48.519;272.40223478404863;peak;False;;0.0;;640;[320, 100];;;;;0.0
1747096788.821172;2025-05-13 02:39:48.821;272.09400195980675;peak;False;;0.0;;640;[320, 100];;;;;0.0
1747096789.1348338;2025-05-13 02:39:49.134;272.52808612838237;peak;False;;0.0;;640;[320, 100];;;;;0.0
1747096789.4425948;2025-05-13 02:39:49.442;272.8437987965425;peak;False;;0.0;;640;[320, 100];;;;;0.0
1747096789.7535555;2025-05-13 02:39:49.753;272.18068463891933;peak;False;;0.0;;640;[320, 100];;;;;0.0
1747096790.0608778;2025-05-13 02:39:50.060;272.15425758332873;peak;False;;0.0;;640;[320, 100];;;;;0.0
1747096790.3730328;2025-05-13 02:39:50.373;271.99126284592586;peak;False;;0.0;;640;[320, 100];;;;;0.0
1747096790.700576;2025-05-13 02:39:50.700;272.1228222651523;peak;False;;0.0;;640;[320, 100];;;;;0.0
1747096791.0689154;2025-05-13 02:39:51.068;272.0222501970568;peak;False;;0.0;;640;[320, 100];;;;;0.0
1747096791.2824848;2025-05-13 02:39:51.282;272.4475008100411;peak;False;;0.0;;640;[320, 100];;;;;0.0
1747096791.5942361;2025-05-13 02:39:51.594;272.2317032822934;peak;False;;0.0;;640;[320, 100];;;;;0.0
1747096791.9030294;2025-05-13 02:39:51.903;272.70545668803805;peak;False;;0.0;;640;[320, 100];;;;;0.0
1747096792.2085536;2025-05-13 02:39:52.208;272.26734996663646;peak;False;;0.0;;640;[320, 100];;;;;0.0
1747096792.5168674;2025-05-13 02:39:52.516;272.29825233550827;peak;False;;0.0;;640;[320, 100];;;;;0.0
1747096792.8236914;2025-05-13 02:39:52.823;272.34334272155564;peak;False;;0.0;;640;[320, 100];;;;;0.0
1747096793.1290486;2025-05-13 02:39:53.129;272.21136380303926;peak;False;;0.0;;640;[320, 100];;;;;0.0
1747096793.4352224;2025-05-13 02:39:53.435;272.4632812063149;peak;False;;0.0;;640;[320, 100];;;;;0.0
1747096793.7424865;2025-05-13 02:39:53.742;272.20773694550377;peak;False;;0.0;;640;[320, 100];;;;;0.0
1747096794.048388;2025-05-13 02:39:54.048;272.33953375463307;peak;False;;0.0;;640;[320, 100];;;;;0.0
1747096794.3607671;2025-05-13 02:39:54.360;272.36023836612594;peak;False;;0.0;;640;[320, 100];;;;;0.0
1747096794.66794;2025-05-13 02:39:54.667;272.7059472396912;peak;False;;0.0;;640;[320, 100];;;;;0.0
1747096794.9784615;2025-05-13 02:39:54.978;272.38699823205155;peak;False;;0.0;;640;[320, 100];;;;;0.0
1747096795.2836106;2025-05-13 02:39:55.283;272.4003867401049;peak;False;;0.0;;640;[320, 100];;;;;0.0
1747096795.5865674;2025-05-13 02:39:55.586;272.4433750907845;peak;False;;0.0;;640;[320, 100];;;;;0.0
1747096795.8939736;2025-05-13 02:39:55.893;272.1635773595852;peak;False;;0.0;;640;[320, 100];;;;;0.0
1747096796.2021606;2025-05-13 02:39:56.202;272.64729212313404;peak;False;;0.0;;640;[320, 100];;;;;0.0
1747096796.506823;2025-05-13 02:39:56.506;272.3437469398033;peak;False;;0.0;;640;[320, 100];;;;;0.0
1747096796.8135028;2025-05-13 02:39:56.813;272.5777650248682;peak;False;;0.0;;640;[320, 100];;;;;0.0
1747096797.1204696;2025-05-13 02:39:57.120;272.2147055949659;peak;False;;0.0;;640;[320, 100];;;;;0.0
1747096797.4298575;2025-05-13 02:39:57.429;272.2853461858935;peak;False;;0.0;;640;[320, 100];;;;;0.0
1747096797.7355518;2025-05-13 02:39:57.735;272.50355837406966;peak;False;;0.0;;640;[320, 100];;;;;0.0
1747096798.0469785;2025-05-13 02:39:58.046;272.6593871791426;peak;False;;0.0;;640;[320, 100];;;;;0.0
1747096798.354282;2025-05-13 02:39:58.354;272.95758844063147;peak;False;;0.0;;640;[320, 100];;;;;0.0
1747096798.6577795;2025-05-13 02:39:58.657;272.0314397824431;peak;False;;0.0;;640;[320, 100];;;;;0.0
1747096798.9664674;2025-05-13 02:39:58.966;272.49120037800714;peak;False;;0.0;;640;[320, 100];;;;;0.0
1747096799.273587;2025-05-13 02:39:59.273;272.77368581176523;peak;False;;0.0;;640;[320, 100];;;;;0.0
1747096799.583872;2025-05-13 02:39:59.583;272.1538204272341;peak;False;;0.0;;640;[320, 100];;;;;0.0
1747096799.8928342;2025-05-13 02:39:59.892;272.1995500599373;peak;False;;0.0;;640;[320, 100];;;;;0.0
1747096800.1966684;2025-05-13 02:40:00.196;272.4131308140159;peak;False;;0.0;;640;[320, 100];;;;;0.0
1747096800.5006106;2025-05-13 02:40:00.500;272.75926407950783;peak;False;;0.0;;640;[320, 100];;;;;0.0
1747096800.8052735;2025-05-13 02:40:00.805;272.12730955135;peak;False;;0.0;;640;[320, 100];;;;;0.0
1747096801.1152802;2025-05-13 02:40:01.115;272.8376078027067;peak;False;;0.0;;640;[320, 100];;;;;0.0
1747096801.422936;2025-05-13 02:40:01.422;272.88059928383217;peak;False;;0.0;;640;[320, 100];;;;;0.0
1747096801.7318394;2025-05-13 02:40:01.731;272.72439419872086;peak;False;;0.0;;640;[320, 100];;;;;0.0
1747096802.0422308;2025-05-13 02:40:02.042;272.70268267554286;peak;False;;0.0;;640;[320, 100];;;;;0.0
1747096802.3570707;2025-05-13 02:40:02.357;272.56146350460324;peak;False;;0.0;;640;[320, 100];;;;;0.0
1747096802.663102;2025-05-13 02:40:02.663;272.68071854429695;peak;False;;0.0;;640;[320, 100];;;;;0.0
1747096802.970752;2025-05-13 02:40:02.970;272.4283898827884;peak;False;;0.0;;640;[320, 100];;;;;0.0
1747096803.2734363;2025-05-13 02:40:03.273;272.6988275666232;peak;False;;0.0;;640;[320, 100];;;;;0.0
1747096803.5804608;2025-05-13 02:40:03.580;272.52084665977793;peak;False;;0.0;;640;[320, 100];;;;;0.0
1747096803.8883255;2025-05-13 02:40:03.888;272.8019239793524;peak;False;;0.0;;640;[320, 100];;;;;0.0
1747096804.1957376;2025-05-13 02:40:04.195;272.86475014429743;peak;False;;0.0;;640;[320, 100];;;;;0.0
1747096804.501423;2025-05-13 02:40:04.501;272.6357898274878;peak;False;;0.0;;640;[320, 100];;;;;0.0
1747096804.8151622;2025-05-13 02:40:04.815;272.8470868887448;peak;False;;0.0;;640;[320, 100];;;;;0.0
1747096805.1279526;2025-05-13 02:40:05.127;272.41348431175817;peak;False;;0.0;;640;[320, 100];;;;;0.0
1747096805.4359257;2025-05-13 02:40:05.435;272.3551346359243;peak;False;;0.0;;640;[320, 100];;;;;0.0
1747096805.7441561;2025-05-13 02:40:05.744;272.650135051189;peak;False;;0.0;;640;[320, 100];;;;;0.0
1747096806.0567021;2025-05-13 02:40:06.056;272.4754711325627;peak;False;;0.0;;640;[320, 100];;;;;0.0
1747096806.3628795;2025-05-13 02:40:06.362;272.82444361633856;peak;False;;0.0;;640;[320, 100];;;;;0.0
1747096806.6718433;2025-05-13 02:40:06.671;272.47007370769444;peak;False;;0.0;;640;[320, 100];;;;;0.0
1747096806.980674;2025-05-13 02:40:06.980;272.4041299518821;peak;False;;0.0;;640;[320, 100];;;;;0.0
1747096807.2860956;2025-05-13 02:40:07.286;272.6251052489952;peak;False;;0.0;;640;[320, 100];;;;;0.0
1747096807.5965266;2025-05-13 02:40:07.596;272.78888369817673;peak;False;;0.0;;640;[320, 100];;;;;0.0
1747096807.9018579;2025-05-13 02:40:07.901;272.53333044985953;peak;False;;0.0;;640;[320, 100];;;;;0.0
1747096808.2138984;2025-05-13 02:40:08.213;272.68009196337164;peak;False;;0.0;;640;[320, 100];;;;;0.0
1747096808.5201685;2025-05-13 02:40:08.520;272.45988003912885;peak;False;;0.0;;640;[320, 100];;;;;0.0
1747096808.8282588;2025-05-13 02:40:08.828;272.48518652501645;peak;False;;0.0;;640;[320, 100];;;;;0.0
1747096809.136483;2025-05-13 02:40:09.136;272.7375021073225;peak;False;;0.0;;640;[320, 100];;;;;0.0
1747096809.4418583;2025-05-13 02:40:09.441;272.4613005380889;peak;False;;0.0;;640;[320, 100];;;;;0.0
1747096809.7481303;2025-05-13 02:40:09.748;272.7304446792636;peak;False;;0.0;;640;[320, 100];;;;;0.0
1747096810.0618849;2025-05-13 02:40:10.061;272.75072214237946;peak;False;;0.0;;640;[320, 100];;;;;0.0
1747096810.3691297;2025-05-13 02:40:10.369;272.66731242901676;peak;False;;0.0;;640;[320, 100];;;;;0.0
1747096810.6797767;2025-05-13 02:40:10.679;272.8796131636948;peak;False;;0.0;;640;[320, 100];;;;;0.0
1747096810.9940386;2025-05-13 02:40:10.994;272.65445027115067;peak;False;;0.0;;640;[320, 100];;;;;0.0
1747096811.3047197;2025-05-13 02:40:11.304;273.0909039417958;peak;False;;0.0;;640;[320, 100];;;;;0.0
1747096811.6109142;2025-05-13 02:40:11.610;273.23755886412306;peak;False;;0.0;;640;[320, 100];;;;;0.0
1747096811.915689;2025-05-13 02:40:11.915;272.596149845487;peak;False;;0.0;;640;[320, 100];;;;;0.0
1747096812.2188678;2025-05-13 02:40:12.218;272.6696395464225;peak;False;;0.0;;640;[320, 100];;;;;0.0
1747096812.5289984;2025-05-13 02:40:12.528;272.49294703268254;peak;False;;0.0;;640;[320, 100];;;;;0.0
1747096812.8325198;2025-05-13 02:40:12.832;273.1014757243347;peak;False;;0.0;;640;[320, 100];;;;;0.0
1747096813.1406703;2025-05-13 02:40:13.140;272.7136124496697;peak;False;;0.0;;640;[320, 100];;;;;0.0
1747096813.4448633;2025-05-13 02:40:13.444;272.72795007370144;peak;False;;0.0;;640;[320, 100];;;;;0.0
1747096813.7506845;2025-05-13 02:40:13.750;272.3669687409973;peak;False;;0.0;;640;[320, 100];;;;;0.0
1747096814.0628142;2025-05-13 02:40:14.062;272.68884559259794;peak;False;;0.0;;640;[320, 100];;;;;0.0
1747096814.3708296;2025-05-13 02:40:14.370;273.09938097540487;peak;False;;0.0;;640;[320, 100];;;;;0.0
1747096814.6757553;2025-05-13 02:40:14.675;273.1156526592475;peak;False;;0.0;;640;[320, 100];;;;;0.0
1747096814.9829168;2025-05-13 02:40:14.982;272.73105511440156;peak;False;;0.0;;640;[320, 100];;;;;0.0
1747096815.2956567;2025-05-13 02:40:15.295;272.52476530697015;peak;False;;0.0;;640;[320, 100];;;;;0.0
1747096815.5997193;2025-05-13 02:40:15.599;272.6463115120921;peak;False;;0.0;;640;[320, 100];;;;;0.0
1747096815.908346;2025-05-13 02:40:15.908;272.74224261054997;peak;False;;0.0;;640;[320, 100];;;;;0.0
1747096816.214002;2025-05-13 02:40:16.214;272.6418329746987;peak;False;;0.0;;640;[320, 100];;;;;0.0
1747096816.523215;2025-05-13 02:40:16.523;272.72317122630335;peak;False;;0.0;;640;[320, 100];;;;;0.0
1747096816.8333538;2025-05-13 02:40:16.833;273.28776008827236;peak;False;;0.0;;640;[320, 100];;;;;0.0
1747096817.141295;2025-05-13 02:40:17.141;272.6761031101841;peak;False;;0.0;;640;[320, 100];;;;;0.0
1747096817.4476142;2025-05-13 02:40:17.447;272.9790940071703;peak;False;;0.0;;640;[320, 100];;;;;0.0
1747096817.7529793;2025-05-13 02:40:17.752;273.01454587545334;peak;False;;0.0;;640;[320, 100];;;;;0.0
1747096818.0591483;2025-05-13 02:40:18.059;273.0491472442876;peak;False;;0.0;;640;[320, 100];;;;;0.0
1747096818.3645763;2025-05-13 02:40:18.364;273.247539969222;peak;False;;0.0;;640;[320, 100];;;;;0.0
1747096818.6758487;2025-05-13 02:40:18.675;272.63889560728256;peak;False;;0.0;;640;[320, 100];;;;;0.0
1747096818.983981;2025-05-13 02:40:18.983;272.6112847083122;peak;False;;0.0;;640;[320, 100];;;;;0.0
1747096819.2975974;2025-05-13 02:40:19.297;273.0131694074888;peak;False;;0.0;;640;[320, 100];;;;;0.0
1747096819.6047986;2025-05-13 02:40:19.604;272.6007657675765;peak;False;;0.0;;640;[320, 100];;;;;0.0
1747096819.9171658;2025-05-13 02:40:19.917;272.71693207456246;peak;False;;0.0;;640;[320, 100];;;;;0.0
1747096820.2229788;2025-05-13 02:40:20.222;272.3995817922499;peak;False;;0.0;;640;[320, 100];;;;;0.0
1747096820.5313563;2025-05-13 02:40:20.531;272.8208519593562;peak;False;;0.0;;640;[320, 100];;;;;0.0
1747096820.8443167;2025-05-13 02:40:20.844;273.04412654332265;peak;False;;0.0;;640;[320, 100];;;;;0.0
1747096821.153134;2025-05-13 02:40:21.153;272.9697222902275;peak;False;;0.0;;640;[320, 100];;;;;0.0
1747096821.4580038;2025-05-13 02:40:21.458;272.70462232444845;peak;False;;0.0;;640;[320, 100];;;;;0.0
1747096821.7697709;2025-05-13 02:40:21.769;272.8078584157849;peak;False;;0.0;;640;[320, 100];;;;;0.0
1747096822.0756238;2025-05-13 02:40:22.075;272.7185639158576;peak;False;;0.0;;640;[320, 100];;;;;0.0
1747096822.3845847;2025-05-13 02:40:22.384;273.0272815283785;peak;False;;0.0;;640;[320, 100];;;;;0.0
1747096822.6918702;2025-05-13 02:40:22.691;272.71836146988323;peak;False;;0.0;;640;[320, 100];;;;;0.0
1747096823.0007489;2025-05-13 02:40:23.000;272.9717257513047;peak;False;;0.0;;640;[320, 100];;;;;0.0
1747096823.3063993;2025-05-13 02:40:23.306;272.97988841364287;peak;False;;0.0;;640;[320, 100];;;;;0.0
1747096823.614087;2025-05-13 02:40:23.614;272.94005488285393;peak;False;;0.0;;640;[320, 100];;;;;0.0
1747096823.9203556;2025-05-13 02:40:23.920;273.08443552781495;peak;False;;0.0;;640;[320, 100];;;;;0.0
1747096824.2289176;2025-05-13 02:40:24.228;273.08345476460323;peak;False;;0.0;;640;[320, 100];;;;;0.0
1747096824.535904;2025-05-13 02:40:24.535;272.6579373638415;peak;False;;0.0;;640;[320, 100];;;;;0.0
1747096824.8450418;2025-05-13 02:40:24.845;272.8238453796548;peak;False;;0.0;;640;[320, 100];;;;;0.0
1747096825.1565988;2025-05-13 02:40:25.156;272.9201114759698;peak;False;;0.0;;640;[320, 100];;;;;0.0
1747096825.465034;2025-05-13 02:40:25.465;273.6884288965387;peak;False;;0.0;;640;[320, 100];;;;;0.0
1747096825.774487;2025-05-13 02:40:25.774;273.0508996462279;peak;False;;0.0;;640;[320, 100];;;;;0.0
1747096826.0863423;2025-05-13 02:40:26.086;273.5705063530599;peak;False;;0.0;;640;[320, 100];;;;;0.0
1747096826.391281;2025-05-13 02:40:26.391;272.98404477650934;peak;False;;0.0;;640;[320, 100];;;;;0.0
1747096826.695629;2025-05-13 02:40:26.695;272.6467796902636;peak;False;;0.0;;640;[320, 100];;;;;0.0
1747096827.10574;2025-05-13 02:40:27.105;272.9152858597614;peak;False;;0.0;;640;[320, 100];;;;;0.0
1747096827.424873;2025-05-13 02:40:27.424;272.88072544347364;peak;False;;0.0;;640;[320, 100];;;;;0.0
1747096827.7319155;2025-05-13 02:40:27.731;273.4389201996565;peak;False;;0.0;;640;[320, 100];;;;;0.0
1747096828.0417697;2025-05-13 02:40:28.041;273.0861528618717;peak;False;;0.0;;640;[320, 100];;;;;0.0
1747096828.351037;2025-05-13 02:40:28.351;273.47082190913125;peak;False;;0.0;;640;[320, 100];;;;;0.0
1747096828.6621614;2025-05-13 02:40:28.662;273.01383204895444;peak;False;;0.0;;640;[320, 100];;;;;0.0
1747096828.9690542;2025-05-13 02:40:28.969;273.3080454995404;peak;False;;0.0;;640;[320, 100];;;;;0.0
1747096829.27811;2025-05-13 02:40:29.278;272.65580765685695;peak;False;;0.0;;640;[320, 100];;;;;0.0
1747096829.5875778;2025-05-13 02:40:29.587;272.8041505629306;peak;False;;0.0;;640;[320, 100];;;;;0.0
1747096829.8991477;2025-05-13 02:40:29.899;273.1714623956095;peak;False;;0.0;;640;[320, 100];;;;;0.0
1747096830.2060995;2025-05-13 02:40:30.206;273.1270208852231;peak;False;;0.0;;640;[320, 100];;;;;0.0
1747096830.5161636;2025-05-13 02:40:30.516;273.06867140375124;peak;False;;0.0;;640;[320, 100];;;;;0.0
1747096830.823826;2025-05-13 02:40:30.823;273.2440244804135;peak;False;;0.0;;640;[320, 100];;;;;0.0
1747096831.1285596;2025-05-13 02:40:31.128;273.3480733961211;peak;False;;0.0;;640;[320, 100];;;;;0.0
1747096831.442731;2025-05-13 02:40:31.442;273.31165757750915;peak;False;;0.0;;640;[320, 100];;;;;0.0
1747096831.7518728;2025-05-13 02:40:31.751;273.2958981806763;peak;False;;0.0;;640;[320, 100];;;;;0.0
1747096832.0612974;2025-05-13 02:40:32.061;273.03287217642986;peak;False;;0.0;;640;[320, 100];;;;;0.0
1747096832.364213;2025-05-13 02:40:32.364;272.75047903127034;peak;False;;0.0;;640;[320, 100];;;;;0.0
1747096832.6737823;2025-05-13 02:40:32.673;273.22933337703506;peak;False;;0.0;;640;[320, 100];;;;;0.0
1747096832.9782047;2025-05-13 02:40:32.978;273.1578605831627;peak;False;;0.0;;640;[320, 100];;;;;0.0
1747096833.2852972;2025-05-13 02:40:33.285;273.30994338543275;peak;False;;0.0;;640;[320, 100];;;;;0.0
1747096833.5955234;2025-05-13 02:40:33.595;273.3631002304249;peak;False;;0.0;;640;[320, 100];;;;;0.0
1747096833.911714;2025-05-13 02:40:33.911;273.02721433727174;peak;False;;0.0;;640;[320, 100];;;;;0.0
1747096834.2209678;2025-05-13 02:40:34.220;273.23550109782286;peak;False;;0.0;;640;[320, 100];;;;;0.0
1747096834.5294378;2025-05-13 02:40:34.529;273.56800182107486;peak;False;;0.0;;640;[320, 100];;;;;0.0
1747096834.8385448;2025-05-13 02:40:34.838;273.0093976429353;peak;False;;0.0;;640;[320, 100];;;;;0.0
1747096835.1424437;2025-05-13 02:40:35.142;273.07181128440294;peak;False;;0.0;;640;[320, 100];;;;;0.0
1747096835.451569;2025-05-13 02:40:35.451;273.09145063578165;peak;False;;0.0;;640;[320, 100];;;;;0.0
1747096835.7580528;2025-05-13 02:40:35.758;273.2788314969974;peak;False;;0.0;;640;[320, 100];;;;;0.0
1747096836.0688288;2025-05-13 02:40:36.068;272.90847669690334;peak;False;;0.0;;640;[320, 100];;;;;0.0
1747096836.3783681;2025-05-13 02:40:36.378;272.93926101635356;peak;False;;0.0;;640;[320, 100];;;;;0.0
1747096836.685792;2025-05-13 02:40:36.685;273.714626364952;peak;False;;0.0;;640;[320, 100];;;;;0.0
1747096837.097746;2025-05-13 02:40:37.097;273.19756174884265;peak;False;;0.0;;640;[320, 100];;;;;0.0
1747096837.4070804;2025-05-13 02:40:37.407;273.27616798927016;peak;False;;0.0;;640;[320, 100];;;;;0.0
1747096837.7133563;2025-05-13 02:40:37.713;273.0199227986658;peak;False;;0.0;;640;[320, 100];;;;;0.0
1747096838.0181146;2025-05-13 02:40:38.018;273.497417176989;peak;False;;0.0;;640;[320, 100];;;;;0.0
1747096838.327706;2025-05-13 02:40:38.327;273.3797053211539;peak;False;;0.0;;640;[320, 100];;;;;0.0
1747096838.6347282;2025-05-13 02:40:38.634;273.0688812886784;peak;False;;0.0;;640;[320, 100];;;;;0.0
1747096838.9399147;2025-05-13 02:40:38.939;272.85413726574313;peak;False;;0.0;;640;[320, 100];;;;;0.0
1747096839.2447512;2025-05-13 02:40:39.244;272.7705617590634;peak;False;;0.0;;640;[320, 100];;;;;0.0
1747096839.550014;2025-05-13 02:40:39.550;273.5201248113554;peak;False;;0.0;;640;[320, 100];;;;;0.0
1747096839.8637211;2025-05-13 02:40:39.863;273.49348736102803;peak;False;;0.0;;640;[320, 100];;;;;0.0
1747096840.1710644;2025-05-13 02:40:40.171;272.9011778582244;peak;False;;0.0;;640;[320, 100];;;;;0.0
1747096840.4768748;2025-05-13 02:40:40.476;273.14812940838857;peak;False;;0.0;;640;[320, 100];;;;;0.0
1747096840.7846732;2025-05-13 02:40:40.784;273.1318561242626;peak;False;;0.0;;640;[320, 100];;;;;0.0
1747096841.097888;2025-05-13 02:40:41.097;272.85918849127216;peak;False;;0.0;;640;[320, 100];;;;;0.0
1747096841.4052565;2025-05-13 02:40:41.405;273.0501132897893;peak;False;;0.0;;640;[320, 100];;;;;0.0
1747096841.7127173;2025-05-13 02:40:41.712;273.38501503965;peak;False;;0.0;;640;[320, 100];;;;;0.0
1747096842.0191913;2025-05-13 02:40:42.019;273.03513045278055;peak;False;;0.0;;640;[320, 100];;;;;0.0
1747096842.3240068;2025-05-13 02:40:42.324;273.55449256598905;peak;False;;0.0;;640;[320, 100];;;;;0.0
1747096842.6341364;2025-05-13 02:40:42.634;273.3596783589078;peak;False;;0.0;;640;[320, 100];;;;;0.0
1747096842.9430683;2025-05-13 02:40:42.943;272.9283209349424;peak;False;;0.0;;640;[320, 100];;;;;0.0
1747096843.2542822;2025-05-13 02:40:43.254;272.964010739185;peak;False;;0.0;;640;[320, 100];;;;;0.0
1747096843.562186;2025-05-13 02:40:43.562;272.84166586451244;peak;False;;0.0;;640;[320, 100];;;;;0.0
1747096843.8719609;2025-05-13 02:40:43.871;273.5748157072553;peak;False;;0.0;;640;[320, 100];;;;;0.0
1747096844.1796942;2025-05-13 02:40:44.179;273.1671412924425;peak;False;;0.0;;640;[320, 100];;;;;0.0
1747096844.486819;2025-05-13 02:40:44.486;272.661658612712;peak;False;;0.0;;640;[320, 100];;;;;0.0
1747096844.7911432;2025-05-13 02:40:44.791;273.4874579295435;peak;False;;0.0;;640;[320, 100];;;;;0.0
1747096845.0944715;2025-05-13 02:40:45.094;273.5436812258774;peak;False;;0.0;;640;[320, 100];;;;;0.0
1747096845.4007473;2025-05-13 02:40:45.400;273.3764293139293;peak;False;;0.0;;640;[320, 100];;;;;0.0
1747096845.7109592;2025-05-13 02:40:45.710;273.4308810622047;peak;False;;0.0;;640;[320, 100];;;;;0.0
1747096846.0195935;2025-05-13 02:40:46.019;272.85176748388;peak;False;;0.0;;640;[320, 100];;;;;0.0
1747096846.3274777;2025-05-13 02:40:46.327;273.4855747982704;peak;False;;0.0;;640;[320, 100];;;;;0.0
1747096846.63804;2025-05-13 02:40:46.638;273.6428142790275;peak;False;;0.0;;640;[320, 100];;;;;0.0
1747096846.947638;2025-05-13 02:40:46.947;273.17123679178826;peak;False;;0.0;;640;[320, 100];;;;;0.0
1747096847.258333;2025-05-13 02:40:47.258;273.7974110044606;peak;False;;0.0;;640;[320, 100];;;;;0.0
1747096847.5657945;2025-05-13 02:40:47.565;273.54661034687746;peak;False;;0.0;;640;[320, 100];;;;;0.0
1747096847.8711529;2025-05-13 02:40:47.871;273.2653182809238;peak;False;;0.0;;640;[320, 100];;;;;0.0
1747096848.1763868;2025-05-13 02:40:48.176;273.4085659624095;peak;False;;0.0;;640;[320, 100];;;;;0.0
1747096848.485614;2025-05-13 02:40:48.485;273.81860015553826;peak;False;;0.0;;640;[320, 100];;;;;0.0
1747096848.7938406;2025-05-13 02:40:48.793;273.13628386530655;peak;False;;0.0;;640;[320, 100];;;;;0.0
1747096849.1023972;2025-05-13 02:40:49.102;273.4193148682026;peak;False;;0.0;;640;[320, 100];;;;;0.0
1747096849.408694;2025-05-13 02:40:49.408;273.47772266105915;peak;False;;0.0;;640;[320, 100];;;;;0.0
1747096849.722131;2025-05-13 02:40:49.722;273.4441434930543;peak;False;;0.0;;640;[320, 100];;;;;0.0
1747096850.0306728;2025-05-13 02:40:50.030;272.87756145150684;peak;False;;0.0;;640;[320, 100];;;;;0.0
1747096850.3397074;2025-05-13 02:40:50.339;274.0151163780696;peak;False;;0.0;;640;[320, 100];;;;;0.0
1747096850.649205;2025-05-13 02:40:50.649;273.250362111242;peak;False;;0.0;;640;[320, 100];;;;;0.0
1747096850.952294;2025-05-13 02:40:50.952;273.37598132031786;peak;False;;0.0;;640;[320, 100];;;;;0.0
1747096851.2618299;2025-05-13 02:40:51.261;273.2922129971819;peak;False;;0.0;;640;[320, 100];;;;;0.0
1747096851.5668867;2025-05-13 02:40:51.566;273.7429729756357;peak;False;;0.0;;640;[320, 100];;;;;0.0
1747096851.8752356;2025-05-13 02:40:51.875;273.142397056898;peak;False;;0.0;;640;[320, 100];;;;;0.0
1747096852.1806874;2025-05-13 02:40:52.180;272.99209261489625;peak;False;;0.0;;640;[320, 100];;;;;0.0
1747096852.4869926;2025-05-13 02:40:52.486;273.78389858012173;peak;False;;0.0;;640;[320, 100];;;;;0.0
1747096852.798404;2025-05-13 02:40:52.798;273.1901538505249;peak;False;;0.0;;640;[320, 100];;;;;0.0
1747096853.1106336;2025-05-13 02:40:53.110;273.5356320716003;peak;False;;0.0;;640;[320, 100];;;;;0.0
1747096853.4171398;2025-05-13 02:40:53.417;273.4122217574339;peak;False;;0.0;;640;[320, 100];;;;;0.0
1747096853.7234015;2025-05-13 02:40:53.723;273.4779826336024;peak;False;;0.0;;640;[320, 100];;;;;0.0
1747096854.0335686;2025-05-13 02:40:54.033;274.0170395359283;peak;False;;0.0;;640;[320, 100];;;;;0.0
1747096854.340018;2025-05-13 02:40:54.340;273.1437207785147;peak;False;;0.0;;640;[320, 100];;;;;0.0
1747096854.6552253;2025-05-13 02:40:54.655;273.15443506636126;peak;False;;0.0;;640;[320, 100];;;;;0.0
1747096854.9624612;2025-05-13 02:40:54.962;273.33761482348706;peak;False;;0.0;;640;[320, 100];;;;;0.0
1747096855.271115;2025-05-13 02:40:55.271;273.2276142740865;peak;False;;0.0;;640;[320, 100];;;;;0.0
1747096855.5768285;2025-05-13 02:40:55.576;273.95774420834067;peak;False;;0.0;;640;[320, 100];;;;;0.0
1747096855.8899767;2025-05-13 02:40:55.889;273.7471065351388;peak;False;;0.0;;640;[320, 100];;;;;0.0
1747096856.1948743;2025-05-13 02:40:56.194;273.0197659976335;peak;False;;0.0;;640;[320, 100];;;;;0.0
1747096856.5077693;2025-05-13 02:40:56.507;273.981772475429;peak;False;;0.0;;640;[320, 100];;;;;0.0
1747096856.8159378;2025-05-13 02:40:56.815;273.7324225011124;peak;False;;0.0;;640;[320, 100];;;;;0.0
1747096857.1313941;2025-05-13 02:40:57.131;273.5138596477894;peak;False;;0.0;;640;[320, 100];;;;;0.0
1747096857.4411297;2025-05-13 02:40:57.441;273.70693053455483;peak;False;;0.0;;640;[320, 100];;;;;0.0
1747096857.7530942;2025-05-13 02:40:57.753;273.1828809281318;peak;False;;0.0;;640;[320, 100];;;;;0.0
1747096858.0662875;2025-05-13 02:40:58.066;273.72378609728923;peak;False;;0.0;;640;[320, 100];;;;;0.0
1747096858.377887;2025-05-13 02:40:58.377;273.53829221696157;peak;False;;0.0;;640;[320, 100];;;;;0.0
1747096858.6864963;2025-05-13 02:40:58.686;273.76816794224453;peak;False;;0.0;;640;[320, 100];;;;;0.0
1747096858.9942715;2025-05-13 02:40:58.994;273.22920444965354;peak;False;;0.0;;640;[320, 100];;;;;0.0
1747096859.3020377;2025-05-13 02:40:59.302;273.1876783457959;peak;False;;0.0;;640;[320, 100];;;;;0.0
1747096859.6047778;2025-05-13 02:40:59.604;273.8587435573139;peak;False;;0.0;;640;[320, 100];;;;;0.0
1747096859.9119027;2025-05-13 02:40:59.911;273.3218888214379;peak;False;;0.0;;640;[320, 100];;;;;0.0
1747096860.2267904;2025-05-13 02:41:00.226;273.51780311894987;peak;False;;0.0;;640;[320, 100];;;;;0.0
1747096860.5342793;2025-05-13 02:41:00.534;273.53944765308404;peak;False;;0.0;;640;[320, 100];;;;;0.0
1747096860.8405442;2025-05-13 02:41:00.840;273.9788189894743;peak;False;;0.0;;640;[320, 100];;;;;0.0
1747096861.1485355;2025-05-13 02:41:01.148;273.35811883762324;peak;False;;0.0;;640;[320, 100];;;;;0.0
1747096861.4550695;2025-05-13 02:41:01.455;273.51349938741333;peak;False;;0.0;;640;[320, 100];;;;;0.0
1747096861.7639709;2025-05-13 02:41:01.763;273.5205284603864;peak;False;;0.0;;640;[320, 100];;;;;0.0
1747096862.0801115;2025-05-13 02:41:02.080;273.7035464545636;peak;False;;0.0;;640;[320, 100];;;;;0.0
1747096862.385767;2025-05-13 02:41:02.385;273.28794782805323;peak;False;;0.0;;640;[320, 100];;;;;0.0
1747096862.69468;2025-05-13 02:41:02.694;273.75143291032174;peak;False;;0.0;;640;[320, 100];;;;;0.0
1747096863.0040452;2025-05-13 02:41:03.004;273.3979476839571;peak;False;;0.0;;640;[320, 100];;;;;0.0
1747096863.3111563;2025-05-13 02:41:03.311;274.0873229679803;peak;False;;0.0;;640;[320, 100];;;;;0.0
1747096863.6209776;2025-05-13 02:41:03.620;273.68732694443986;peak;False;;0.0;;640;[320, 100];;;;;0.0
1747096863.9275277;2025-05-13 02:41:03.927;273.6320515946269;peak;False;;0.0;;640;[320, 100];;;;;0.0
1747096864.2324743;2025-05-13 02:41:04.232;273.7360407737851;peak;False;;0.0;;640;[320, 100];;;;;0.0
1747096864.5367882;2025-05-13 02:41:04.536;273.7019489151818;peak;False;;0.0;;640;[320, 100];;;;;0.0
1747096864.8428311;2025-05-13 02:41:04.842;273.4985089829443;peak;False;;0.0;;640;[320, 100];;;;;0.0
1747096865.1535833;2025-05-13 02:41:05.153;273.7361099436833;peak;False;;0.0;;640;[320, 100];;;;;0.0
1747096865.4630146;2025-05-13 02:41:05.463;274.0696756032904;peak;False;;0.0;;640;[320, 100];;;;;0.0
1747096865.7694407;2025-05-13 02:41:05.769;274.29555034373817;peak;False;;0.0;;640;[320, 100];;;;;0.0
1747096866.0748775;2025-05-13 02:41:06.074;273.005674130239;peak;False;;0.0;;640;[320, 100];;;;;0.0
1747096866.3871975;2025-05-13 02:41:06.387;273.5692319782062;peak;False;;0.0;;640;[320, 100];;;;;0.0
1747096866.697372;2025-05-13 02:41:06.697;273.6352154838284;peak;False;;0.0;;640;[320, 100];;;;;0.0
1747096867.008067;2025-05-13 02:41:07.008;273.88368984471464;peak;False;;0.0;;640;[320, 100];;;;;0.0
1747096867.3166845;2025-05-13 02:41:07.316;274.06064948628887;peak;False;;0.0;;640;[320, 100];;;;;0.0
1747096867.6247892;2025-05-13 02:41:07.624;274.261827212437;peak;False;;0.0;;640;[320, 100];;;;;0.0
1747096867.930611;2025-05-13 02:41:07.930;273.6403720779534;peak;False;;0.0;;640;[320, 100];;;;;0.0
1747096868.2390149;2025-05-13 02:41:08.239;273.85761952131065;peak;False;;0.0;;640;[320, 100];;;;;0.0
1747096868.5469058;2025-05-13 02:41:08.546;273.6413937650538;peak;False;;0.0;;640;[320, 100];;;;;0.0
1747096868.8542995;2025-05-13 02:41:08.854;273.5495720139685;peak;False;;0.0;;640;[320, 100];;;;;0.0
1747096869.166312;2025-05-13 02:41:09.166;273.855741440527;peak;False;;0.0;;640;[320, 100];;;;;0.0
1747096869.4747066;2025-05-13 02:41:09.474;273.63844222825713;peak;False;;0.0;;640;[320, 100];;;;;0.0
1747096869.782207;2025-05-13 02:41:09.782;273.88971648468834;peak;False;;0.0;;640;[320, 100];;;;;0.0
1747096870.089011;2025-05-13 02:41:10.089;273.9059009169369;peak;False;;0.0;;640;[320, 100];;;;;0.0
1747096870.3942065;2025-05-13 02:41:10.394;274.02754849995165;peak;False;;0.0;;640;[320, 100];;;;;0.0
1747096870.7014163;2025-05-13 02:41:10.701;273.9107991278069;peak;False;;0.0;;640;[320, 100];;;;;0.0
1747096871.0109243;2025-05-13 02:41:11.010;273.8205161859361;peak;False;;0.0;;640;[320, 100];;;;;0.0
1747096871.3171287;2025-05-13 02:41:11.317;273.76400096954706;peak;False;;0.0;;640;[320, 100];;;;;0.0
1747096871.6242647;2025-05-13 02:41:11.624;273.82081353862594;peak;False;;0.0;;640;[320, 100];;;;;0.0
1747096871.9298007;2025-05-13 02:41:11.929;273.41912186371144;peak;False;;0.0;;640;[320, 100];;;;;0.0
1747096872.24621;2025-05-13 02:41:12.246;273.7040993026759;peak;False;;0.0;;640;[320, 100];;;;;0.0
1747096872.5551322;2025-05-13 02:41:12.555;274.1600418551883;peak;False;;0.0;;640;[320, 100];;;;;0.0
1747096872.861882;2025-05-13 02:41:12.861;274.09312454732907;peak;False;;0.0;;640;[320, 100];;;;;0.0
1747096873.1665704;2025-05-13 02:41:13.166;274.04917471245784;peak;False;;0.0;;640;[320, 100];;;;;0.0
1747096873.4738753;2025-05-13 02:41:13.473;273.60789837403973;peak;False;;0.0;;640;[320, 100];;;;;0.0
1747096873.7794154;2025-05-13 02:41:13.779;274.08352169933806;peak;False;;0.0;;640;[320, 100];;;;;0.0
1747096874.086013;2025-05-13 02:41:14.086;273.67792525266447;peak;False;;0.0;;640;[320, 100];;;;;0.0
1747096874.3918037;2025-05-13 02:41:14.391;273.9019602799948;peak;False;;0.0;;640;[320, 100];;;;;0.0
1747096874.707009;2025-05-13 02:41:14.707;273.8234728410391;peak;False;;0.0;;640;[320, 100];;;;;0.0
1747096875.0157595;2025-05-13 02:41:15.015;274.2802551336503;peak;False;;0.0;;640;[320, 100];;;;;0.0
1747096875.3252897;2025-05-13 02:41:15.325;273.7999966908784;peak;False;;0.0;;640;[320, 100];;;;;0.0
1747096875.6327782;2025-05-13 02:41:15.632;274.0157993515219;peak;False;;0.0;;640;[320, 100];;;;;0.0
1747096875.945336;2025-05-13 02:41:15.945;273.64885055010916;peak;False;;0.0;;640;[320, 100];;;;;0.0
1747096876.2598007;2025-05-13 02:41:16.259;273.99919428468047;peak;False;;0.0;;640;[320, 100];;;;;0.0
1747096876.5731962;2025-05-13 02:41:16.573;273.7916726386699;peak;False;;0.0;;640;[320, 100];;;;;0.0
1747096876.881099;2025-05-13 02:41:16.881;273.72145272201624;peak;False;;0.0;;640;[320, 100];;;;;0.0
1747096877.187354;2025-05-13 02:41:17.187;273.9936799577876;peak;False;;0.0;;640;[320, 100];;;;;0.0
1747096877.497252;2025-05-13 02:41:17.497;273.5767493685931;peak;False;;0.0;;640;[320, 100];;;;;0.0
1747096877.7996635;2025-05-13 02:41:17.799;274.0771109489643;peak;False;;0.0;;640;[320, 100];;;;;0.0
1747096878.103705;2025-05-13 02:41:18.103;274.0316587902721;peak;False;;0.0;;640;[320, 100];;;;;0.0
1747096878.4146943;2025-05-13 02:41:18.414;273.9700962873597;peak;False;;0.0;;640;[320, 100];;;;;0.0
1747096878.7180724;2025-05-13 02:41:18.718;273.6389267229638;peak;False;;0.0;;640;[320, 100];;;;;0.0
1747096879.024016;2025-05-13 02:41:19.024;273.7876044288276;peak;False;;0.0;;640;[320, 100];;;;;0.0
1747096879.3301582;2025-05-13 02:41:19.330;273.6448429779716;peak;False;;0.0;;640;[320, 100];;;;;0.0
1747096879.6333485;2025-05-13 02:41:19.633;274.1214882262123;peak;False;;0.0;;640;[320, 100];;;;;0.0
1747096879.9370625;2025-05-13 02:41:19.937;273.7838060789334;peak;False;;0.0;;640;[320, 100];;;;;0.0
1747096880.2457337;2025-05-13 02:41:20.245;273.87888685465845;peak;False;;0.0;;640;[320, 100];;;;;0.0
1747096880.5519097;2025-05-13 02:41:20.551;274.41824779395716;peak;False;;0.0;;640;[320, 100];;;;;0.0
1747096880.8552196;2025-05-13 02:41:20.855;274.356561061565;peak;False;;0.0;;640;[320, 100];;;;;0.0
1747096881.1606743;2025-05-13 02:41:21.160;274.41508063649826;peak;False;;0.0;;640;[320, 100];;;;;0.0
1747096881.465138;2025-05-13 02:41:21.465;274.1238588739807;peak;False;;0.0;;640;[320, 100];;;;;0.0
1747096881.7757144;2025-05-13 02:41:21.775;273.591754720533;peak;False;;0.0;;640;[320, 100];;;;;0.0
1747096882.0836074;2025-05-13 02:41:22.083;274.1128525980912;peak;False;;0.0;;640;[320, 100];;;;;0.0
1747096882.3880973;2025-05-13 02:41:22.388;273.2204131312953;peak;False;;0.0;;640;[320, 100];;;;;0.0
1747096882.694011;2025-05-13 02:41:22.694;274.1199264505584;peak;False;;0.0;;640;[320, 100];;;;;0.0
1747096883.002407;2025-05-13 02:41:23.002;274.2480088477972;peak;False;;0.0;;640;[320, 100];;;;;0.0
1747096883.311348;2025-05-13 02:41:23.311;274.1783773040951;peak;False;;0.0;;640;[320, 100];;;;;0.0
1747096883.6162233;2025-05-13 02:41:23.616;274.0515894126368;peak;False;;0.0;;640;[320, 100];;;;;0.0
1747096883.9198885;2025-05-13 02:41:23.919;274.1305779625452;peak;False;;0.0;;640;[320, 100];;;;;0.0
1747096884.2283647;2025-05-13 02:41:24.228;273.68032857250165;peak;False;;0.0;;640;[320, 100];;;;;0.0
1747096884.536506;2025-05-13 02:41:24.536;273.89225799590565;peak;False;;0.0;;640;[320, 100];;;;;0.0
1747096884.8417623;2025-05-13 02:41:24.841;273.3349924476154;peak;False;;0.0;;640;[320, 100];;;;;0.0
1747096885.1528347;2025-05-13 02:41:25.152;273.83987525701946;peak;False;;0.0;;640;[320, 100];;;;;0.0
1747096885.4612205;2025-05-13 02:41:25.461;273.77496245929575;peak;False;;0.0;;640;[320, 100];;;;;0.0
1747096885.771656;2025-05-13 02:41:25.771;273.885541616018;peak;False;;0.0;;640;[320, 100];;;;;0.0
1747096886.0851133;2025-05-13 02:41:26.085;274.37851374815443;peak;False;;0.0;;640;[320, 100];;;;;0.0
1747096886.4151995;2025-05-13 02:41:26.415;273.822314813592;peak;False;;0.0;;640;[320, 100];;;;;0.0
1747096886.6676497;2025-05-13 02:41:26.667;274.22951529395135;peak;False;;0.0;;640;[320, 100];;;;;0.0
1747096886.8807847;2025-05-13 02:41:26.880;273.79253314299143;peak;False;;0.0;;640;[320, 100];;;;;0.0
1747096887.1884856;2025-05-13 02:41:27.188;273.9600239625451;peak;False;;0.0;;640;[320, 100];;;;;0.0
1747096887.5015612;2025-05-13 02:41:27.501;273.7763497050275;peak;False;;0.0;;640;[320, 100];;;;;0.0
1747096887.8097615;2025-05-13 02:41:27.809;274.03610982423214;peak;False;;0.0;;640;[320, 100];;;;;0.0
1747096888.1204214;2025-05-13 02:41:28.120;274.37791327739154;peak;False;;0.0;;640;[320, 100];;;;;0.0
1747096888.436666;2025-05-13 02:41:28.436;274.2966938375643;peak;False;;0.0;;640;[320, 100];;;;;0.0
1747096888.7491312;2025-05-13 02:41:28.749;274.0182373322141;peak;False;;0.0;;640;[320, 100];;;;;0.0
1747096889.0594203;2025-05-13 02:41:29.059;273.49768434208863;peak;False;;0.0;;640;[320, 100];;;;;0.0
1747096889.3669987;2025-05-13 02:41:29.366;274.16539160279365;peak;False;;0.0;;640;[320, 100];;;;;0.0
1747096889.6801927;2025-05-13 02:41:29.680;274.2647960627693;peak;False;;0.0;;640;[320, 100];;;;;0.0
1747096889.9940522;2025-05-13 02:41:29.994;273.8180289768148;peak;False;;0.0;;640;[320, 100];;;;;0.0
1747096890.2992966;2025-05-13 02:41:30.299;274.2507263566123;peak;False;;0.0;;640;[320, 100];;;;;0.0
1747096890.6086836;2025-05-13 02:41:30.608;273.9710807006696;peak;False;;0.0;;640;[320, 100];;;;;0.0
1747096890.9174285;2025-05-13 02:41:30.917;274.5507135565495;peak;False;;0.0;;640;[320, 100];;;;;0.0
1747096891.2244256;2025-05-13 02:41:31.224;274.0441281604185;peak;False;;0.0;;640;[320, 100];;;;;0.0
1747096891.5315068;2025-05-13 02:41:31.531;274.51552507054134;peak;False;;0.0;;640;[320, 100];;;;;0.0
1747096891.8404922;2025-05-13 02:41:31.840;273.6161483597141;peak;False;;0.0;;640;[320, 100];;;;;0.0
1747096892.1797123;2025-05-13 02:41:32.179;273.93064171898635;peak;False;;0.0;;640;[320, 100];;;;;0.0
1747096892.4340296;2025-05-13 02:41:32.434;274.2527528405106;peak;False;;0.0;;640;[320, 100];;;;;0.0
1747096892.749527;2025-05-13 02:41:32.749;273.95296813998885;peak;False;;0.0;;640;[320, 100];;;;;0.0
1747096893.05731;2025-05-13 02:41:33.057;273.61439758636357;peak;False;;0.0;;640;[320, 100];;;;;0.0
1747096893.3619158;2025-05-13 02:41:33.361;274.06128897703485;peak;False;;0.0;;640;[320, 100];;;;;0.0
1747096893.668009;2025-05-13 02:41:33.668;274.01638342267404;peak;False;;0.0;;640;[320, 100];;;;;0.0
1747096893.9756792;2025-05-13 02:41:33.975;274.2631982285473;peak;False;;0.0;;640;[320, 100];;;;;0.0
1747096894.285152;2025-05-13 02:41:34.285;274.56790917983835;peak;False;;0.0;;640;[320, 100];;;;;0.0
1747096894.5968223;2025-05-13 02:41:34.596;274.33858208050435;peak;False;;0.0;;640;[320, 100];;;;;0.0
1747096894.9038136;2025-05-13 02:41:34.903;273.7485374751979;peak;False;;0.0;;640;[320, 100];;;;;0.0
1747096895.2165751;2025-05-13 02:41:35.216;273.8902584924755;peak;False;;0.0;;640;[320, 100];;;;;0.0
1747096895.524193;2025-05-13 02:41:35.524;274.2090626262626;peak;False;;0.0;;640;[320, 100];;;;;0.0
1747096895.8335094;2025-05-13 02:41:35.833;274.4454086003757;peak;False;;0.0;;640;[320, 100];;;;;0.0
1747096896.1426518;2025-05-13 02:41:36.142;274.31188118811883;peak;False;;0.0;;640;[320, 100];;;;;0.0
1747096896.4512718;2025-05-13 02:41:36.451;274.1940494153945;peak;False;;0.0;;640;[320, 100];;;;;0.0
1747096896.7591019;2025-05-13 02:41:36.759;274.4986004716798;peak;False;;0.0;;640;[320, 100];;;;;0.0
1747096897.0649793;2025-05-13 02:41:37.064;274.32061248207214;peak;False;;0.0;;640;[320, 100];;;;;0.0
1747096897.3716433;2025-05-13 02:41:37.371;274.38569657778856;peak;False;;0.0;;640;[320, 100];;;;;0.0
1747096897.683399;2025-05-13 02:41:37.683;274.1636309796954;peak;False;;0.0;;640;[320, 100];;;;;0.0
1747096897.9911082;2025-05-13 02:41:37.991;274.298353093567;peak;False;;0.0;;640;[320, 100];;;;;0.0
1747096898.3040023;2025-05-13 02:41:38.304;274.7308929581448;peak;False;;0.0;;640;[320, 100];;;;;0.0
1747096898.6146348;2025-05-13 02:41:38.614;274.4692075778843;peak;False;;0.0;;640;[320, 100];;;;;0.0
1747096898.9223673;2025-05-13 02:41:38.922;274.1657780778097;peak;False;;0.0;;640;[320, 100];;;;;0.0
1747096899.2274098;2025-05-13 02:41:39.227;274.0774706522294;peak;False;;0.0;;640;[320, 100];;;;;0.0
1747096899.5339897;2025-05-13 02:41:39.533;274.07548301667237;peak;False;;0.0;;640;[320, 100];;;;;0.0
1747096899.84297;2025-05-13 02:41:39.842;273.88757180779123;peak;False;;0.0;;640;[320, 100];;;;;0.0
1747096900.1538477;2025-05-13 02:41:40.153;273.8691539380603;peak;False;;0.0;;640;[320, 100];;;;;0.0
1747096900.4592886;2025-05-13 02:41:40.459;274.18326189978393;peak;False;;0.0;;640;[320, 100];;;;;0.0
1747096900.76595;2025-05-13 02:41:40.765;274.1261162434923;peak;False;;0.0;;640;[320, 100];;;;;0.0
1747096901.0737295;2025-05-13 02:41:41.073;273.9507750997315;peak;False;;0.0;;640;[320, 100];;;;;0.0
1747096901.3854277;2025-05-13 02:41:41.385;274.11001111542873;peak;False;;0.0;;640;[320, 100];;;;;0.0
1747096901.6915162;2025-05-13 02:41:41.691;274.6288565493717;peak;False;;0.0;;640;[320, 100];;;;;0.0
1747096901.9992254;2025-05-13 02:41:41.999;274.35213385506233;peak;False;;0.0;;640;[320, 100];;;;;0.0
1747096902.3068173;2025-05-13 02:41:42.306;274.4360669328272;peak;False;;0.0;;640;[320, 100];;;;;0.0
1747096902.6155686;2025-05-13 02:41:42.615;274.5517339779098;peak;False;;0.0;;640;[320, 100];;;;;0.0
1747096902.9213934;2025-05-13 02:41:42.921;274.4458970447369;peak;False;;0.0;;640;[320, 100];;;;;0.0
1747096903.226761;2025-05-13 02:41:43.226;274.2275747058478;peak;False;;0.0;;640;[320, 100];;;;;0.0
1747096903.5341015;2025-05-13 02:41:43.534;274.1555142226244;peak;False;;0.0;;640;[320, 100];;;;;0.0
1747096903.8391936;2025-05-13 02:41:43.839;274.28367855764;peak;False;;0.0;;640;[320, 100];;;;;0.0
1747096904.144689;2025-05-13 02:41:44.144;274.28533688076146;peak;False;;0.0;;640;[320, 100];;;;;0.0
1747096904.453018;2025-05-13 02:41:44.453;274.26757521654724;peak;False;;0.0;;640;[320, 100];;;;;0.0
1747096904.7645025;2025-05-13 02:41:44.764;274.3521095194868;peak;False;;0.0;;640;[320, 100];;;;;0.0
1747096905.0705218;2025-05-13 02:41:45.070;274.4954255698141;peak;False;;0.0;;640;[320, 100];;;;;0.0
1747096905.381632;2025-05-13 02:41:45.381;273.8805983985788;peak;False;;0.0;;640;[320, 100];;;;;0.0
1747096905.687562;2025-05-13 02:41:45.687;274.26628719415146;peak;False;;0.0;;640;[320, 100];;;;;0.0
1747096905.9921641;2025-05-13 02:41:45.992;274.2007271022974;peak;False;;0.0;;640;[320, 100];;;;;0.0
1747096906.2996044;2025-05-13 02:41:46.299;274.1256452585525;peak;False;;0.0;;640;[320, 100];;;;;0.0
1747096906.682357;2025-05-13 02:41:46.682;274.78818772282557;peak;False;;0.0;;640;[320, 100];;;;;0.0
1747096906.899613;2025-05-13 02:41:46.899;273.7026520982949;peak;False;;0.0;;640;[320, 100];;;;;0.0
1747096907.2097743;2025-05-13 02:41:47.209;274.0992891021338;peak;False;;0.0;;640;[320, 100];;;;;0.0
1747096907.5182054;2025-05-13 02:41:47.518;274.105021169328;peak;False;;0.0;;640;[320, 100];;;;;0.0
1747096907.8226087;2025-05-13 02:41:47.822;274.6908928268279;peak;False;;0.0;;640;[320, 100];;;;;0.0
1747096908.1310737;2025-05-13 02:41:48.131;274.62191376297557;peak;False;;0.0;;640;[320, 100];;;;;0.0
1747096908.433838;2025-05-13 02:41:48.433;274.31123423767673;peak;False;;0.0;;640;[320, 100];;;;;0.0
1747096908.744392;2025-05-13 02:41:48.744;274.268783335975;peak;False;;0.0;;640;[320, 100];;;;;0.0
1747096909.051961;2025-05-13 02:41:49.051;274.3809901191662;peak;False;;0.0;;640;[320, 100];;;;;0.0
1747096909.3559542;2025-05-13 02:41:49.355;274.15519695390054;peak;False;;0.0;;640;[320, 100];;;;;0.0
1747096909.6638591;2025-05-13 02:41:49.663;274.10489595220366;peak;False;;0.0;;640;[320, 100];;;;;0.0
1747096909.9700778;2025-05-13 02:41:49.970;274.3516788698795;peak;False;;0.0;;640;[320, 100];;;;;0.0
1747096910.2773917;2025-05-13 02:41:50.277;274.56028154931477;peak;False;;0.0;;640;[320, 100];;;;;0.0
1747096910.5827458;2025-05-13 02:41:50.582;274.2399294934937;peak;False;;0.0;;640;[320, 100];;;;;0.0
1747096910.889322;2025-05-13 02:41:50.889;274.45187170589213;peak;False;;0.0;;640;[320, 100];;;;;0.0
1747096911.1970415;2025-05-13 02:41:51.197;274.8770093539518;peak;False;;0.0;;640;[320, 100];;;;;0.0
1747096911.4998982;2025-05-13 02:41:51.499;274.2508812977084;peak;False;;0.0;;640;[320, 100];;;;;0.0
1747096911.8107924;2025-05-13 02:41:51.810;274.71629543009846;peak;False;;0.0;;640;[320, 100];;;;;0.0
1747096912.1226625;2025-05-13 02:41:52.122;274.57231519890655;peak;False;;0.0;;640;[320, 100];;;;;0.0
1747096912.4330482;2025-05-13 02:41:52.433;274.4632556730413;peak;False;;0.0;;640;[320, 100];;;;;0.0
1747096912.7369525;2025-05-13 02:41:52.736;274.4382817066043;peak;False;;0.0;;640;[320, 100];;;;;0.0
1747096913.0441573;2025-05-13 02:41:53.044;274.4132283895336;peak;False;;0.0;;640;[320, 100];;;;;0.0
1747096913.3562555;2025-05-13 02:41:53.356;274.6977005095705;peak;False;;0.0;;640;[320, 100];;;;;0.0
1747096913.6627147;2025-05-13 02:41:53.662;274.4821306843928;peak;False;;0.0;;640;[320, 100];;;;;0.0
1747096913.9706256;2025-05-13 02:41:53.970;274.5598260234567;peak;False;;0.0;;640;[320, 100];;;;;0.0
1747096914.2755861;2025-05-13 02:41:54.275;274.47769161388993;peak;False;;0.0;;640;[320, 100];;;;;0.0
1747096914.5833273;2025-05-13 02:41:54.583;274.59629401917067;peak;False;;0.0;;640;[320, 100];;;;;0.0
1747096914.893755;2025-05-13 02:41:54.893;274.4507194621457;peak;False;;0.0;;640;[320, 100];;;;;0.0
1747096915.2037282;2025-05-13 02:41:55.203;274.51290479468145;peak;False;;0.0;;640;[320, 100];;;;;0.0
1747096915.506752;2025-05-13 02:41:55.506;274.3200031115282;peak;False;;0.0;;640;[320, 100];;;;;0.0
1747096915.812231;2025-05-13 02:41:55.812;274.3523503284532;peak;False;;0.0;;640;[320, 100];;;;;0.0
1747096916.1219635;2025-05-13 02:41:56.121;274.14897782729065;peak;False;;0.0;;640;[320, 100];;;;;0.0
1747096916.4293613;2025-05-13 02:41:56.429;274.5539859093761;peak;False;;0.0;;640;[320, 100];;;;;0.0
1747096916.7363932;2025-05-13 02:41:56.736;274.5127843918146;peak;False;;0.0;;640;[320, 100];;;;;0.0
1747096917.0429442;2025-05-13 02:41:57.042;274.7896360568812;peak;False;;0.0;;640;[320, 100];;;;;0.0
1747096917.3474414;2025-05-13 02:41:57.347;274.34379606132046;peak;False;;0.0;;640;[320, 100];;;;;0.0
1747096917.6527693;2025-05-13 02:41:57.652;274.82791458209545;peak;False;;0.0;;640;[320, 100];;;;;0.0
1747096917.9638298;2025-05-13 02:41:57.963;274.33039479392625;peak;False;;0.0;;640;[320, 100];;;;;0.0
1747096918.2736304;2025-05-13 02:41:58.273;274.43566098102264;peak;False;;0.0;;640;[320, 100];;;;;0.0
1747096918.5784;2025-05-13 02:41:58.578;274.2733049183605;peak;False;;0.0;;640;[320, 100];;;;;0.0
1747096918.884526;2025-05-13 02:41:58.884;274.51816578062795;peak;False;;0.0;;640;[320, 100];;;;;0.0
1747096919.2222533;2025-05-13 02:41:59.222;274.7365356121429;peak;False;;0.0;;640;[320, 100];;;;;0.0
1747096919.483101;2025-05-13 02:41:59.483;274.2074769410294;peak;False;;0.0;;640;[320, 100];;;;;0.0
1747096919.8023365;2025-05-13 02:41:59.802;274.0429855194964;peak;False;;0.0;;640;[320, 100];;;;;0.0
1747096920.1048465;2025-05-13 02:42:00.104;274.24995743835655;peak;False;;0.0;;640;[320, 100];;;;;0.0
1747096920.4119892;2025-05-13 02:42:00.411;274.2655123103706;peak;False;;0.0;;640;[320, 100];;;;;0.0
1747096920.7152536;2025-05-13 02:42:00.715;274.22998748188166;peak;False;;0.0;;640;[320, 100];;;;;0.0
1747096921.026409;2025-05-13 02:42:01.026;274.250175885734;peak;False;;0.0;;640;[320, 100];;;;;0.0
1747096921.3322237;2025-05-13 02:42:01.332;273.9872079570053;peak;False;;0.0;;640;[320, 100];;;;;0.0
1747096921.6387;2025-05-13 02:42:01.638;273.89794501636885;peak;False;;0.0;;640;[320, 100];;;;;0.0
1747096921.9763668;2025-05-13 02:42:01.976;274.46374946570023;peak;False;;0.0;;640;[320, 100];;;;;0.0
1747096922.2328577;2025-05-13 02:42:02.232;274.27505667098444;peak;False;;0.0;;640;[320, 100];;;;;0.0
1747096922.4448664;2025-05-13 02:42:02.444;274.05618749177523;peak;False;;0.0;;640;[320, 100];;;;;0.0
1747096922.7543442;2025-05-13 02:42:02.754;274.2802529639403;peak;False;;0.0;;640;[320, 100];;;;;0.0
1747096923.0599756;2025-05-13 02:42:03.059;274.23031010833915;peak;False;;0.0;;640;[320, 100];;;;;0.0
1747096923.3641052;2025-05-13 02:42:03.364;274.76126634678707;peak;False;;0.0;;640;[320, 100];;;;;0.0
1747096923.674083;2025-05-13 02:42:03.674;274.930716028429;peak;False;;0.0;;640;[320, 100];;;;;0.0
1747096923.9827433;2025-05-13 02:42:03.982;274.79821803105966;peak;False;;0.0;;640;[320, 100];;;;;0.0
1747096924.2910738;2025-05-13 02:42:04.291;274.4880824460291;peak;False;;0.0;;640;[320, 100];;;;;0.0
1747096924.5977674;2025-05-13 02:42:04.597;274.6538703887178;peak;False;;0.0;;640;[320, 100];;;;;0.0
1747096924.9059403;2025-05-13 02:42:04.905;274.3295430403015;peak;False;;0.0;;640;[320, 100];;;;;0.0
1747096925.2114959;2025-05-13 02:42:05.211;274.5320962667044;peak;False;;0.0;;640;[320, 100];;;;;0.0
1747096925.5210211;2025-05-13 02:42:05.521;274.8795018400397;peak;False;;0.0;;640;[320, 100];;;;;0.0
1747096925.827406;2025-05-13 02:42:05.827;274.6442242097191;peak;False;;0.0;;640;[320, 100];;;;;0.0
1747096926.1369307;2025-05-13 02:42:06.136;274.6244376070361;peak;False;;0.0;;640;[320, 100];;;;;0.0
1747096926.4423647;2025-05-13 02:42:06.442;274.8811394112513;peak;False;;0.0;;640;[320, 100];;;;;0.0
1747096926.750885;2025-05-13 02:42:06.750;274.2127599493537;peak;False;;0.0;;640;[320, 100];;;;;0.0
1747096927.0657716;2025-05-13 02:42:07.065;274.30443559163194;peak;False;;0.0;;640;[320, 100];;;;;0.0
1747096927.3741376;2025-05-13 02:42:07.374;274.89100123459986;peak;False;;0.0;;640;[320, 100];;;;;0.0
1747096927.6835618;2025-05-13 02:42:07.683;274.5386969641833;peak;False;;0.0;;640;[320, 100];;;;;0.0
1747096927.991135;2025-05-13 02:42:07.991;274.6393406433163;peak;False;;0.0;;640;[320, 100];;;;;0.0
1747096928.2975595;2025-05-13 02:42:08.297;274.60867860317217;peak;False;;0.0;;640;[320, 100];;;;;0.0
1747096928.6033006;2025-05-13 02:42:08.603;274.5089599452471;peak;False;;0.0;;640;[320, 100];;;;;0.0
1747096928.9092865;2025-05-13 02:42:08.909;274.80137167897186;peak;False;;0.0;;640;[320, 100];;;;;0.0
1747096929.2170103;2025-05-13 02:42:09.217;274.46615086652014;peak;False;;0.0;;640;[320, 100];;;;;0.0
1747096929.5209537;2025-05-13 02:42:09.520;274.77332818622085;peak;False;;0.0;;640;[320, 100];;;;;0.0
1747096929.8250802;2025-05-13 02:42:09.825;274.7800946949317;peak;False;;0.0;;640;[320, 100];;;;;0.0
1747096930.137412;2025-05-13 02:42:10.137;274.518261577424;peak;False;;0.0;;640;[320, 100];;;;;0.0
1747096930.44283;2025-05-13 02:42:10.442;275.06057697782046;peak;False;;0.0;;640;[320, 100];;;;;0.0
1747096930.7480419;2025-05-13 02:42:10.748;274.75804492210017;peak;False;;0.0;;640;[320, 100];;;;;0.0
1747096931.053077;2025-05-13 02:42:11.053;275.0112887682287;peak;False;;0.0;;640;[320, 100];;;;;0.0
1747096931.3611634;2025-05-13 02:42:11.361;274.8675493652739;peak;False;;0.0;;640;[320, 100];;;;;0.0
1747096931.6706626;2025-05-13 02:42:11.670;274.67032192304424;peak;False;;0.0;;640;[320, 100];;;;;0.0
1747096931.977372;2025-05-13 02:42:11.977;274.5845332875772;peak;False;;0.0;;640;[320, 100];;;;;0.0
1747096932.285105;2025-05-13 02:42:12.285;274.8111516976643;peak;False;;0.0;;640;[320, 100];;;;;0.0
1747096932.5895257;2025-05-13 02:42:12.589;274.09920445185526;peak;False;;0.0;;640;[320, 100];;;;;0.0
1747096932.8974414;2025-05-13 02:42:12.897;274.9268232428271;peak;False;;0.0;;640;[320, 100];;;;;0.0
1747096933.2043123;2025-05-13 02:42:13.204;274.5711389081125;peak;False;;0.0;;640;[320, 100];;;;;0.0
1747096933.5117266;2025-05-13 02:42:13.511;274.7374226912699;peak;False;;0.0;;640;[320, 100];;;;;0.0
1747096933.8210251;2025-05-13 02:42:13.821;274.8901555401233;peak;False;;0.0;;640;[320, 100];;;;;0.0
1747096934.1259997;2025-05-13 02:42:14.126;274.6932698013994;peak;False;;0.0;;640;[320, 100];;;;;0.0
1747096934.4331813;2025-05-13 02:42:14.433;274.4284101006384;peak;False;;0.0;;640;[320, 100];;;;;0.0
1747096934.7462096;2025-05-13 02:42:14.746;274.32656947442786;peak;False;;0.0;;640;[320, 100];;;;;0.0
1747096935.0565207;2025-05-13 02:42:15.056;274.636070678543;peak;False;;0.0;;640;[320, 100];;;;;0.0
1747096935.3660266;2025-05-13 02:42:15.366;275.3146176163398;peak;False;;0.0;;640;[320, 100];;;;;0.0
1747096935.6723814;2025-05-13 02:42:15.672;275.01576714434566;peak;False;;0.0;;640;[320, 100];;;;;0.0
1747096935.9783106;2025-05-13 02:42:15.978;274.5063884607692;peak;False;;0.0;;640;[320, 100];;;;;0.0
1747096936.2861392;2025-05-13 02:42:16.286;274.7188315189037;peak;False;;0.0;;640;[320, 100];;;;;0.0
1747096936.5950084;2025-05-13 02:42:16.595;274.56379488399966;peak;False;;0.0;;640;[320, 100];;;;;0.0
1747096936.8991232;2025-05-13 02:42:16.899;274.03492904812225;peak;False;;0.0;;640;[320, 100];;;;;0.0
1747096937.3046448;2025-05-13 02:42:17.304;274.74321427235975;peak;False;;0.0;;640;[320, 100];;;;;0.0
1747096937.6115165;2025-05-13 02:42:17.611;274.7762800450554;peak;False;;0.0;;640;[320, 100];;;;;0.0
1747096937.9169014;2025-05-13 02:42:17.916;274.80315368374266;peak;False;;0.0;;640;[320, 100];;;;;0.0
1747096938.225519;2025-05-13 02:42:18.225;274.4129112773184;peak;False;;0.0;;640;[320, 100];;;;;0.0
1747096938.5317981;2025-05-13 02:42:18.531;274.70822770479356;peak;False;;0.0;;640;[320, 100];;;;;0.0
1747096938.8351862;2025-05-13 02:42:18.835;274.49058872282535;peak;False;;0.0;;640;[320, 100];;;;;0.0
1747096939.141278;2025-05-13 02:42:19.141;275.0765775132344;peak;False;;0.0;;640;[320, 100];;;;;0.0
1747096939.447251;2025-05-13 02:42:19.447;274.6959306324229;peak;False;;0.0;;640;[320, 100];;;;;0.0
1747096939.7567968;2025-05-13 02:42:19.756;274.67120941547654;peak;False;;0.0;;640;[320, 100];;;;;0.0
1747096940.0628474;2025-05-13 02:42:20.062;274.5384426359237;peak;False;;0.0;;640;[320, 100];;;;;0.0
1747096940.3746066;2025-05-13 02:42:20.374;274.77507973500474;peak;False;;0.0;;640;[320, 100];;;;;0.0
1747096940.678202;2025-05-13 02:42:20.678;275.1244168640155;peak;False;;0.0;;640;[320, 100];;;;;0.0
1747096940.985821;2025-05-13 02:42:20.985;274.8816280961695;peak;False;;0.0;;640;[320, 100];;;;;0.0
1747096941.3014488;2025-05-13 02:42:21.301;274.89718671817826;peak;False;;0.0;;640;[320, 100];;;;;0.0
1747096941.608145;2025-05-13 02:42:21.608;274.8545288197621;peak;False;;0.0;;640;[320, 100];;;;;0.0
1747096941.917108;2025-05-13 02:42:21.917;274.98777637769183;peak;False;;0.0;;640;[320, 100];;;;;0.0
1747096942.226557;2025-05-13 02:42:22.226;275.2780751813088;peak;False;;0.0;;640;[320, 100];;;;;0.0
1747096942.53117;2025-05-13 02:42:22.531;274.6357620703847;peak;False;;0.0;;640;[320, 100];;;;;0.0
1747096942.8367538;2025-05-13 02:42:22.836;275.29167511585695;peak;False;;0.0;;640;[320, 100];;;;;0.0
1747096943.1430507;2025-05-13 02:42:23.143;274.5605259280204;peak;False;;0.0;;640;[320, 100];;;;;0.0
1747096943.4483907;2025-05-13 02:42:23.448;274.49973277769135;peak;False;;0.0;;640;[320, 100];;;;;0.0
1747096943.758998;2025-05-13 02:42:23.758;274.78071268690127;peak;False;;0.0;;640;[320, 100];;;;;0.0
1747096944.0618947;2025-05-13 02:42:24.061;274.9448743846192;peak;False;;0.0;;640;[320, 100];;;;;0.0
1747096944.3686302;2025-05-13 02:42:24.368;274.49873435973024;peak;False;;0.0;;640;[320, 100];;;;;0.0
1747096944.6805847;2025-05-13 02:42:24.680;274.76459167023694;peak;False;;0.0;;640;[320, 100];;;;;0.0
1747096944.9890687;2025-05-13 02:42:24.989;274.26084227461274;peak;False;;0.0;;640;[320, 100];;;;;0.0
1747096945.2957065;2025-05-13 02:42:25.295;274.4936863425148;peak;False;;0.0;;640;[320, 100];;;;;0.0
1747096945.6022842;2025-05-13 02:42:25.602;274.9475584921693;peak;False;;0.0;;640;[320, 100];;;;;0.0
1747096945.9198787;2025-05-13 02:42:25.919;274.88993406120375;peak;False;;0.0;;640;[320, 100];;;;;0.0
1747096946.2270627;2025-05-13 02:42:26.227;274.8207106679329;peak;False;;0.0;;640;[320, 100];;;;;0.0
1747096946.5372784;2025-05-13 02:42:26.537;274.77472910233155;peak;False;;0.0;;640;[320, 100];;;;;0.0
1747096946.8439991;2025-05-13 02:42:26.843;274.7333927837747;peak;False;;0.0;;640;[320, 100];;;;;0.0
1747096947.1558886;2025-05-13 02:42:27.155;274.77779076176824;peak;False;;0.0;;640;[320, 100];;;;;0.0
1747096947.4602005;2025-05-13 02:42:27.460;274.90181285034527;peak;False;;0.0;;640;[320, 100];;;;;0.0
1747096947.7689116;2025-05-13 02:42:27.768;274.5782464534237;peak;False;;0.0;;640;[320, 100];;;;;0.0
1747096948.0731184;2025-05-13 02:42:28.073;274.4388770841708;peak;False;;0.0;;640;[320, 100];;;;;0.0
1747096948.3801851;2025-05-13 02:42:28.380;274.99116546261644;peak;False;;0.0;;640;[320, 100];;;;;0.0
1747096948.684534;2025-05-13 02:42:28.684;275.3102173306958;peak;False;;0.0;;640;[320, 100];;;;;0.0
1747096948.9972317;2025-05-13 02:42:28.997;274.9495787960508;peak;False;;0.0;;640;[320, 100];;;;;0.0
1747096949.308995;2025-05-13 02:42:29.308;274.9943084289457;peak;False;;0.0;;640;[320, 100];;;;;0.0
1747096949.6157465;2025-05-13 02:42:29.615;275.23219009312606;peak;False;;0.0;;640;[320, 100];;;;;0.0
1747096949.927901;2025-05-13 02:42:29.927;274.6404276989994;peak;False;;0.0;;640;[320, 100];;;;;0.0
1747096950.2353103;2025-05-13 02:42:30.235;275.0759482164525;peak;False;;0.0;;640;[320, 100];;;;;0.0
1747096950.545606;2025-05-13 02:42:30.545;275.4309772571467;peak;False;;0.0;;640;[320, 100];;;;;0.0
1747096950.8543844;2025-05-13 02:42:30.854;275.0176013260192;peak;False;;0.0;;640;[320, 100];;;;;0.0
1747096951.162324;2025-05-13 02:42:31.162;274.27744123337095;peak;False;;0.0;;640;[320, 100];;;;;0.0
1747096951.4786303;2025-05-13 02:42:31.478;274.8938358077804;peak;False;;0.0;;640;[320, 100];;;;;0.0
1747096951.7847402;2025-05-13 02:42:31.784;274.69385565812047;peak;False;;0.0;;640;[320, 100];;;;;0.0
1747096952.0933416;2025-05-13 02:42:32.093;274.94521136564254;peak;False;;0.0;;640;[320, 100];;;;;0.0
1747096952.399658;2025-05-13 02:42:32.399;275.4008835898615;peak;False;;0.0;;640;[320, 100];;;;;0.0
1747096952.709108;2025-05-13 02:42:32.709;275.17725742095257;peak;False;;0.0;;640;[320, 100];;;;;0.0
1747096953.0122492;2025-05-13 02:42:33.012;275.13653811696275;peak;False;;0.0;;640;[320, 100];;;;;0.0
1747096953.3173122;2025-05-13 02:42:33.317;275.526440902272;peak;False;;0.0;;640;[320, 100];;;;;0.0
1747096953.626399;2025-05-13 02:42:33.626;275.0198705922891;peak;False;;0.0;;640;[320, 100];;;;;0.0
1747096953.934865;2025-05-13 02:42:33.934;275.3141259750214;peak;False;;0.0;;640;[320, 100];;;;;0.0
1747096954.2411158;2025-05-13 02:42:34.241;275.5176529416519;peak;False;;0.0;;640;[320, 100];;;;;0.0
1747096954.546689;2025-05-13 02:42:34.546;275.1920918849156;peak;False;;0.0;;640;[320, 100];;;;;0.0
1747096954.8619936;2025-05-13 02:42:34.861;275.036297095443;peak;False;;0.0;;640;[320, 100];;;;;0.0
1747096955.1727924;2025-05-13 02:42:35.172;275.08216346153847;peak;False;;0.0;;640;[320, 100];;;;;0.0
1747096955.477748;2025-05-13 02:42:35.477;275.55371744926896;peak;False;;0.0;;640;[320, 100];;;;;0.0
1747096955.782917;2025-05-13 02:42:35.782;275.11031065831304;peak;False;;0.0;;640;[320, 100];;;;;0.0
1747096956.0899408;2025-05-13 02:42:36.089;274.86632216038777;peak;False;;0.0;;640;[320, 100];;;;;0.0
1747096956.3966446;2025-05-13 02:42:36.396;275.45393154113185;peak;False;;0.0;;640;[320, 100];;;;;0.0
1747096956.7047935;2025-05-13 02:42:36.704;274.7645160016584;peak;False;;0.0;;640;[320, 100];;;;;0.0
1747096957.0081482;2025-05-13 02:42:37.008;274.98315852962486;peak;False;;0.0;;640;[320, 100];;;;;0.0
1747096957.313337;2025-05-13 02:42:37.313;275.1409547208489;peak;False;;0.0;;640;[320, 100];;;;;0.0
1747096957.6178627;2025-05-13 02:42:37.617;274.98505290416955;peak;False;;0.0;;640;[320, 100];;;;;0.0
1747096957.9257324;2025-05-13 02:42:37.925;275.10574771295455;peak;False;;0.0;;640;[320, 100];;;;;0.0
1747096958.238511;2025-05-13 02:42:38.238;275.67928111988067;peak;False;;0.0;;640;[320, 100];;;;;0.0
1747096958.5733962;2025-05-13 02:42:38.573;274.9763361230162;peak;False;;0.0;;640;[320, 100];;;;;0.0
1747096958.8357902;2025-05-13 02:42:38.835;275.6295736626292;peak;False;;0.0;;640;[320, 100];;;;;0.0
1747096959.0454893;2025-05-13 02:42:39.045;274.72082917422273;peak;False;;0.0;;640;[320, 100];;;;;0.0
1747096959.3533466;2025-05-13 02:42:39.353;275.0837718495957;peak;False;;0.0;;640;[320, 100];;;;;0.0
1747096959.6633513;2025-05-13 02:42:39.663;275.0972102540033;peak;False;;0.0;;640;[320, 100];;;;;0.0
1747096959.9742918;2025-05-13 02:42:39.974;274.6001938273446;peak;False;;0.0;;640;[320, 100];;;;;0.0
1747096960.2821462;2025-05-13 02:42:40.282;274.88201524833556;peak;False;;0.0;;640;[320, 100];;;;;0.0
1747096960.588278;2025-05-13 02:42:40.588;275.04972356065576;peak;False;;0.0;;640;[320, 100];;;;;0.0
1747096960.9045026;2025-05-13 02:42:40.904;275.18536930172195;peak;False;;0.0;;640;[320, 100];;;;;0.0
1747096961.2102065;2025-05-13 02:42:41.210;275.14689885245355;peak;False;;0.0;;640;[320, 100];;;;;0.0
1747096961.5162067;2025-05-13 02:42:41.516;275.35619128351897;peak;False;;0.0;;640;[320, 100];;;;;0.0
1747096961.8233275;2025-05-13 02:42:41.823;275.04173285267234;peak;False;;0.0;;640;[320, 100];;;;;0.0
1747096962.1346838;2025-05-13 02:42:42.134;275.4861529226049;peak;False;;0.0;;640;[320, 100];;;;;0.0
1747096962.4460793;2025-05-13 02:42:42.446;275.5375151466193;peak;False;;0.0;;640;[320, 100];;;;;0.0
1747096962.760112;2025-05-13 02:42:42.760;275.53073683854495;peak;False;;0.0;;640;[320, 100];;;;;0.0
1747096963.0715778;2025-05-13 02:42:43.071;275.5416906859089;peak;False;;0.0;;640;[320, 100];;;;;0.0
1747096963.3744886;2025-05-13 02:42:43.374;275.6723055658436;peak;False;;0.0;;640;[320, 100];;;;;0.0
1747096963.686791;2025-05-13 02:42:43.686;275.51687606601485;peak;False;;0.0;;640;[320, 100];;;;;0.0
1747096963.994983;2025-05-13 02:42:43.994;275.210057200429;peak;False;;0.0;;640;[320, 100];;;;;0.0
1747096964.3118873;2025-05-13 02:42:44.311;275.50891984613787;peak;False;;0.0;;640;[320, 100];;;;;0.0
1747096964.6920269;2025-05-13 02:42:44.692;274.6539112782092;peak;False;;0.0;;640;[320, 100];;;;;0.0
1747096964.9045112;2025-05-13 02:42:44.904;274.96056692592174;peak;False;;0.0;;640;[320, 100];;;;;0.0
1747096965.2155557;2025-05-13 02:42:45.215;274.6272258381432;peak;False;;0.0;;640;[320, 100];;;;;0.0
1747096965.523454;2025-05-13 02:42:45.523;275.0581014654904;peak;False;;0.0;;640;[320, 100];;;;;0.0
1747096965.829014;2025-05-13 02:42:45.829;275.30604687402047;peak;False;;0.0;;640;[320, 100];;;;;0.0
1747096966.1404073;2025-05-13 02:42:46.140;274.9814123524069;peak;False;;0.0;;640;[320, 100];;;;;0.0
1747096966.443696;2025-05-13 02:42:46.443;275.65165769073997;peak;False;;0.0;;640;[320, 100];;;;;0.0
1747096966.7521389;2025-05-13 02:42:46.752;274.9408492450439;peak;False;;0.0;;640;[320, 100];;;;;0.0
1747096967.0582137;2025-05-13 02:42:47.058;274.9423311924804;peak;False;;0.0;;640;[320, 100];;;;;0.0
1747096967.3711545;2025-05-13 02:42:47.371;275.3031668868194;peak;False;;0.0;;640;[320, 100];;;;;0.0
1747096967.6764123;2025-05-13 02:42:47.676;275.34004813493266;peak;False;;0.0;;640;[320, 100];;;;;0.0
1747096967.9873767;2025-05-13 02:42:47.987;275.5601911157025;peak;False;;0.0;;640;[320, 100];;;;;0.0
1747096968.2936049;2025-05-13 02:42:48.293;275.0148343290837;peak;False;;0.0;;640;[320, 100];;;;;0.0
1747096968.5983891;2025-05-13 02:42:48.598;275.3690504615468;peak;False;;0.0;;640;[320, 100];;;;;0.0
1747096968.9080732;2025-05-13 02:42:48.908;275.67892690046324;peak;False;;0.0;;640;[320, 100];;;;;0.0
1747096969.2145364;2025-05-13 02:42:49.214;275.0531850459482;peak;False;;0.0;;640;[320, 100];;;;;0.0
1747096969.522068;2025-05-13 02:42:49.522;275.2328586595179;peak;False;;0.0;;640;[320, 100];;;;;0.0
1747096969.831514;2025-05-13 02:42:49.831;275.4998824680199;peak;False;;0.0;;640;[320, 100];;;;;0.0
1747096970.1432204;2025-05-13 02:42:50.143;275.01725986847936;peak;False;;0.0;;640;[320, 100];;;;;0.0
1747096970.4524255;2025-05-13 02:42:50.452;274.9624518067539;peak;False;;0.0;;640;[320, 100];;;;;0.0
1747096970.7629714;2025-05-13 02:42:50.762;275.14458849600464;peak;False;;0.0;;640;[320, 100];;;;;0.0
1747096971.0705042;2025-05-13 02:42:51.070;275.8808145079646;peak;False;;0.0;;640;[320, 100];;;;;0.0
1747096971.3831367;2025-05-13 02:42:51.383;275.5202121112488;peak;False;;0.0;;640;[320, 100];;;;;0.0
1747096971.6938415;2025-05-13 02:42:51.693;275.68506209728235;peak;False;;0.0;;640;[320, 100];;;;;0.0
1747096971.9984536;2025-05-13 02:42:51.998;275.23268826642135;peak;False;;0.0;;640;[320, 100];;;;;0.0
1747096972.3017201;2025-05-13 02:42:52.301;275.3309301681811;peak;False;;0.0;;640;[320, 100];;;;;0.0
1747096972.6148047;2025-05-13 02:42:52.614;275.1657434979923;peak;False;;0.0;;640;[320, 100];;;;;0.0
1747096972.9200964;2025-05-13 02:42:52.920;274.68590866226594;peak;False;;0.0;;640;[320, 100];;;;;0.0
1747096973.2313395;2025-05-13 02:42:53.231;275.066657830793;peak;False;;0.0;;640;[320, 100];;;;;0.0
1747096973.5381083;2025-05-13 02:42:53.538;275.58897595393466;peak;False;;0.0;;640;[320, 100];;;;;0.0
1747096973.8473804;2025-05-13 02:42:53.847;275.6084129019198;peak;False;;0.0;;640;[320, 100];;;;;0.0
1747096974.1581407;2025-05-13 02:42:54.158;275.009433559112;peak;False;;0.0;;640;[320, 100];;;;;0.0
1747096974.4733531;2025-05-13 02:42:54.473;275.3779358932487;peak;False;;0.0;;640;[320, 100];;;;;0.0
1747096974.7822638;2025-05-13 02:42:54.782;275.1604727800708;peak;False;;0.0;;640;[320, 100];;;;;0.0
1747096975.091836;2025-05-13 02:42:55.091;275.0092828680154;peak;False;;0.0;;640;[320, 100];;;;;0.0
1747096975.397475;2025-05-13 02:42:55.397;275.21509152515586;peak;False;;0.0;;640;[320, 100];;;;;0.0
1747096975.7057443;2025-05-13 02:42:55.705;275.6061941178162;peak;False;;0.0;;640;[320, 100];;;;;0.0
1747096976.018501;2025-05-13 02:42:56.018;275.791440780662;peak;False;;0.0;;640;[320, 100];;;;;0.0
1747096976.3280034;2025-05-13 02:42:56.328;275.3002311808096;peak;False;;0.0;;640;[320, 100];;;;;0.0
1747096976.6380336;2025-05-13 02:42:56.638;275.03884055739474;peak;False;;0.0;;640;[320, 100];;;;;0.0
1747096976.9463577;2025-05-13 02:42:56.946;275.3865386781424;peak;False;;0.0;;640;[320, 100];;;;;0.0
1747096977.2520106;2025-05-13 02:42:57.252;275.5077188173885;peak;False;;0.0;;640;[320, 100];;;;;0.0
1747096977.5607188;2025-05-13 02:42:57.560;275.49457258506476;peak;False;;0.0;;640;[320, 100];;;;;0.0
1747096977.8713527;2025-05-13 02:42:57.871;275.6160487881957;peak;False;;0.0;;640;[320, 100];;;;;0.0
1747096978.1832824;2025-05-13 02:42:58.183;275.60872583471377;peak;False;;0.0;;640;[320, 100];;;;;0.0
1747096978.511238;2025-05-13 02:42:58.511;275.0957392929638;peak;False;;0.0;;640;[320, 100];;;;;0.0
1747096978.7704387;2025-05-13 02:42:58.770;275.4309796948255;peak;False;;0.0;;640;[320, 100];;;;;0.0
1747096979.0824971;2025-05-13 02:42:59.082;275.5266116314106;peak;False;;0.0;;640;[320, 100];;;;;0.0
1747096979.3872674;2025-05-13 02:42:59.387;275.444656368684;peak;False;;0.0;;640;[320, 100];;;;;0.0
1747096979.6986735;2025-05-13 02:42:59.698;275.38871500193136;peak;False;;0.0;;640;[320, 100];;;;;0.0
1747096980.0042846;2025-05-13 02:43:00.004;275.707069194797;peak;False;;0.0;;640;[320, 100];;;;;0.0
1747096980.3137968;2025-05-13 02:43:00.313;275.3633861075453;peak;False;;0.0;;640;[320, 100];;;;;0.0
1747096980.6272085;2025-05-13 02:43:00.627;275.4256059556051;peak;False;;0.0;;640;[320, 100];;;;;0.0
1747096980.9353287;2025-05-13 02:43:00.935;275.55916678029723;peak;False;;0.0;;640;[320, 100];;;;;0.0
1747096981.2399998;2025-05-13 02:43:01.240;274.72960460514173;peak;False;;0.0;;640;[320, 100];;;;;0.0
1747096981.5478117;2025-05-13 02:43:01.547;275.59595583287654;peak;False;;0.0;;640;[320, 100];;;;;0.0
1747096981.8545358;2025-05-13 02:43:01.854;275.7507640215713;peak;False;;0.0;;640;[320, 100];;;;;0.0
1747096982.1593251;2025-05-13 02:43:02.159;275.7021478284216;peak;False;;0.0;;640;[320, 100];;;;;0.0
1747096982.4711545;2025-05-13 02:43:02.471;275.5581041162836;peak;False;;0.0;;640;[320, 100];;;;;0.0
1747096982.7789829;2025-05-13 02:43:02.778;275.2140730345923;peak;False;;0.0;;640;[320, 100];;;;;0.0
1747096983.0880296;2025-05-13 02:43:03.088;275.7164368641236;peak;False;;0.0;;640;[320, 100];;;;;0.0
1747096983.3997142;2025-05-13 02:43:03.399;275.91409355674284;peak;False;;0.0;;640;[320, 100];;;;;0.0
1747096983.7087266;2025-05-13 02:43:03.708;275.6147850768902;peak;False;;0.0;;640;[320, 100];;;;;0.0
1747096984.0188355;2025-05-13 02:43:04.018;275.80056708376856;peak;False;;0.0;;640;[320, 100];;;;;0.0
1747096984.3250065;2025-05-13 02:43:04.325;275.3843221895665;peak;False;;0.0;;640;[320, 100];;;;;0.0
1747096984.6312644;2025-05-13 02:43:04.631;275.7054363122432;peak;False;;0.0;;640;[320, 100];;;;;0.0
1747096984.9349608;2025-05-13 02:43:04.934;275.1816330239108;peak;False;;0.0;;640;[320, 100];;;;;0.0
1747096985.2447782;2025-05-13 02:43:05.244;275.5783191552231;peak;False;;0.0;;640;[320, 100];;;;;0.0
1747096985.5554826;2025-05-13 02:43:05.555;275.60734295848346;peak;False;;0.0;;640;[320, 100];;;;;0.0
1747096985.8617654;2025-05-13 02:43:05.861;275.6485690692975;peak;False;;0.0;;640;[320, 100];;;;;0.0
1747096986.2399433;2025-05-13 02:43:06.239;275.4629289376104;peak;False;;0.0;;640;[320, 100];;;;;0.0
1747096986.4496305;2025-05-13 02:43:06.449;275.3280817071779;peak;False;;0.0;;640;[320, 100];;;;;0.0
1747096986.758417;2025-05-13 02:43:06.758;275.3353821163433;peak;False;;0.0;;640;[320, 100];;;;;0.0
1747096987.0687494;2025-05-13 02:43:07.068;275.710363489689;peak;False;;0.0;;640;[320, 100];;;;;0.0
1747096987.3759665;2025-05-13 02:43:07.375;275.38270023854244;peak;False;;0.0;;640;[320, 100];;;;;0.0
1747096987.6842222;2025-05-13 02:43:07.684;275.55040811711007;peak;False;;0.0;;640;[320, 100];;;;;0.0
1747096987.9911733;2025-05-13 02:43:07.991;275.9384346268321;peak;False;;0.0;;640;[320, 100];;;;;0.0
1747096988.2956944;2025-05-13 02:43:08.295;275.6635441078093;peak;False;;0.0;;640;[320, 100];;;;;0.0
1747096988.6088903;2025-05-13 02:43:08.608;275.58792146820315;peak;False;;0.0;;640;[320, 100];;;;;0.0
1747096988.9174361;2025-05-13 02:43:08.917;275.39592466943327;peak;False;;0.0;;640;[320, 100];;;;;0.0
1747096989.2221813;2025-05-13 02:43:09.222;275.454701839616;peak;False;;0.0;;640;[320, 100];;;;;0.0
1747096989.527911;2025-05-13 02:43:09.527;275.23811332145397;peak;False;;0.0;;640;[320, 100];;;;;0.0
1747096989.8307588;2025-05-13 02:43:09.830;275.5474363558209;peak;False;;0.0;;640;[320, 100];;;;;0.0
1747096990.1447535;2025-05-13 02:43:10.144;275.20453573289575;peak;False;;0.0;;640;[320, 100];;;;;0.0
1747096990.4528923;2025-05-13 02:43:10.452;275.500627873821;peak;False;;0.0;;640;[320, 100];;;;;0.0
1747096990.7591765;2025-05-13 02:43:10.759;275.3030374160837;peak;False;;0.0;;640;[320, 100];;;;;0.0
1747096991.068596;2025-05-13 02:43:11.068;275.16495041421985;peak;False;;0.0;;640;[320, 100];;;;;0.0
1747096991.3762178;2025-05-13 02:43:11.376;274.87245336631526;peak;False;;0.0;;640;[320, 100];;;;;0.0
1747096991.6828034;2025-05-13 02:43:11.682;275.0812502553626;peak;False;;0.0;;640;[320, 100];;;;;0.0
1747096991.9871643;2025-05-13 02:43:11.987;275.7728643713761;peak;False;;0.0;;640;[320, 100];;;;;0.0
1747096992.291865;2025-05-13 02:43:12.291;275.4980187764095;peak;False;;0.0;;640;[320, 100];;;;;0.0
1747096992.5992842;2025-05-13 02:43:12.599;275.74720918703946;peak;False;;0.0;;640;[320, 100];;;;;0.0
1747096992.9062865;2025-05-13 02:43:12.906;275.7366071872854;peak;False;;0.0;;640;[320, 100];;;;;0.0
1747096993.2131963;2025-05-13 02:43:13.213;275.87516115169745;peak;False;;0.0;;640;[320, 100];;;;;0.0
1747096993.5170288;2025-05-13 02:43:13.517;275.3553408737159;peak;False;;0.0;;640;[320, 100];;;;;0.0
1747096993.823928;2025-05-13 02:43:13.823;275.53484363167723;peak;False;;0.0;;640;[320, 100];;;;;0.0
1747096994.1291604;2025-05-13 02:43:14.129;275.68812538610564;peak;False;;0.0;;640;[320, 100];;;;;0.0
1747096994.4372442;2025-05-13 02:43:14.437;275.68897672783976;peak;False;;0.0;;640;[320, 100];;;;;0.0
1747096994.746595;2025-05-13 02:43:14.746;275.4765617550946;peak;False;;0.0;;640;[320, 100];;;;;0.0
1747096995.0523028;2025-05-13 02:43:15.052;275.59126289081684;peak;False;;0.0;;640;[320, 100];;;;;0.0
1747096995.355889;2025-05-13 02:43:15.355;275.3663953483102;peak;False;;0.0;;640;[320, 100];;;;;0.0
1747096995.663051;2025-05-13 02:43:15.663;276.1883218591775;peak;False;;0.0;;640;[320, 100];;;;;0.0
1747096995.970474;2025-05-13 02:43:15.970;275.57175544318994;peak;False;;0.0;;640;[320, 100];;;;;0.0
1747096996.2769363;2025-05-13 02:43:16.276;275.24120213161484;peak;False;;0.0;;640;[320, 100];;;;;0.0
1747096996.582643;2025-05-13 02:43:16.582;275.4287452751191;peak;False;;0.0;;640;[320, 100];;;;;0.0
1747096996.8905075;2025-05-13 02:43:16.890;275.73483383058476;peak;False;;0.0;;640;[320, 100];;;;;0.0
1747096997.1970959;2025-05-13 02:43:17.197;275.9163133061985;peak;False;;0.0;;640;[320, 100];;;;;0.0
1747096997.5019693;2025-05-13 02:43:17.501;275.82475558255777;peak;False;;0.0;;640;[320, 100];;;;;0.0
1747096997.8074906;2025-05-13 02:43:17.807;275.87321973371576;peak;False;;0.0;;640;[320, 100];;;;;0.0
1747096998.1167517;2025-05-13 02:43:18.116;275.5137500565381;peak;False;;0.0;;640;[320, 100];;;;;0.0
1747096998.422259;2025-05-13 02:43:18.422;275.8085169513391;peak;False;;0.0;;640;[320, 100];;;;;0.0
1747096998.7291813;2025-05-13 02:43:18.729;275.85742108405316;peak;False;;0.0;;640;[320, 100];;;;;0.0
1747096999.043979;2025-05-13 02:43:19.043;275.321491741897;peak;False;;0.0;;640;[320, 100];;;;;0.0
1747096999.3541956;2025-05-13 02:43:19.354;275.4783410437917;peak;False;;0.0;;640;[320, 100];;;;;0.0
1747096999.6626384;2025-05-13 02:43:19.662;275.9034621774452;peak;False;;0.0;;640;[320, 100];;;;;0.0
1747096999.97227;2025-05-13 02:43:19.972;275.0387165320867;peak;False;;0.0;;640;[320, 100];;;;;0.0
1747097000.280391;2025-05-13 02:43:20.280;275.6681655562707;peak;False;;0.0;;640;[320, 100];;;;;0.0
1747097000.5850604;2025-05-13 02:43:20.585;275.30573660575067;peak;False;;0.0;;640;[320, 100];;;;;0.0
1747097000.8950822;2025-05-13 02:43:20.895;275.42036074119795;peak;False;;0.0;;640;[320, 100];;;;;0.0
1747097001.2027347;2025-05-13 02:43:21.202;275.6874341061022;peak;False;;0.0;;640;[320, 100];;;;;0.0
1747097001.5098116;2025-05-13 02:43:21.509;276.26111191684794;peak;False;;0.0;;640;[320, 100];;;;;0.0
1747097001.819828;2025-05-13 02:43:21.819;275.656750610915;peak;False;;0.0;;640;[320, 100];;;;;0.0
1747097002.1328764;2025-05-13 02:43:22.132;275.9454885555595;peak;False;;0.0;;640;[320, 100];;;;;0.0
1747097002.438851;2025-05-13 02:43:22.438;275.55792988078514;peak;False;;0.0;;640;[320, 100];;;;;0.0
1747097002.7469518;2025-05-13 02:43:22.746;275.99007864151395;peak;False;;0.0;;640;[320, 100];;;;;0.0
1747097003.0576406;2025-05-13 02:43:23.057;275.404234309149;peak;False;;0.0;;640;[320, 100];;;;;0.0
1747097003.3707304;2025-05-13 02:43:23.370;275.9803936983114;peak;False;;0.0;;640;[320, 100];;;;;0.0
1747097003.6796238;2025-05-13 02:43:23.679;275.56853094834446;peak;False;;0.0;;640;[320, 100];;;;;0.0
1747097003.988568;2025-05-13 02:43:23.988;275.8461571486029;peak;False;;0.0;;640;[320, 100];;;;;0.0
1747097004.3079782;2025-05-13 02:43:24.307;276.0714367353003;peak;False;;0.0;;640;[320, 100];;;;;0.0
1747097004.6886413;2025-05-13 02:43:24.688;275.8291474820887;peak;False;;0.0;;640;[320, 100];;;;;0.0
1747097004.8986707;2025-05-13 02:43:24.898;275.7158296462653;peak;False;;0.0;;640;[320, 100];;;;;0.0
1747097005.2089121;2025-05-13 02:43:25.208;276.0839890257791;peak;False;;0.0;;640;[320, 100];;;;;0.0
1747097005.515609;2025-05-13 02:43:25.515;275.720290831036;peak;False;;0.0;;640;[320, 100];;;;;0.0
1747097005.8220134;2025-05-13 02:43:25.822;275.5011708364163;peak;False;;0.0;;640;[320, 100];;;;;0.0
1747097006.1272771;2025-05-13 02:43:26.127;275.6819373806392;peak;False;;0.0;;640;[320, 100];;;;;0.0
1747097006.4354575;2025-05-13 02:43:26.435;275.81797822002096;peak;False;;0.0;;640;[320, 100];;;;;0.0
1747097006.7439587;2025-05-13 02:43:26.743;275.70204055287644;peak;False;;0.0;;640;[320, 100];;;;;0.0
1747097007.0525851;2025-05-13 02:43:27.052;276.1020861345394;peak;False;;0.0;;640;[320, 100];;;;;0.0
1747097007.3601828;2025-05-13 02:43:27.360;275.9966737760416;peak;False;;0.0;;640;[320, 100];;;;;0.0
1747097007.665272;2025-05-13 02:43:27.665;275.66637775553056;peak;False;;0.0;;640;[320, 100];;;;;0.0
1747097007.9789991;2025-05-13 02:43:27.978;275.289774074633;peak;False;;0.0;;640;[320, 100];;;;;0.0
1747097008.2927496;2025-05-13 02:43:28.292;275.8935962768447;peak;False;;0.0;;640;[320, 100];;;;;0.0
1747097008.607441;2025-05-13 02:43:28.607;275.31494969290446;peak;False;;0.0;;640;[320, 100];;;;;0.0
1747097008.913125;2025-05-13 02:43:28.913;275.65226664143836;peak;False;;0.0;;640;[320, 100];;;;;0.0
1747097009.2255106;2025-05-13 02:43:29.225;275.9612011475157;peak;False;;0.0;;640;[320, 100];;;;;0.0
1747097009.5379045;2025-05-13 02:43:29.537;276.15111162472334;peak;False;;0.0;;640;[320, 100];;;;;0.0
1747097009.8436077;2025-05-13 02:43:29.843;275.94105722012523;peak;False;;0.0;;640;[320, 100];;;;;0.0
1747097010.1524844;2025-05-13 02:43:30.152;275.61772116248267;peak;False;;0.0;;640;[320, 100];;;;;0.0
1747097010.4577568;2025-05-13 02:43:30.457;275.8349149283057;peak;False;;0.0;;640;[320, 100];;;;;0.0
1747097010.7667212;2025-05-13 02:43:30.766;275.87103633585474;peak;False;;0.0;;640;[320, 100];;;;;0.0
1747097011.0725858;2025-05-13 02:43:31.072;275.4526770879251;peak;False;;0.0;;640;[320, 100];;;;;0.0
1747097011.3827002;2025-05-13 02:43:31.382;275.78664985461;peak;False;;0.0;;640;[320, 100];;;;;0.0
1747097011.6921449;2025-05-13 02:43:31.692;276.36000497656863;peak;False;;0.0;;640;[320, 100];;;;;0.0
1747097011.9989529;2025-05-13 02:43:31.998;276.4162562021156;peak;False;;0.0;;640;[320, 100];;;;;0.0
1747097012.3060923;2025-05-13 02:43:32.306;275.86333910536445;peak;False;;0.0;;640;[320, 100];;;;;0.0
1747097012.6128385;2025-05-13 02:43:32.612;275.735583915242;peak;False;;0.0;;640;[320, 100];;;;;0.0
1747097012.921157;2025-05-13 02:43:32.921;275.1269087370986;peak;False;;0.0;;640;[320, 100];;;;;0.0
1747097013.2262354;2025-05-13 02:43:33.226;276.44626709154755;peak;False;;0.0;;640;[320, 100];;;;;0.0
1747097013.5302713;2025-05-13 02:43:33.530;276.1345198075583;peak;False;;0.0;;640;[320, 100];;;;;0.0
1747097013.8404334;2025-05-13 02:43:33.840;276.3903832320476;peak;False;;0.0;;640;[320, 100];;;;;0.0
1747097014.149895;2025-05-13 02:43:34.149;276.1469767240258;peak;False;;0.0;;640;[320, 100];;;;;0.0
1747097014.4570866;2025-05-13 02:43:34.457;275.5571232936583;peak;False;;0.0;;640;[320, 100];;;;;0.0
1747097014.7649665;2025-05-13 02:43:34.764;275.8921955181765;peak;False;;0.0;;640;[320, 100];;;;;0.0
1747097015.0689592;2025-05-13 02:43:35.068;276.22903205485864;peak;False;;0.0;;640;[320, 100];;;;;0.0
1747097015.3770833;2025-05-13 02:43:35.377;275.77264758760566;peak;False;;0.0;;640;[320, 100];;;;;0.0
1747097015.6873415;2025-05-13 02:43:35.687;275.9634928152778;peak;False;;0.0;;640;[320, 100];;;;;0.0
1747097015.9958334;2025-05-13 02:43:35.995;275.7591042299947;peak;False;;0.0;;640;[320, 100];;;;;0.0
1747097016.3029966;2025-05-13 02:43:36.302;276.11896927049054;peak;False;;0.0;;640;[320, 100];;;;;0.0
1747097016.610278;2025-05-13 02:43:36.610;275.78557232185176;peak;False;;0.0;;640;[320, 100];;;;;0.0
1747097016.916113;2025-05-13 02:43:36.916;275.8969258549691;peak;False;;0.0;;640;[320, 100];;;;;0.0
1747097017.2247572;2025-05-13 02:43:37.224;275.83347250565566;peak;False;;0.0;;640;[320, 100];;;;;0.0
1747097017.5325916;2025-05-13 02:43:37.532;276.0779828584317;peak;False;;0.0;;640;[320, 100];;;;;0.0
1747097017.8393314;2025-05-13 02:43:37.839;276.11693256087733;peak;False;;0.0;;640;[320, 100];;;;;0.0
1747097018.1451142;2025-05-13 02:43:38.145;275.99229943019424;peak;False;;0.0;;640;[320, 100];;;;;0.0
1747097018.4518738;2025-05-13 02:43:38.451;276.0278301091243;peak;False;;0.0;;640;[320, 100];;;;;0.0
1747097018.7614732;2025-05-13 02:43:38.761;275.5307890789791;peak;False;;0.0;;640;[320, 100];;;;;0.0
1747097019.0683286;2025-05-13 02:43:39.068;276.1464662727482;peak;False;;0.0;;640;[320, 100];;;;;0.0
1747097019.3775659;2025-05-13 02:43:39.377;276.20674753671256;peak;False;;0.0;;640;[320, 100];;;;;0.0
1747097019.6851707;2025-05-13 02:43:39.685;276.23516167676013;peak;False;;0.0;;640;[320, 100];;;;;0.0
